zona,speciesKey,registros,binomio,kingdom,class,family,invasora,habitat,nombre_comun
Gran Santiago,1340503,386,Bombus terrestris,Animalia,Insecta,Apidae,True,terrestrial,abejorro europeo
Gran Santiago,3117424,92,Bellis perennis,Plantae,Magnoliopsida,Asteraceae,True,terrestrial,
Gran Santiago,3190653,86,Ailanthus altissima,Plantae,Magnoliopsida,Simaroubaceae,False,terrestrial,árbol del cielo
Gran Santiago,2979474,69,Acacia dealbata,Plantae,Magnoliopsida,Fabaceae,True,terrestrial,aromo australiano
Gran Santiago,5371743,31,Anthriscus caucalis,Plantae,Magnoliopsida,Apiaceae,True,terrestrial,
Gran Santiago,2979000,24,Acacia melanoxylon,Plantae,Magnoliopsida,Fabaceae,False,terrestrial,aromo negro
Gran Santiago,3974754,22,Acacia karroo,Plantae,Magnoliopsida,Fabaceae,False,terrestrial,
Gran Santiago,8184903,19,Anagallis arvensis,Plantae,Magnoliopsida,Primulaceae,True,terrestrial,
Gran Santiago,5384396,13,Amaranthus deflexus,Plantae,Magnoliopsida,Amaranthaceae,False,terrestrial,
Gran Santiago,2703041,10,Arundo donax,Plantae,Liliopsida,Poaceae,True,terrestrial,
Gran Santiago,5325855,10,Amaryllis belladonna,Plantae,Liliopsida,Amaryllidaceae,False,terrestrial,
Gran Santiago,2441022,9,Bos taurus,Animalia,Mammalia,Bovidae,True,terrestrial,
Gran Santiago,5391802,6,Bidens aurea,Plantae,Magnoliopsida,Asteraceae,False,terrestrial,
Gran Santiago,8971274,6,Beta vulgaris,Plantae,Magnoliopsida,Chenopodiaceae,False,terrestrial,
Gran Santiago,8035698,5,Anthemis cotula,Plantae,Magnoliopsida,Asteraceae,True,terrestrial,
Gran Santiago,3120060,4,Achillea millefolium,Plantae,Magnoliopsida,Asteraceae,True,terrestrial,
Gran Santiago,2926110,3,Borago officinalis,Plantae,Magnoliopsida,Boraginaceae,True,terrestrial,
Gran Santiago,3121319,3,Artemisia absinthium,Plantae,Magnoliopsida,Asteraceae,False,terrestrial,
Gran Santiago,3631293,3,Apium nodiflorum,Plantae,Magnoliopsida,Apiaceae,True,terrestrial,
Gran Santiago,2705300,2,Avena barbata,Plantae,Liliopsida,Poaceae,False,terrestrial,teatina
Gran Santiago,3152493,2,Anoda cristata,Plantae,Magnoliopsida,Malvaceae,True,terrestrial,
Gran Santiago,3152633,2,Abutilon grandifolium,Plantae,Magnoliopsida,Malvaceae,False,terrestrial,
Gran Santiago,5384390,2,Amaranthus cruentus,Plantae,Magnoliopsida,Amaranthaceae,False,terrestrial,
Gran Santiago,2705290,1,Avena sativa,Plantae,Liliopsida,Poaceae,False,terrestrial,
Gran Santiago,2778437,1,Asphodelus fistulosus,Plantae,Liliopsida,Xanthorrhoeaceae,True,terrestrial,
Gran Santiago,2865100,1,Alisma plantago-aquatica,Plantae,Liliopsida,Alismataceae,False,freshwater,
Gran Santiago,3083771,1,Atriplex suberecta,Plantae,Magnoliopsida,Chenopodiaceae,False,terrestrial,
Gran Santiago,7747216,1,Aira caryophyllea,Plantae,Liliopsida,Poaceae,False,terrestrial,
Gran Santiago,2495414,342,Columba livia,Animalia,Aves,Columbidae,False,terrestrial,paloma doméstica
Gran Santiago,5228080,214,Callipepla californica,Animalia,Aves,Odontophoridae,False,terrestrial,codorniz de California
Gran Santiago,5858758,77,Cornu aspersum,Animalia,Gastropoda,Helicidae,True,terrestrial,caracol de jardín
Gran Santiago,3034807,74,Conium maculatum,Plantae,Magnoliopsida,Apiaceae,False,terrestrial,cicuta
Gran Santiago,5392252,57,Cichorium intybus,Plantae,Magnoliopsida,Asteraceae,True,terrestrial,chicoria
Gran Santiago,2928390,51,Convolvulus arvensis,Plantae,Magnoliopsida,Convolvulaceae,False,terrestrial,
Gran Santiago,5375388,51,Capsella bursa-pastoris,Plantae,Magnoliopsida,Brassicaceae,True,terrestrial,
Gran Santiago,3112364,47,Cynara cardunculus,Plantae,Magnoliopsida,Asteraceae,False,terrestrial,
Gran Santiago,3128888,34,Centaurea solstitialis,Plantae,Magnoliopsida,Asteraceae,True,terrestrial,
Gran Santiago,9751099,33,Cairina moschata,Animalia,Aves,Anatidae,False,terrestrial|freshwater,
Gran Santiago,5219173,32,Canis lupus,Animalia,Mammalia,Canidae,False,terrestrial,
Gran Santiago,3114667,29,Carduus pycnocephalus,Plantae,Magnoliopsida,Asteraceae,True,terrestrial,
Gran Santiago,3128091,23,Centaurea melitensis,Plantae,Magnoliopsida,Asteraceae,True,terrestrial,
Gran Santiago,2480830,22,Bubulcus ibis,Animalia,Aves,Ardeidae,True,terrestrial|freshwater,garza boyera
Gran Santiago,3112801,20,Cirsium vulgare,Plantae,Magnoliopsida,Asteraceae,True,terrestrial,
Gran Santiago,3083838,19,Chenopodium album,Plantae,Magnoliopsida,Chenopodiaceae,True,terrestrial,
Gran Santiago,3103791,19,Chamomilla suaveolens,Plantae,Magnoliopsida,Asteraceae,True,terrestrial,
Gran Santiago,4064467,17,Cynoglossum creticum,Plantae,Magnoliopsida,Boraginaceae,False,terrestrial,
Gran Santiago,8200663,16,Cymbalaria muralis,Plantae,Magnoliopsida,Plantaginaceae,False,terrestrial,
Gran Santiago,2370771,14,Cichlasoma facetum,Animalia,Actinopterygii,Cichlidae,True,freshwater,
Gran Santiago,8370958,14,Chamomilla recutita,Plantae,Magnoliopsida,Asteraceae,True,terrestrial,
Gran Santiago,8542672,13,Cotula australis,Plantae,Magnoliopsida,Asteraceae,False,terrestrial,
Gran Santiago,8149099,12,Chenopodium murale,Plantae,Liliopsida,Chenopodiaceae,True,terrestrial,
Gran Santiago,6109637,11,Cynodon dactylon,Plantae,Liliopsida,Poaceae,True,terrestrial,
Gran Santiago,1626096,10,Ceratitis capitata,Animalia,Insecta,Tephritidae,False,terrestrial,
Gran Santiago,5391480,9,Calendula officinalis,Plantae,Magnoliopsida,Asteraceae,True,terrestrial,
Gran Santiago,8185959,8,Carduus nutans,Plantae,Magnoliopsida,Asteraceae,True,terrestrial,
Gran Santiago,3083932,7,Chenopodium vulvaria,Plantae,Magnoliopsida,Chenopodiaceae,True,terrestrial,
Gran Santiago,2441056,5,Capra hircus,Animalia,Mammalia,Bovidae,True,terrestrial,
Gran Santiago,2928441,5,Calystegia sepium,Plantae,Magnoliopsida,Solanaceae,False,terrestrial,
Gran Santiago,3128483,5,Centaurea calcitrapa,Plantae,Magnoliopsida,Asteraceae,True,terrestrial,
Gran Santiago,3112110,4,Cotula coronopifolia,Plantae,Magnoliopsida,Asteraceae,False,terrestrial,
Gran Santiago,2703723,3,Bromus catharticus,Plantae,Liliopsida,Poaceae,False,terrestrial,
Gran Santiago,7903057,3,Brassica rapa,Plantae,Magnoliopsida,Brassicaceae,True,terrestrial,yuyo
Gran Santiago,2747939,2,Crocosmia crocosmiiflora,Plantae,Liliopsida,Iridaceae,False,terrestrial,
Gran Santiago,2891930,2,Casuarina equisetifolia,Plantae,Magnoliopsida,Casuarinaceae,False,terrestrial,
Gran Santiago,3083862,2,Chenopodium ficifolium,Plantae,Magnoliopsida,Chenopodiaceae,True,terrestrial,
Gran Santiago,4286942,2,Carassius auratus,Animalia,Actinopterygii,Cyprinidae,True,freshwater,
Gran Santiago,5362055,2,Crassula tillaea,Plantae,Magnoliopsida,Crassulaceae,False,terrestrial,
Gran Santiago,7627205,2,Chrysanthemum coronarium,Plantae,Magnoliopsida,Asteraceae,True,terrestrial,
Gran Santiago,1652950,1,Culex quinquefasciatus,Animalia,Insecta,Culicidae,False,terrestrial|freshwater,
Gran Santiago,2350394,1,Cnesterodon decemmaculatus,Animalia,Actinopterygii,Poeciliidae,False,freshwater|brackish,
Gran Santiago,2703746,1,Bromus tectorum,Plantae,Liliopsida,Poaceae,True,terrestrial,
Gran Santiago,2714156,1,Cyperus alternifolius,Plantae,Liliopsida,Cyperaceae,False,terrestrial|freshwater,
Gran Santiago,3089561,1,Centaurea cyanus,Plantae,Magnoliopsida,Asteraceae,False,terrestrial,
Gran Santiago,3138230,1,Carthamus lanatus,Plantae,Magnoliopsida,Asteraceae,True,terrestrial,
Gran Santiago,7647071,1,Bromus erectus,Plantae,Liliopsida,Poaceae,False,terrestrial,
Gran Santiago,2888380,366,Eschscholzia californica,Plantae,Magnoliopsida,Papaveraceae,True,terrestrial,amapola de California
Gran Santiago,4989904,358,Harmonia axyridis,Animalia,Insecta,Coccinellidae,False,terrestrial,chinita asiática
Gran Santiago,2928751,87,Datura stramonium,Plantae,Magnoliopsida,Solanaceae,False,terrestrial,
Gran Santiago,3066386,55,Euphorbia peplus,Plantae,Magnoliopsida,Euphorbiaceae,False,terrestrial,
Gran Santiago,5531376,55,Fumaria agraria,Plantae,Magnoliopsida,Papaveraceae,False,terrestrial,
Gran Santiago,9485490,54,Erodium cicutarium,Plantae,Magnoliopsida,Geraniaceae,False,terrestrial,alfilerillo
Gran Santiago,2975667,48,Galega officinalis,Plantae,Magnoliopsida,Fabaceae,False,terrestrial,galega
Gran Santiago,2435035,37,Felis catus,Animalia,Mammalia,Felidae,True,terrestrial,
Gran Santiago,3050595,23,Hirschfeldia incana,Plantae,Magnoliopsida,Brassicaceae,False,terrestrial,
Gran Santiago,9419993,23,Erodium moschatum,Plantae,Magnoliopsida,Geraniaceae,False,terrestrial,
Gran Santiago,3066367,21,Euphorbia helioscopia,Plantae,Magnoliopsida,Euphorbiaceae,False,terrestrial,
Gran Santiago,5334218,21,Fumaria capreolata,Plantae,Magnoliopsida,Papaveraceae,False,terrestrial,flor de la culebra
Gran Santiago,3034922,18,Foeniculum vulgare,Plantae,Magnoliopsida,Apiaceae,False,terrestrial,hinojo
Gran Santiago,9297163,17,Erodium malacoides,Plantae,Magnoliopsida,Geraniaceae,False,terrestrial,
Gran Santiago,2765942,16,Eichhornia crassipes,Plantae,Liliopsida,Pontederiaceae,False,freshwater,
Gran Santiago,2913548,16,Galium aparine,Plantae,Magnoliopsida,Rubiaceae,False,terrestrial,
Gran Santiago,4286975,14,Cyprinus carpio,Animalia,Actinopterygii,Cyprinidae,True,freshwater,
Gran Santiago,3176787,12,Eucalyptus globulus,Plantae,Magnoliopsida,Myrtaceae,True,terrestrial,
Gran Santiago,2440886,8,Equus caballus,Animalia,Mammalia,Equidae,False,terrestrial,
Gran Santiago,2715482,7,Cyperus eragrostis,Plantae,Liliopsida,Cyperaceae,False,terrestrial|freshwater,
Gran Santiago,2350570,4,Gambusia holbrooki,Animalia,Actinopterygii,Poeciliidae,True,freshwater|brackish,
Gran Santiago,5289972,4,Digitaria sanguinalis,Plantae,Liliopsida,Poaceae,True,terrestrial,
Gran Santiago,5334215,4,Fumaria parviflora,Plantae,Magnoliopsida,Papaveraceae,False,terrestrial,
Gran Santiago,5365717,4,Duchesnea indica,Plantae,Magnoliopsida,Rosaceae,False,terrestrial,
Gran Santiago,11869920,3,Eucalyptus camaldulensis,Plantae,Magnoliopsida,Myrtaceae,False,terrestrial,
Gran Santiago,2890541,3,Geranium purpureum,Plantae,Magnoliopsida,Geraniaceae,False,terrestrial,
Gran Santiago,3034742,3,Daucus carota,Plantae,Magnoliopsida,Apiaceae,False,terrestrial,
Gran Santiago,3066965,3,Euphorbia lathyris,Plantae,Magnoliopsida,Euphorbiaceae,False,terrestrial,
Gran Santiago,3147168,3,Erigeron karvinskianus,Plantae,Magnoliopsida,Asteraceae,True,terrestrial,
Gran Santiago,2888816,2,Dipsacus sativus,Plantae,Magnoliopsida,Dipsacaceae,False,terrestrial,
Gran Santiago,2925892,2,Echium vulgare,Plantae,Magnoliopsida,Boraginaceae,False,terrestrial,
Gran Santiago,3119175,2,Helianthus tuberosus,Plantae,Magnoliopsida,Asteraceae,False,terrestrial,
Gran Santiago,3132570,2,Galinsoga parviflora,Plantae,Magnoliopsida,Asteraceae,False,terrestrial,
Gran Santiago,3172358,2,Fraxinus excelsior,Plantae,Magnoliopsida,Oleaceae,False,terrestrial,
Gran Santiago,5375920,2,Eruca vesicaria,Plantae,Magnoliopsida,Brassicaceae,False,terrestrial,
Gran Santiago,7894250,2,Datura ferox,Plantae,Magnoliopsida,Solanaceae,False,terrestrial,
Gran Santiago,2440891,1,Equus asinus,Animalia,Mammalia,Equidae,False,terrestrial,
Gran Santiago,2714818,1,Cyperus rotundus,Plantae,Liliopsida,Cyperaceae,True,terrestrial|freshwater,
Gran Santiago,5414995,1,Digitalis purpurea,Plantae,Magnoliopsida,Plantaginaceae,False,terrestrial,
Gran Santiago,5554961,1,Galenia pubescens,Plantae,Magnoliopsida,Aizoaceae,False,terrestrial,
Gran Santiago,1316908,94,Linepithema humile,Animalia,Insecta,Formicidae,False,terrestrial,hormiga argentina
Gran Santiago,2927069,34,Marrubium vulgare,Plantae,Magnoliopsida,Lamiaceae,True,terrestrial,
Gran Santiago,2926679,21,Lamium amplexicaule,Plantae,Magnoliopsida,Lamiaceae,False,terrestrial,
Gran Santiago,7886346,19,Hordeum murinum,Plantae,Liliopsida,Poaceae,False,terrestrial,
Gran Santiago,8338793,19,Modiola caroliniana,Plantae,Magnoliopsida,Malvaceae,False,terrestrial,
Gran Santiago,3140490,18,Lactuca serriola,Plantae,Magnoliopsida,Asteraceae,False,terrestrial,
Gran Santiago,5289762,18,Lamarckia aurea,Plantae,Liliopsida,Poaceae,False,terrestrial,
Gran Santiago,2965201,17,Medicago lupulina,Plantae,Magnoliopsida,Fabaceae,True,terrestrial,
Gran Santiago,2971016,17,Melilotus indicus,Plantae,Magnoliopsida,Fabaceae,False,terrestrial,trébol de olor
Gran Santiago,5373358,17,Lobularia maritima,Plantae,Magnoliopsida,Brassicaceae,False,terrestrial,
Gran Santiago,9151957,17,Medicago sativa,Plantae,Magnoliopsida,Fabaceae,False,terrestrial,
Gran Santiago,3086240,15,Mirabilis jalapa,Plantae,Magnoliopsida,Nyctaginaceae,False,terrestrial,
Gran Santiago,3152378,12,Malva parviflora,Plantae,Magnoliopsida,Malvaceae,True,terrestrial,
Gran Santiago,5341501,9,Melissa officinalis,Plantae,Magnoliopsida,Lamiaceae,True,terrestrial,
Gran Santiago,2965531,8,Medicago polymorpha,Plantae,Magnoliopsida,Fabaceae,False,terrestrial,hualputra
Gran Santiago,2971095,8,Melilotus albus,Plantae,Magnoliopsida,Fabaceae,True,terrestrial,
Gran Santiago,2928576,7,Ipomoea purpurea,Plantae,Magnoliopsida,Convolvulaceae,False,terrestrial,
Gran Santiago,3140346,7,Lactuca virosa,Plantae,Magnoliopsida,Asteraceae,False,terrestrial,
Gran Santiago,3152374,7,Malva sylvestris,Plantae,Magnoliopsida,Malvaceae,True,terrestrial,
Gran Santiago,2927189,6,Mentha pulegium,Plantae,Magnoliopsida,Lamiaceae,True,terrestrial,
Gran Santiago,5357013,6,Lotus corniculatus,Plantae,Magnoliopsida,Fabaceae,True,terrestrial,
Gran Santiago,3152373,5,Malva neglecta,Plantae,Magnoliopsida,Malvaceae,False,terrestrial,
Gran Santiago,3935079,4,Malva dendromorpha,Plantae,Magnoliopsida,Malvaceae,False,terrestrial,
Gran Santiago,2080592,3,Icerya purchasi,Animalia,Insecta,Margarodidae,True,host,
Gran Santiago,2873861,3,Linum usitatissimum,Plantae,Magnoliopsida,Linaceae,False,terrestrial,
Gran Santiago,2873896,3,Linum bienne,Plantae,Magnoliopsida,Linaceae,False,terrestrial,
Gran Santiago,3093702,3,Hypochaeris radicata,Plantae,Magnoliopsida,Asteraceae,False,terrestrial,
Gran Santiago,3170819,3,Kickxia elatine,Plantae,Magnoliopsida,Plantaginaceae,False,terrestrial,
Gran Santiago,3084837,2,Mesembryanthemum nodiflorum,Plantae,Magnoliopsida,Aizoaceae,False,terrestrial,
Gran Santiago,7952072,2,Lepus europaeus,Animalia,Mammalia,Leporidae,True,terrestrial,
Gran Santiago,8707933,2,Mentha piperita,Plantae,Magnoliopsida,Lamiaceae,True,terrestrial,
Gran Santiago,11055820,1,Limnobium laevigatum,Plantae,Liliopsida,Hydrocharitaceae,False,freshwater,
Gran Santiago,2434333,1,Lycalopex griseus,Animalia,Mammalia,Canidae,False,terrestrial,
Gran Santiago,2706241,1,Lolium perenne,Plantae,Liliopsida,Poaceae,False,terrestrial,ballica
Gran Santiago,2927208,1,Mentha aquatica,Plantae,Magnoliopsida,Lamiaceae,True,terrestrial|freshwater,
Gran Santiago,2965527,1,Medicago arabica,Plantae,Magnoliopsida,Fabaceae,False,terrestrial,
Gran Santiago,3093911,1,Hypochaeris glabra,Plantae,Magnoliopsida,Hypericaceae,False,terrestrial,
Gran Santiago,3152367,1,Malva nicaeensis,Plantae,Magnoliopsida,Malvaceae,True,terrestrial,
Gran Santiago,3935047,1,Malva assurgentiflora,Plantae,Magnoliopsida,Malvaceae,False,terrestrial,
Gran Santiago,5289906,1,Lophochloa cristata,Plantae,Liliopsida,Poaceae,False,terrestrial,
Gran Santiago,5290177,1,Lagurus ovatus,Plantae,Liliopsida,Poaceae,False,terrestrial,
Gran Santiago,5376925,1,Lepidium bonariense,Plantae,Magnoliopsida,Brassicaceae,True,terrestrial,
Gran Santiago,5384741,1,Lychnis coronaria,Plantae,Magnoliopsida,Caryophyllaceae,False,terrestrial,
Gran Santiago,6413649,1,Juncus bufonius,Plantae,Liliopsida,Juncaceae,False,terrestrial|freshwater,
Gran Santiago,8848598,1,Leucanthemum vulgare,Plantae,Magnoliopsida,Asteraceae,True,terrestrial,
Gran Santiago,2479407,509,Myiopsitta monachus,Animalia,Aves,Psittacidae,True,terrestrial,cotorra argentina
Gran Santiago,2484396,412,Molothrus bonariensis,Animalia,Aves,Icteridae,True,terrestrial,mirlo / tordo renegrido
Gran Santiago,2928783,146,Nicotiana glauca,Plantae,Magnoliopsida,Solanaceae,True,terrestrial,palqui / tabaco cimarrón
Gran Santiago,5231190,118,Passer domesticus,Animalia,Aves,Passeridae,False,terrestrial,gorrión
Gran Santiago,2888439,103,Papaver somniferum,Plantae,Magnoliopsida,Papaveraceae,False,terrestrial,
Gran Santiago,2436940,84,Oryctolagus cuniculus,Animalia,Mammalia,Leporidae,True,terrestrial,conejo europeo
Gran Santiago,2477581,28,Nothoprocta perdicaria,Animalia,Aves,Tinamidae,False,terrestrial,
Gran Santiago,3189767,28,Plantago major,Plantae,Magnoliopsida,Plantaginaceae,True,terrestrial,
Gran Santiago,2891661,27,Oxalis pes-caprae,Plantae,Liliopsida,Oxalidaceae,True,terrestrial,
Gran Santiago,8208358,19,Plantago lanceolata,Plantae,Magnoliopsida,Plantaginaceae,True,terrestrial,llantén
Gran Santiago,8427624,19,Oxalis corniculata,Plantae,Liliopsida,Oxalidaceae,False,terrestrial,
Gran Santiago,1114246,16,Phoracantha recurva,Animalia,Insecta,Cerambycidae,False,terrestrial,
Gran Santiago,7821030,16,Polygonum aviculare,Plantae,Magnoliopsida,Polygonaceae,False,terrestrial,
Gran Santiago,2891664,13,Oxalis articulata,Plantae,Magnoliopsida,Oxalidaceae,True,terrestrial,
Gran Santiago,3188875,13,Oenothera rosea,Plantae,Magnoliopsida,Onagraceae,True,terrestrial,
Gran Santiago,2492081,11,Paroaria coronata,Animalia,Aves,Emberizidae,False,terrestrial,
Gran Santiago,5341112,10,Phyla canescens,Plantae,Magnoliopsida,Verbenaceae,False,terrestrial,
Gran Santiago,1114140,9,Phoracantha semipunctata,Animalia,Insecta,Cerambycidae,False,terrestrial,
Gran Santiago,2882437,9,Nymphaea alba,Plantae,Magnoliopsida,Nymphaeaceae,False,freshwater,
Gran Santiago,5341784,9,Physalis peruviana,Plantae,Magnoliopsida,Solanaceae,True,terrestrial,
Gran Santiago,3141855,8,Picris echioides,Plantae,Magnoliopsida,Asteraceae,False,terrestrial,
Gran Santiago,5361801,8,Parietaria judaica,Plantae,Magnoliopsida,Urticaceae,True,terrestrial,
Gran Santiago,2704179,6,Poa annua,Plantae,Liliopsida,Poaceae,False,terrestrial,
Gran Santiago,5290192,6,Pennisetum villosum,Plantae,Liliopsida,Poaceae,True,terrestrial,
Gran Santiago,2888443,3,Papaver rhoeas,Plantae,Magnoliopsida,Papaveraceae,True,terrestrial,
Gran Santiago,2928774,2,Nicotiana tabacum,Plantae,Liliopsida,Solanaceae,False,terrestrial,
Gran Santiago,7429082,2,Mus musculus,Animalia,Mammalia,Muridae,True,terrestrial,ratón doméstico
Gran Santiago,2704194,1,Poa infirma,Plantae,Liliopsida,Poaceae,False,terrestrial,
Gran Santiago,2704265,1,Poa compressa,Plantae,Liliopsida,Poaceae,False,terrestrial,
Gran Santiago,3085381,1,Polycarpon tetraphyllum,Plantae,Magnoliopsida,Caryophyllaceae,False,terrestrial,
Gran Santiago,3188894,1,Oenothera glazioviana,Plantae,Magnoliopsida,Onagraceae,False,terrestrial,
Gran Santiago,5285727,1,Pinus radiata,Plantae,Pinopsida,Pinaceae,True,terrestrial,pino insigne
Gran Santiago,5341183,1,Myosotis latifolia,Plantae,Magnoliopsida,Boraginaceae,False,terrestrial,
Gran Santiago,7733140,1,Parentucellia viscosa,Plantae,Magnoliopsida,Orobanchaceae,False,terrestrial,
Gran Santiago,9752149,1,Phasianus colchicus,Animalia,Aves,Phasianidae,False,terrestrial,
Gran Santiago,5380041,65,Ricinus communis,Plantae,Magnoliopsida,Euphorbiaceae,True,terrestrial,
Gran Santiago,3145214,61,Silybum marianum,Plantae,Magnoliopsida,Asteraceae,False,terrestrial,cardo mariano
Gran Santiago,3084719,44,Portulaca oleracea,Plantae,Magnoliopsida,Portulacaceae,False,terrestrial,
Gran Santiago,2996929,34,Rubus ulmifolius,Plantae,Magnoliopsida,Rosaceae,True,terrestrial,zarzamora
Gran Santiago,5352251,24,Robinia pseudoacacia,Plantae,Magnoliopsida,Fabaceae,False,terrestrial,
Gran Santiago,3046851,19,Sisymbrium irio,Plantae,Magnoliopsida,Brassicaceae,False,terrestrial,
Gran Santiago,5373368,19,Rapistrum rugosum,Plantae,Magnoliopsida,Brassicaceae,True,terrestrial,
Gran Santiago,2984366,10,Soleirolia soleirolii,Plantae,Magnoliopsida,Rosaceae,False,terrestrial,
Gran Santiago,3108983,10,Senecio vulgaris,Plantae,Magnoliopsida,Asteraceae,False,terrestrial,
Gran Santiago,3033318,9,Ranunculus muricatus,Plantae,Magnoliopsida,Ranunculaceae,True,terrestrial,
Gran Santiago,5372639,8,Salix babylonica,Plantae,Magnoliopsida,Salicaceae,False,terrestrial,sauce llorón
Gran Santiago,3046812,7,Sisymbrium orientale,Plantae,Magnoliopsida,Brassicaceae,False,terrestrial,
Gran Santiago,7678610,7,Raphanus sativus,Plantae,Magnoliopsida,Brassicaceae,True,terrestrial,
Gran Santiago,3040227,6,Populus nigra,Plantae,Magnoliopsida,Salicaceae,False,terrestrial,
Gran Santiago,3040983,6,Raphanus raphanistrum,Plantae,Magnoliopsida,Brassicaceae,True,terrestrial,
Gran Santiago,5339050,5,Sherardia arvensis,Plantae,Magnoliopsida,Rubiaceae,False,terrestrial,
Gran Santiago,8174785,5,Rosa rubiginosa,Plantae,Magnoliopsida,Rosaceae,False,terrestrial,rosa mosqueta
Gran Santiago,2439261,4,Rattus norvegicus,Animalia,Mammalia,Muridae,True,terrestrial,rata gris
Gran Santiago,2439270,4,Rattus rattus,Animalia,Mammalia,Muridae,True,terrestrial,rata negra
Gran Santiago,7538163,4,Solanum marginatum,Plantae,Magnoliopsida,Solanaceae,False,terrestrial,
Gran Santiago,2931104,3,Solanum pseudocapsicum,Plantae,Magnoliopsida,Solanaceae,False,terrestrial,
Gran Santiago,3083957,3,Salsola kali,Plantae,Magnoliopsida,Chenopodiaceae,False,terrestrial,
Gran Santiago,3105782,3,Sonchus asper,Plantae,Magnoliopsida,Asteraceae,False,terrestrial,
Gran Santiago,5289919,3,Polypogon viridis,Plantae,Liliopsida,Poaceae,True,terrestrial,
Gran Santiago,5355395,3,Spartium junceum,Plantae,Magnoliopsida,Fabaceae,False,terrestrial,
Gran Santiago,2889011,2,Rumex obtusifolius,Plantae,Magnoliopsida,Polygonaceae,True,terrestrial,
Gran Santiago,3131229,2,Pseudognaphalium luteoalbum,Plantae,Magnoliopsida,Asteraceae,False,terrestrial,
Gran Santiago,4933568,2,Senecio angulatus,Plantae,Magnoliopsida,Asteraceae,False,terrestrial,
Gran Santiago,6409706,2,Salvia verbenaca,Plantae,Magnoliopsida,Lamiaceae,False,terrestrial,
Gran Santiago,7486599,2,Salvia guaranitica,Plantae,Magnoliopsida,Lamiaceae,False,terrestrial,
Gran Santiago,8195144,2,Rumex crispus,Plantae,Magnoliopsida,Polygonaceae,False,terrestrial,
Gran Santiago,2888728,1,Sambucus nigra,Plantae,Magnoliopsida,Adoxaceae,False,terrestrial,
Gran Santiago,2888946,1,Rumex longifolius,Plantae,Magnoliopsida,Polygonaceae,False,terrestrial,
Gran Santiago,3033339,1,Ranunculus repens,Plantae,Magnoliopsida,Ranunculaceae,True,terrestrial,
Gran Santiago,3033374,1,Ranunculus sceleratus,Plantae,Magnoliopsida,Ranunculaceae,True,terrestrial,
Gran Santiago,3046890,1,Sisymbrium officinale,Plantae,Magnoliopsida,Brassicaceae,False,terrestrial,
Gran Santiago,3046913,1,Sisymbrium austriacum,Plantae,Magnoliopsida,Brassicaceae,False,terrestrial,
Gran Santiago,3105768,1,Sonchus tenerrimus,Plantae,Magnoliopsida,Asteraceae,False,terrestrial,
Gran Santiago,5341297,1,Prunella vulgaris,Plantae,Magnoliopsida,Lamiaceae,False,terrestrial,
Gran Santiago,5384848,1,Silene gallica,Plantae,Magnoliopsida,Caryophyllaceae,False,terrestrial,
Gran Santiago,7301010,1,Scabiosa atropurpurea,Plantae,Magnoliopsida,Dipsacaceae,False,terrestrial,
Gran Santiago,7595433,1,Salmo salar,Animalia,Actinopterygii,Salmonidae,False,freshwater|brackish|marine,
Gran Santiago,3171954,91,Verbascum virgatum,Plantae,Magnoliopsida,Scrophulariaceae,False,terrestrial,verbasco
Gran Santiago,5361815,82,Urtica urens,Plantae,Magnoliopsida,Urticaceae,False,terrestrial,
Gran Santiago,5358748,71,Trifolium repens,Plantae,Magnoliopsida,Fabaceae,False,terrestrial,trébol blanco
Gran Santiago,3172077,66,Veronica persica,Plantae,Magnoliopsida,Plantaginaceae,False,terrestrial,
Gran Santiago,5394163,59,Taraxacum officinale,Plantae,Magnoliopsida,Asteraceae,True,terrestrial,diente de león
Gran Santiago,1311649,46,Vespula germanica,Animalia,Insecta,Vespidae,True,terrestrial,avispa chaqueta amarilla
Gran Santiago,2443002,46,Trachemys scripta,Animalia,Reptilia,Emydidae,False,terrestrial|freshwater,
Gran Santiago,5384604,39,Stellaria media,Plantae,Magnoliopsida,Caryophyllaceae,False,terrestrial,
Gran Santiago,3171949,36,Verbascum thapsus,Plantae,Magnoliopsida,Scrophulariaceae,True,terrestrial,
Gran Santiago,3169708,29,Vinca major,Plantae,Magnoliopsida,Apocynaceae,False,terrestrial,
Gran Santiago,3172086,28,Veronica anagallis-aquatica,Plantae,Magnoliopsida,Plantaginaceae,False,terrestrial|freshwater,
Gran Santiago,3118430,22,Tanacetum parthenium,Plantae,Magnoliopsida,Asteraceae,False,terrestrial,
Gran Santiago,5217334,20,Xenopus laevis,Animalia,Amphibia,Pipidae,True,terrestrial|freshwater,rana africana
Gran Santiago,2889934,12,Tropaeolum majus,Plantae,Magnoliopsida,Tropaeolaceae,False,terrestrial,
Gran Santiago,5358935,12,Trifolium fragiferum,Plantae,Magnoliopsida,Fabaceae,False,terrestrial,
Gran Santiago,5421116,11,Tribulus terrestris,Plantae,Magnoliopsida,Zygophyllaceae,True,terrestrial,
Gran Santiago,3089150,10,Xanthium catharticum,Plantae,Magnoliopsida,Asteraceae,False,terrestrial,
Gran Santiago,5361865,10,Ulmus minor,Plantae,Magnoliopsida,Ulmaceae,False,terrestrial,
Gran Santiago,5331181,6,Viola odorata,Plantae,Magnoliopsida,Violaceae,False,terrestrial,
Gran Santiago,8324121,5,Trifolium pratense,Plantae,Liliopsida,Fabaceae,False,terrestrial,
Gran Santiago,2868827,3,Zantedeschia aethiopica,Plantae,Liliopsida,Araceae,False,terrestrial|freshwater,
Gran Santiago,5289534,3,Typha domingensis,Plantae,Liliopsida,Typhaceae,False,terrestrial|freshwater|brackish,
Gran Santiago,2765156,2,Tradescantia fluminensis,Plantae,Liliopsida,Commelinaceae,False,terrestrial,
Gran Santiago,3172048,2,Veronica arvensis,Plantae,Magnoliopsida,Plantaginaceae,False,terrestrial,
Gran Santiago,3172057,2,Veronica serpyllifolia,Plantae,Magnoliopsida,Plantaginaceae,False,terrestrial,
Gran Santiago,9182154,2,Vicia villosa,Plantae,Magnoliopsida,Fabaceae,False,terrestrial,
Gran Santiago,2975014,1,Vicia sativa,Plantae,Magnoliopsida,Fabaceae,False,terrestrial,
Gran Santiago,3118274,1,Tanacetum vulgare,Plantae,Magnoliopsida,Asteraceae,False,terrestrial,
Gran Santiago,7705930,1,Sus scrofa,Animalia,Mammalia,Suidae,True,terrestrial,jabalí
Gran Valparaiso,1340503,143,Bombus terrestris,Animalia,Insecta,Apidae,True,terrestrial,abejorro europeo
Gran Valparaiso,2979474,51,Acacia dealbata,Plantae,Magnoliopsida,Fabaceae,True,terrestrial,aromo australiano
Gran Valparaiso,2979000,24,Acacia melanoxylon,Plantae,Magnoliopsida,Fabaceae,False,terrestrial,aromo negro
Gran Valparaiso,5325855,14,Amaryllis belladonna,Plantae,Liliopsida,Amaryllidaceae,False,terrestrial,
Gran Valparaiso,8184903,12,Anagallis arvensis,Plantae,Magnoliopsida,Primulaceae,True,terrestrial,
Gran Valparaiso,5391845,11,Bidens pilosa,Plantae,Magnoliopsida,Asteraceae,False,terrestrial,
Gran Valparaiso,3117424,6,Bellis perennis,Plantae,Magnoliopsida,Asteraceae,True,terrestrial,
Gran Valparaiso,3974754,6,Acacia karroo,Plantae,Magnoliopsida,Fabaceae,False,terrestrial,
Gran Valparaiso,2703041,3,Arundo donax,Plantae,Liliopsida,Poaceae,True,terrestrial,
Gran Valparaiso,3190653,3,Ailanthus altissima,Plantae,Magnoliopsida,Simaroubaceae,False,terrestrial,árbol del cielo
Gran Valparaiso,2926110,2,Borago officinalis,Plantae,Magnoliopsida,Boraginaceae,True,terrestrial,
Gran Valparaiso,5391802,2,Bidens aurea,Plantae,Magnoliopsida,Asteraceae,False,terrestrial,
Gran Valparaiso,2441022,1,Bos taurus,Animalia,Mammalia,Bovidae,True,terrestrial,
Gran Valparaiso,2651816,1,Adiantum capillus-veneris,Plantae,Polypodiopsida,Pteridaceae,True,terrestrial,
Gran Valparaiso,2704103,1,Bothriochloa saccharoides,Plantae,Liliopsida,Poaceae,False,terrestrial,
Gran Valparaiso,3631293,1,Apium nodiflorum,Plantae,Magnoliopsida,Apiaceae,True,terrestrial,
Gran Valparaiso,5371743,1,Anthriscus caucalis,Plantae,Magnoliopsida,Apiaceae,True,terrestrial,
Gran Valparaiso,5384396,1,Amaranthus deflexus,Plantae,Magnoliopsida,Amaranthaceae,False,terrestrial,
Gran Valparaiso,2495414,84,Columba livia,Animalia,Aves,Columbidae,False,terrestrial,paloma doméstica
Gran Valparaiso,5228080,33,Callipepla californica,Animalia,Aves,Odontophoridae,False,terrestrial,codorniz de California
Gran Valparaiso,5392252,30,Cichorium intybus,Plantae,Magnoliopsida,Asteraceae,True,terrestrial,chicoria
Gran Valparaiso,3034807,27,Conium maculatum,Plantae,Magnoliopsida,Apiaceae,False,terrestrial,cicuta
Gran Valparaiso,5858758,27,Cornu aspersum,Animalia,Gastropoda,Helicidae,True,terrestrial,caracol de jardín
Gran Valparaiso,9751099,24,Cairina moschata,Animalia,Aves,Anatidae,False,terrestrial|freshwater,
Gran Valparaiso,8200663,22,Cymbalaria muralis,Plantae,Magnoliopsida,Plantaginaceae,False,terrestrial,
Gran Valparaiso,4252828,17,Chrysanthemoides monilifera,Plantae,Magnoliopsida,Asteraceae,False,terrestrial,
Gran Valparaiso,2928390,14,Convolvulus arvensis,Plantae,Magnoliopsida,Convolvulaceae,False,terrestrial,
Gran Valparaiso,3112364,13,Cynara cardunculus,Plantae,Magnoliopsida,Asteraceae,False,terrestrial,
Gran Valparaiso,7627205,13,Chrysanthemum coronarium,Plantae,Magnoliopsida,Asteraceae,True,terrestrial,
Gran Valparaiso,3112110,8,Cotula coronopifolia,Plantae,Magnoliopsida,Asteraceae,False,terrestrial,
Gran Valparaiso,2370771,6,Cichlasoma facetum,Animalia,Actinopterygii,Cichlidae,True,freshwater,
Gran Valparaiso,5219173,6,Canis lupus,Animalia,Mammalia,Canidae,False,terrestrial,
Gran Valparaiso,5375388,6,Capsella bursa-pastoris,Plantae,Magnoliopsida,Brassicaceae,True,terrestrial,
Gran Valparaiso,3112801,5,Cirsium vulgare,Plantae,Magnoliopsida,Asteraceae,True,terrestrial,
Gran Valparaiso,3114667,5,Carduus pycnocephalus,Plantae,Magnoliopsida,Asteraceae,True,terrestrial,
Gran Valparaiso,8370958,5,Chamomilla recutita,Plantae,Magnoliopsida,Asteraceae,True,terrestrial,
Gran Valparaiso,2928441,3,Calystegia sepium,Plantae,Magnoliopsida,Solanaceae,False,terrestrial,
Gran Valparaiso,4064467,3,Cynoglossum creticum,Plantae,Magnoliopsida,Boraginaceae,False,terrestrial,
Gran Valparaiso,2350394,2,Cnesterodon decemmaculatus,Animalia,Actinopterygii,Poeciliidae,False,freshwater|brackish,
Gran Valparaiso,3103791,2,Chamomilla suaveolens,Plantae,Magnoliopsida,Asteraceae,True,terrestrial,
Gran Valparaiso,3128483,2,Centaurea calcitrapa,Plantae,Magnoliopsida,Asteraceae,True,terrestrial,
Gran Valparaiso,5362055,2,Crassula tillaea,Plantae,Magnoliopsida,Crassulaceae,False,terrestrial,
Gran Valparaiso,2480830,1,Bubulcus ibis,Animalia,Aves,Ardeidae,True,terrestrial|freshwater,garza boyera
Gran Valparaiso,2703723,1,Bromus catharticus,Plantae,Liliopsida,Poaceae,False,terrestrial,
Gran Valparaiso,3083838,1,Chenopodium album,Plantae,Magnoliopsida,Chenopodiaceae,True,terrestrial,
Gran Valparaiso,3083862,1,Chenopodium ficifolium,Plantae,Magnoliopsida,Chenopodiaceae,True,terrestrial,
Gran Valparaiso,3128091,1,Centaurea melitensis,Plantae,Magnoliopsida,Asteraceae,True,terrestrial,
Gran Valparaiso,3138230,1,Carthamus lanatus,Plantae,Magnoliopsida,Asteraceae,True,terrestrial,
Gran Valparaiso,5391480,1,Calendula officinalis,Plantae,Magnoliopsida,Asteraceae,True,terrestrial,
Gran Valparaiso,5568361,1,Chenopodium multifidum,Plantae,Magnoliopsida,Chenopodiaceae,True,terrestrial,
Gran Valparaiso,7903057,1,Brassica rapa,Plantae,Magnoliopsida,Brassicaceae,True,terrestrial,yuyo
Gran Valparaiso,2888380,96,Eschscholzia californica,Plantae,Magnoliopsida,Papaveraceae,True,terrestrial,amapola de California
Gran Valparaiso,4989904,46,Harmonia axyridis,Animalia,Insecta,Coccinellidae,False,terrestrial,chinita asiática
Gran Valparaiso,2975667,25,Galega officinalis,Plantae,Magnoliopsida,Fabaceae,False,terrestrial,galega
Gran Valparaiso,3034922,18,Foeniculum vulgare,Plantae,Magnoliopsida,Apiaceae,False,terrestrial,hinojo
Gran Valparaiso,2928751,12,Datura stramonium,Plantae,Magnoliopsida,Solanaceae,False,terrestrial,
Gran Valparaiso,2435035,11,Felis catus,Animalia,Mammalia,Felidae,True,terrestrial,
Gran Valparaiso,3066386,8,Euphorbia peplus,Plantae,Magnoliopsida,Euphorbiaceae,False,terrestrial,
Gran Valparaiso,3176787,8,Eucalyptus globulus,Plantae,Magnoliopsida,Myrtaceae,True,terrestrial,
Gran Valparaiso,4286975,8,Cyprinus carpio,Animalia,Actinopterygii,Cyprinidae,True,freshwater,
Gran Valparaiso,5334218,8,Fumaria capreolata,Plantae,Magnoliopsida,Papaveraceae,False,terrestrial,flor de la culebra
Gran Valparaiso,2715482,6,Cyperus eragrostis,Plantae,Liliopsida,Cyperaceae,False,terrestrial|freshwater,
Gran Valparaiso,5554961,6,Galenia pubescens,Plantae,Magnoliopsida,Aizoaceae,False,terrestrial,
Gran Valparaiso,2440886,4,Equus caballus,Animalia,Mammalia,Equidae,False,terrestrial,
Gran Valparaiso,3050595,4,Hirschfeldia incana,Plantae,Magnoliopsida,Brassicaceae,False,terrestrial,
Gran Valparaiso,9419993,4,Erodium moschatum,Plantae,Magnoliopsida,Geraniaceae,False,terrestrial,
Gran Valparaiso,9485490,4,Erodium cicutarium,Plantae,Magnoliopsida,Geraniaceae,False,terrestrial,alfilerillo
Gran Valparaiso,3119175,3,Helianthus tuberosus,Plantae,Magnoliopsida,Asteraceae,False,terrestrial,
Gran Valparaiso,9297163,3,Erodium malacoides,Plantae,Magnoliopsida,Geraniaceae,False,terrestrial,
Gran Valparaiso,2440891,2,Equus asinus,Animalia,Mammalia,Equidae,False,terrestrial,
Gran Valparaiso,2890541,2,Geranium purpureum,Plantae,Magnoliopsida,Geraniaceae,False,terrestrial,
Gran Valparaiso,2891628,2,Erodium botrys,Plantae,Magnoliopsida,Geraniaceae,False,terrestrial,
Gran Valparaiso,3147168,2,Erigeron karvinskianus,Plantae,Magnoliopsida,Asteraceae,True,terrestrial,
Gran Valparaiso,5354707,2,Cytisus striatus,Plantae,Magnoliopsida,Fabaceae,False,terrestrial,
Gran Valparaiso,5531376,2,Fumaria agraria,Plantae,Magnoliopsida,Papaveraceae,False,terrestrial,
Gran Valparaiso,11869920,1,Eucalyptus camaldulensis,Plantae,Magnoliopsida,Myrtaceae,False,terrestrial,
Gran Valparaiso,2350570,1,Gambusia holbrooki,Animalia,Actinopterygii,Poeciliidae,True,freshwater|brackish,
Gran Valparaiso,2891488,1,Geranium molle,Plantae,Magnoliopsida,Geraniaceae,False,terrestrial,
Gran Valparaiso,3066965,1,Euphorbia lathyris,Plantae,Magnoliopsida,Euphorbiaceae,False,terrestrial,
Gran Valparaiso,3152666,1,Gossypium barbadense,Plantae,Magnoliopsida,Malvaceae,False,terrestrial,
Gran Valparaiso,5375920,1,Eruca vesicaria,Plantae,Magnoliopsida,Brassicaceae,False,terrestrial,
Gran Valparaiso,1316908,20,Linepithema humile,Animalia,Insecta,Formicidae,False,terrestrial,hormiga argentina
Gran Valparaiso,3935079,16,Malva dendromorpha,Plantae,Magnoliopsida,Malvaceae,False,terrestrial,
Gran Valparaiso,2963807,11,Lupinus arboreus,Plantae,Magnoliopsida,Fabaceae,True,terrestrial,
Gran Valparaiso,3086240,9,Mirabilis jalapa,Plantae,Magnoliopsida,Nyctaginaceae,False,terrestrial,
Gran Valparaiso,9151957,9,Medicago sativa,Plantae,Magnoliopsida,Fabaceae,False,terrestrial,
Gran Valparaiso,3152378,8,Malva parviflora,Plantae,Magnoliopsida,Malvaceae,True,terrestrial,
Gran Valparaiso,5373358,7,Lobularia maritima,Plantae,Magnoliopsida,Brassicaceae,False,terrestrial,
Gran Valparaiso,2434333,6,Lycalopex griseus,Animalia,Mammalia,Canidae,False,terrestrial,
Gran Valparaiso,2927069,6,Marrubium vulgare,Plantae,Magnoliopsida,Lamiaceae,True,terrestrial,
Gran Valparaiso,2971016,6,Melilotus indicus,Plantae,Magnoliopsida,Fabaceae,False,terrestrial,trébol de olor
Gran Valparaiso,7886346,6,Hordeum murinum,Plantae,Liliopsida,Poaceae,False,terrestrial,
Gran Valparaiso,5341501,5,Melissa officinalis,Plantae,Magnoliopsida,Lamiaceae,True,terrestrial,
Gran Valparaiso,5377378,5,Matthiola incana,Plantae,Magnoliopsida,Brassicaceae,False,terrestrial,
Gran Valparaiso,2926679,4,Lamium amplexicaule,Plantae,Magnoliopsida,Lamiaceae,False,terrestrial,
Gran Valparaiso,8338793,4,Modiola caroliniana,Plantae,Magnoliopsida,Malvaceae,False,terrestrial,
Gran Valparaiso,11055820,3,Limnobium laevigatum,Plantae,Liliopsida,Hydrocharitaceae,False,freshwater,
Gran Valparaiso,2965531,3,Medicago polymorpha,Plantae,Magnoliopsida,Fabaceae,False,terrestrial,hualputra
Gran Valparaiso,3093702,3,Hypochaeris radicata,Plantae,Magnoliopsida,Asteraceae,False,terrestrial,
Gran Valparaiso,3152367,3,Malva nicaeensis,Plantae,Magnoliopsida,Malvaceae,True,terrestrial,
Gran Valparaiso,2873896,2,Linum bienne,Plantae,Magnoliopsida,Linaceae,False,terrestrial,
Gran Valparaiso,3084837,2,Mesembryanthemum nodiflorum,Plantae,Magnoliopsida,Aizoaceae,False,terrestrial,
Gran Valparaiso,3171145,2,Misopates orontium,Plantae,Magnoliopsida,Plantaginaceae,False,terrestrial,
Gran Valparaiso,3188746,2,Lythrum maritimum,Plantae,Magnoliopsida,Lythraceae,False,terrestrial|freshwater,
Gran Valparaiso,2965201,1,Medicago lupulina,Plantae,Magnoliopsida,Fabaceae,True,terrestrial,
Gran Valparaiso,2965527,1,Medicago arabica,Plantae,Magnoliopsida,Fabaceae,False,terrestrial,
Gran Valparaiso,3093911,1,Hypochaeris glabra,Plantae,Magnoliopsida,Hypericaceae,False,terrestrial,
Gran Valparaiso,3140346,1,Lactuca virosa,Plantae,Magnoliopsida,Asteraceae,False,terrestrial,
Gran Valparaiso,3935047,1,Malva assurgentiflora,Plantae,Magnoliopsida,Malvaceae,False,terrestrial,
Gran Valparaiso,5357013,1,Lotus corniculatus,Plantae,Magnoliopsida,Fabaceae,True,terrestrial,
Gran Valparaiso,5384741,1,Lychnis coronaria,Plantae,Magnoliopsida,Caryophyllaceae,False,terrestrial,
Gran Valparaiso,2928783,77,Nicotiana glauca,Plantae,Magnoliopsida,Solanaceae,True,terrestrial,palqui / tabaco cimarrón
Gran Valparaiso,2484396,67,Molothrus bonariensis,Animalia,Aves,Icteridae,True,terrestrial,mirlo / tordo renegrido
Gran Valparaiso,5231190,43,Passer domesticus,Animalia,Aves,Passeridae,False,terrestrial,gorrión
Gran Valparaiso,2891661,33,Oxalis pes-caprae,Plantae,Liliopsida,Oxalidaceae,True,terrestrial,
Gran Valparaiso,2479407,31,Myiopsitta monachus,Animalia,Aves,Psittacidae,True,terrestrial,cotorra argentina
Gran Valparaiso,2888439,21,Papaver somniferum,Plantae,Magnoliopsida,Papaveraceae,False,terrestrial,
Gran Valparaiso,5285727,16,Pinus radiata,Plantae,Pinopsida,Pinaceae,True,terrestrial,pino insigne
Gran Valparaiso,5361801,15,Parietaria judaica,Plantae,Magnoliopsida,Urticaceae,True,terrestrial,
Gran Valparaiso,1114140,12,Phoracantha semipunctata,Animalia,Insecta,Cerambycidae,False,terrestrial,
Gran Valparaiso,5341112,11,Phyla canescens,Plantae,Magnoliopsida,Verbenaceae,False,terrestrial,
Gran Valparaiso,2436940,9,Oryctolagus cuniculus,Animalia,Mammalia,Leporidae,True,terrestrial,conejo europeo
Gran Valparaiso,8208358,7,Plantago lanceolata,Plantae,Magnoliopsida,Plantaginaceae,True,terrestrial,llantén
Gran Valparaiso,3188875,5,Oenothera rosea,Plantae,Magnoliopsida,Onagraceae,True,terrestrial,
Gran Valparaiso,1114246,4,Phoracantha recurva,Animalia,Insecta,Cerambycidae,False,terrestrial,
Gran Valparaiso,2477581,4,Nothoprocta perdicaria,Animalia,Aves,Tinamidae,False,terrestrial,
Gran Valparaiso,2928774,3,Nicotiana tabacum,Plantae,Liliopsida,Solanaceae,False,terrestrial,
Gran Valparaiso,5341784,3,Physalis peruviana,Plantae,Magnoliopsida,Solanaceae,True,terrestrial,
Gran Valparaiso,5190769,2,Oxychilus alliarius,Animalia,Gastropoda,Zonitidae,False,terrestrial,
Gran Valparaiso,8427624,2,Oxalis corniculata,Plantae,Liliopsida,Oxalidaceae,False,terrestrial,
Gran Valparaiso,2891664,1,Oxalis articulata,Plantae,Magnoliopsida,Oxalidaceae,True,terrestrial,
Gran Valparaiso,2928767,1,Nicotiana sylvestris,Plantae,Magnoliopsida,Solanaceae,False,terrestrial,
Gran Valparaiso,3085625,1,Petrorhagia dubia,Plantae,Magnoliopsida,Caryophyllaceae,True,terrestrial,
Gran Valparaiso,3189739,1,Plantago coronopus,Plantae,Magnoliopsida,Plantaginaceae,False,terrestrial,
Gran Valparaiso,3189767,1,Plantago major,Plantae,Magnoliopsida,Plantaginaceae,True,terrestrial,
Gran Valparaiso,5290192,1,Pennisetum villosum,Plantae,Liliopsida,Poaceae,True,terrestrial,
Gran Valparaiso,7429082,1,Mus musculus,Animalia,Mammalia,Muridae,True,terrestrial,ratón doméstico
Gran Valparaiso,8262702,1,Pastinaca sativa,Plantae,Magnoliopsida,Apiaceae,True,terrestrial,
Gran Valparaiso,5380041,46,Ricinus communis,Plantae,Magnoliopsida,Euphorbiaceae,True,terrestrial,
Gran Valparaiso,2996929,21,Rubus ulmifolius,Plantae,Magnoliopsida,Rosaceae,True,terrestrial,zarzamora
Gran Valparaiso,5384848,21,Silene gallica,Plantae,Magnoliopsida,Caryophyllaceae,False,terrestrial,
Gran Valparaiso,3145214,19,Silybum marianum,Plantae,Magnoliopsida,Asteraceae,False,terrestrial,cardo mariano
Gran Valparaiso,8174785,15,Rosa rubiginosa,Plantae,Magnoliopsida,Rosaceae,False,terrestrial,rosa mosqueta
Gran Valparaiso,3040983,11,Raphanus raphanistrum,Plantae,Magnoliopsida,Brassicaceae,True,terrestrial,
Gran Valparaiso,7678610,7,Raphanus sativus,Plantae,Magnoliopsida,Brassicaceae,True,terrestrial,
Gran Valparaiso,5352251,5,Robinia pseudoacacia,Plantae,Magnoliopsida,Fabaceae,False,terrestrial,
Gran Valparaiso,7538163,4,Solanum marginatum,Plantae,Magnoliopsida,Solanaceae,False,terrestrial,
Gran Valparaiso,2984366,3,Soleirolia soleirolii,Plantae,Magnoliopsida,Rosaceae,False,terrestrial,
Gran Valparaiso,3040227,3,Populus nigra,Plantae,Magnoliopsida,Salicaceae,False,terrestrial,
Gran Valparaiso,3040251,3,Reseda luteola,Plantae,Magnoliopsida,Resedaceae,False,terrestrial,
Gran Valparaiso,3046851,3,Sisymbrium irio,Plantae,Magnoliopsida,Brassicaceae,False,terrestrial,
Gran Valparaiso,3108983,3,Senecio vulgaris,Plantae,Magnoliopsida,Asteraceae,False,terrestrial,
Gran Valparaiso,5403742,3,Scolymus hispanicus,Plantae,Magnoliopsida,Asteraceae,False,terrestrial,
Gran Valparaiso,2439261,2,Rattus norvegicus,Animalia,Mammalia,Muridae,True,terrestrial,rata gris
Gran Valparaiso,3033374,2,Ranunculus sceleratus,Plantae,Magnoliopsida,Ranunculaceae,True,terrestrial,
Gran Valparaiso,3046812,2,Sisymbrium orientale,Plantae,Magnoliopsida,Brassicaceae,False,terrestrial,
Gran Valparaiso,3084719,2,Portulaca oleracea,Plantae,Magnoliopsida,Portulacaceae,False,terrestrial,
Gran Valparaiso,5372639,2,Salix babylonica,Plantae,Magnoliopsida,Salicaceae,False,terrestrial,sauce llorón
Gran Valparaiso,2439270,1,Rattus rattus,Animalia,Mammalia,Muridae,True,terrestrial,rata negra
Gran Valparaiso,3002461,1,Rosa canina,Plantae,Magnoliopsida,Rosaceae,False,terrestrial,
Gran Valparaiso,3033318,1,Ranunculus muricatus,Plantae,Magnoliopsida,Ranunculaceae,True,terrestrial,
Gran Valparaiso,3033339,1,Ranunculus repens,Plantae,Magnoliopsida,Ranunculaceae,True,terrestrial,
Gran Valparaiso,3085810,1,Spergula arvensis,Plantae,Magnoliopsida,Caryophyllaceae,False,terrestrial,
Gran Valparaiso,3190381,1,Ruta chalepensis,Plantae,Magnoliopsida,Rutaceae,False,terrestrial,
Gran Valparaiso,4933568,1,Senecio angulatus,Plantae,Magnoliopsida,Asteraceae,False,terrestrial,
Gran Valparaiso,5289919,1,Polypogon viridis,Plantae,Liliopsida,Poaceae,True,terrestrial,
Gran Valparaiso,5339050,1,Sherardia arvensis,Plantae,Magnoliopsida,Rubiaceae,False,terrestrial,
Gran Valparaiso,5355395,1,Spartium junceum,Plantae,Magnoliopsida,Fabaceae,False,terrestrial,
Gran Valparaiso,8195144,1,Rumex crispus,Plantae,Magnoliopsida,Polygonaceae,False,terrestrial,
Gran Valparaiso,2889934,68,Tropaeolum majus,Plantae,Magnoliopsida,Tropaeolaceae,False,terrestrial,
Gran Valparaiso,5347796,33,Teline monspessulana,Plantae,Magnoliopsida,Fabaceae,True,terrestrial,
Gran Valparaiso,3169708,28,Vinca major,Plantae,Magnoliopsida,Apocynaceae,False,terrestrial,
Gran Valparaiso,3171954,27,Verbascum virgatum,Plantae,Magnoliopsida,Scrophulariaceae,False,terrestrial,verbasco
Gran Valparaiso,5217334,23,Xenopus laevis,Animalia,Amphibia,Pipidae,True,terrestrial|freshwater,rana africana
Gran Valparaiso,1311649,15,Vespula germanica,Animalia,Insecta,Vespidae,True,terrestrial,avispa chaqueta amarilla
Gran Valparaiso,5361815,10,Urtica urens,Plantae,Magnoliopsida,Urticaceae,False,terrestrial,
Gran Valparaiso,3172077,6,Veronica persica,Plantae,Magnoliopsida,Plantaginaceae,False,terrestrial,
Gran Valparaiso,2443002,5,Trachemys scripta,Animalia,Reptilia,Emydidae,False,terrestrial|freshwater,
Gran Valparaiso,3172086,5,Veronica anagallis-aquatica,Plantae,Magnoliopsida,Plantaginaceae,False,terrestrial|freshwater,
Gran Valparaiso,5358748,5,Trifolium repens,Plantae,Magnoliopsida,Fabaceae,False,terrestrial,trébol blanco
Gran Valparaiso,5359477,4,Trifolium campestre,Plantae,Magnoliopsida,Fabaceae,False,terrestrial,
Gran Valparaiso,5394163,4,Taraxacum officinale,Plantae,Magnoliopsida,Asteraceae,True,terrestrial,diente de león
Gran Valparaiso,3089150,3,Xanthium catharticum,Plantae,Magnoliopsida,Asteraceae,False,terrestrial,
Gran Valparaiso,3118430,3,Tanacetum parthenium,Plantae,Magnoliopsida,Asteraceae,False,terrestrial,
Gran Valparaiso,2868827,2,Zantedeschia aethiopica,Plantae,Liliopsida,Araceae,False,terrestrial|freshwater,
Gran Valparaiso,2975014,2,Vicia sativa,Plantae,Magnoliopsida,Fabaceae,False,terrestrial,
Gran Valparaiso,5331181,2,Viola odorata,Plantae,Magnoliopsida,Violaceae,False,terrestrial,
Gran Valparaiso,5358935,2,Trifolium fragiferum,Plantae,Magnoliopsida,Fabaceae,False,terrestrial,
Gran Valparaiso,5384604,2,Stellaria media,Plantae,Magnoliopsida,Caryophyllaceae,False,terrestrial,
Gran Valparaiso,8324121,2,Trifolium pratense,Plantae,Liliopsida,Fabaceae,False,terrestrial,
Gran Valparaiso,2765156,1,Tradescantia fluminensis,Plantae,Liliopsida,Commelinaceae,False,terrestrial,
Gran Valparaiso,3085633,1,Spergularia rubra,Plantae,Magnoliopsida,Caryophyllaceae,False,terrestrial,
Gran Valparaiso,3172048,1,Veronica arvensis,Plantae,Magnoliopsida,Plantaginaceae,False,terrestrial,
Gran Valparaiso,5289534,1,Typha domingensis,Plantae,Liliopsida,Typhaceae,False,terrestrial|freshwater|brackish,
Gran Valparaiso,5358694,1,Trifolium glomeratum,Plantae,Magnoliopsida,Fabaceae,False,terrestrial,
Gran Valparaiso,5359395,1,Trifolium angustifolium,Plantae,Magnoliopsida,Fabaceae,False,terrestrial,
Gran Valparaiso,5359429,1,Trifolium dubium,Plantae,Liliopsida,Fabaceae,False,terrestrial,
Gran Valparaiso,5359510,1,Trifolium tomentosum,Plantae,Magnoliopsida,Fabaceae,False,terrestrial,
Gran Valparaiso,5361865,1,Ulmus minor,Plantae,Magnoliopsida,Ulmaceae,False,terrestrial,
Gran Valparaiso,5554574,1,Tetragonia tetragonoides,Plantae,Magnoliopsida,Aizoaceae,False,terrestrial,
Gran Valparaiso,7736551,1,Spergularia marina,Plantae,Magnoliopsida,Caryophyllaceae,False,terrestrial,
Gran Valparaiso,9182154,1,Vicia villosa,Plantae,Magnoliopsida,Fabaceae,False,terrestrial,
Gran Concepcion,1340503,134,Bombus terrestris,Animalia,Insecta,Apidae,True,terrestrial,abejorro europeo
Gran Concepcion,2979000,73,Acacia melanoxylon,Plantae,Magnoliopsida,Fabaceae,False,terrestrial,aromo negro
Gran Concepcion,2979474,56,Acacia dealbata,Plantae,Magnoliopsida,Fabaceae,True,terrestrial,aromo australiano
Gran Concepcion,8184903,32,Anagallis arvensis,Plantae,Magnoliopsida,Primulaceae,True,terrestrial,
Gran Concepcion,5325855,26,Amaryllis belladonna,Plantae,Liliopsida,Amaryllidaceae,False,terrestrial,
Gran Concepcion,3114986,16,Arctotheca calendula,Plantae,Magnoliopsida,Asteraceae,True,terrestrial,
Gran Concepcion,2926110,14,Borago officinalis,Plantae,Magnoliopsida,Boraginaceae,True,terrestrial,
Gran Concepcion,5414976,13,Bartsia trixago,Plantae,Magnoliopsida,Orobanchaceae,False,terrestrial,
Gran Concepcion,5391802,11,Bidens aurea,Plantae,Magnoliopsida,Asteraceae,False,terrestrial,
Gran Concepcion,2876213,10,Alnus glutinosa,Plantae,Magnoliopsida,Betulaceae,False,terrestrial,
Gran Concepcion,3120060,4,Achillea millefolium,Plantae,Magnoliopsida,Asteraceae,True,terrestrial,
Gran Concepcion,2705300,3,Avena barbata,Plantae,Liliopsida,Poaceae,False,terrestrial,teatina
Gran Concepcion,7747216,3,Aira caryophyllea,Plantae,Liliopsida,Poaceae,False,terrestrial,
Gran Concepcion,2441022,2,Bos taurus,Animalia,Mammalia,Bovidae,True,terrestrial,
Gran Concepcion,2706435,2,Agrostis stolonifera,Plantae,Liliopsida,Poaceae,True,terrestrial,
Gran Concepcion,3083786,2,Atriplex prostrata,Plantae,Magnoliopsida,Chenopodiaceae,False,terrestrial,
Gran Concepcion,1340383,1,Bombus ruderatus,Animalia,Insecta,Apidae,True,terrestrial,
Gran Concepcion,2704505,1,Arrhenatherum elatius,Plantae,Magnoliopsida,Rosaceae,False,terrestrial,
Gran Concepcion,3033191,1,Aquilegia vulgaris,Plantae,Magnoliopsida,Ranunculaceae,False,terrestrial,
Gran Concepcion,3042845,1,Brassica oleracea,Plantae,Magnoliopsida,Brassicaceae,True,terrestrial,
Gran Concepcion,5374672,1,Barbarea verna,Plantae,Magnoliopsida,Brassicaceae,False,terrestrial,
Gran Concepcion,5384390,1,Amaranthus cruentus,Plantae,Magnoliopsida,Amaranthaceae,False,terrestrial,
Gran Concepcion,7792960,1,Allium vineale,Plantae,Liliopsida,Amaryllidaceae,True,terrestrial,
Gran Concepcion,2495414,59,Columba livia,Animalia,Aves,Columbidae,False,terrestrial,paloma doméstica
Gran Concepcion,5858758,44,Cornu aspersum,Animalia,Gastropoda,Helicidae,True,terrestrial,caracol de jardín
Gran Concepcion,5392252,41,Cichorium intybus,Plantae,Magnoliopsida,Asteraceae,True,terrestrial,chicoria
Gran Concepcion,3112801,33,Cirsium vulgare,Plantae,Magnoliopsida,Asteraceae,True,terrestrial,
Gran Concepcion,3034807,30,Conium maculatum,Plantae,Magnoliopsida,Apiaceae,False,terrestrial,cicuta
Gran Concepcion,2702792,26,Briza maxima,Plantae,Liliopsida,Poaceae,True,terrestrial,
Gran Concepcion,5228080,26,Callipepla californica,Animalia,Aves,Odontophoridae,False,terrestrial,codorniz de California
Gran Concepcion,9751099,20,Cairina moschata,Animalia,Aves,Anatidae,False,terrestrial|freshwater,
Gran Concepcion,2480830,19,Bubulcus ibis,Animalia,Aves,Ardeidae,True,terrestrial|freshwater,garza boyera
Gran Concepcion,2928390,19,Convolvulus arvensis,Plantae,Magnoliopsida,Convolvulaceae,False,terrestrial,
Gran Concepcion,8200663,15,Cymbalaria muralis,Plantae,Magnoliopsida,Plantaginaceae,False,terrestrial,
Gran Concepcion,2370771,14,Cichlasoma facetum,Animalia,Actinopterygii,Cichlidae,True,freshwater,
Gran Concepcion,2702793,12,Briza minor,Plantae,Liliopsida,Poaceae,True,terrestrial,
Gran Concepcion,9890104,12,Candidula intersecta,Animalia,Gastropoda,Hygromiidae,False,terrestrial,
Gran Concepcion,3112110,11,Cotula coronopifolia,Plantae,Magnoliopsida,Asteraceae,False,terrestrial,
Gran Concepcion,3114667,9,Carduus pycnocephalus,Plantae,Magnoliopsida,Asteraceae,True,terrestrial,
Gran Concepcion,3112364,7,Cynara cardunculus,Plantae,Magnoliopsida,Asteraceae,False,terrestrial,
Gran Concepcion,5391480,7,Calendula officinalis,Plantae,Magnoliopsida,Asteraceae,True,terrestrial,
Gran Concepcion,2928441,6,Calystegia sepium,Plantae,Magnoliopsida,Solanaceae,False,terrestrial,
Gran Concepcion,5362055,6,Crassula tillaea,Plantae,Magnoliopsida,Crassulaceae,False,terrestrial,
Gran Concepcion,5375388,6,Capsella bursa-pastoris,Plantae,Magnoliopsida,Brassicaceae,True,terrestrial,
Gran Concepcion,2747939,5,Crocosmia crocosmiiflora,Plantae,Liliopsida,Iridaceae,False,terrestrial,
Gran Concepcion,3110767,5,Chamaemelum mixtum,Plantae,Magnoliopsida,Asteraceae,True,terrestrial,
Gran Concepcion,5219173,5,Canis lupus,Animalia,Mammalia,Canidae,False,terrestrial,
Gran Concepcion,8542672,5,Cotula australis,Plantae,Magnoliopsida,Asteraceae,False,terrestrial,
Gran Concepcion,3046258,4,Cardamine hirsuta,Plantae,Magnoliopsida,Brassicaceae,False,terrestrial,
Gran Concepcion,3103791,4,Chamomilla suaveolens,Plantae,Magnoliopsida,Asteraceae,True,terrestrial,
Gran Concepcion,4064467,4,Cynoglossum creticum,Plantae,Magnoliopsida,Boraginaceae,False,terrestrial,
Gran Concepcion,2703647,3,Bromus sterilis,Plantae,Liliopsida,Poaceae,True,terrestrial,
Gran Concepcion,7627205,3,Chrysanthemum coronarium,Plantae,Magnoliopsida,Asteraceae,True,terrestrial,
Gran Concepcion,2703723,2,Bromus catharticus,Plantae,Liliopsida,Poaceae,False,terrestrial,
Gran Concepcion,9324713,2,Cynoglossum limense,Plantae,Magnoliopsida,Boraginaceae,False,terrestrial,
Gran Concepcion,2703777,1,Bromus hordeaceus,Plantae,Liliopsida,Poaceae,True,terrestrial,
Gran Concepcion,3092083,1,Coleostephus myconis,Plantae,Magnoliopsida,Asteraceae,False,terrestrial,
Gran Concepcion,3138230,1,Carthamus lanatus,Plantae,Magnoliopsida,Asteraceae,True,terrestrial,
Gran Concepcion,5178595,1,Carcinus maenas,Animalia,Malacostraca,Portunidae,False,marine,
Gran Concepcion,5403304,1,Crepis capillaris,Plantae,Magnoliopsida,Asteraceae,False,terrestrial,
Gran Concepcion,6109637,1,Cynodon dactylon,Plantae,Liliopsida,Poaceae,True,terrestrial,
Gran Concepcion,8149099,1,Chenopodium murale,Plantae,Liliopsida,Chenopodiaceae,True,terrestrial,
Gran Concepcion,8370958,1,Chamomilla recutita,Plantae,Magnoliopsida,Asteraceae,True,terrestrial,
Gran Concepcion,4989904,127,Harmonia axyridis,Animalia,Insecta,Coccinellidae,False,terrestrial,chinita asiática
Gran Concepcion,2925895,64,Echium plantagineum,Plantae,Magnoliopsida,Boraginaceae,True,terrestrial,
Gran Concepcion,2975667,35,Galega officinalis,Plantae,Magnoliopsida,Fabaceae,False,terrestrial,galega
Gran Concepcion,3034922,29,Foeniculum vulgare,Plantae,Magnoliopsida,Apiaceae,False,terrestrial,hinojo
Gran Concepcion,2888380,25,Eschscholzia californica,Plantae,Magnoliopsida,Papaveraceae,True,terrestrial,amapola de California
Gran Concepcion,5414995,20,Digitalis purpurea,Plantae,Magnoliopsida,Plantaginaceae,False,terrestrial,
Gran Concepcion,2925892,19,Echium vulgare,Plantae,Magnoliopsida,Boraginaceae,False,terrestrial,
Gran Concepcion,3034742,19,Daucus carota,Plantae,Magnoliopsida,Apiaceae,False,terrestrial,
Gran Concepcion,3176787,15,Eucalyptus globulus,Plantae,Magnoliopsida,Myrtaceae,True,terrestrial,
Gran Concepcion,2888816,14,Dipsacus sativus,Plantae,Magnoliopsida,Dipsacaceae,False,terrestrial,
Gran Concepcion,4286975,14,Cyprinus carpio,Animalia,Actinopterygii,Cyprinidae,True,freshwater,
Gran Concepcion,2435035,12,Felis catus,Animalia,Mammalia,Felidae,True,terrestrial,
Gran Concepcion,2715482,11,Cyperus eragrostis,Plantae,Liliopsida,Cyperaceae,False,terrestrial|freshwater,
Gran Concepcion,2928751,11,Datura stramonium,Plantae,Magnoliopsida,Solanaceae,False,terrestrial,
Gran Concepcion,2705308,10,Dactylis glomerata,Plantae,Liliopsida,Poaceae,False,terrestrial,
Gran Concepcion,3066386,8,Euphorbia peplus,Plantae,Magnoliopsida,Euphorbiaceae,False,terrestrial,
Gran Concepcion,5334218,7,Fumaria capreolata,Plantae,Magnoliopsida,Papaveraceae,False,terrestrial,flor de la culebra
Gran Concepcion,3066965,6,Euphorbia lathyris,Plantae,Magnoliopsida,Euphorbiaceae,False,terrestrial,
Gran Concepcion,3147168,6,Erigeron karvinskianus,Plantae,Magnoliopsida,Asteraceae,True,terrestrial,
Gran Concepcion,2440886,5,Equus caballus,Animalia,Mammalia,Equidae,False,terrestrial,
Gran Concepcion,2913548,4,Galium aparine,Plantae,Magnoliopsida,Rubiaceae,False,terrestrial,
Gran Concepcion,2890040,3,Geranium dissectum,Plantae,Magnoliopsida,Geraniaceae,False,terrestrial,
Gran Concepcion,2890541,3,Geranium purpureum,Plantae,Magnoliopsida,Geraniaceae,False,terrestrial,
Gran Concepcion,2891488,3,Geranium molle,Plantae,Magnoliopsida,Geraniaceae,False,terrestrial,
Gran Concepcion,5365717,3,Duchesnea indica,Plantae,Magnoliopsida,Rosaceae,False,terrestrial,
Gran Concepcion,2350570,2,Gambusia holbrooki,Animalia,Actinopterygii,Poeciliidae,True,freshwater|brackish,
Gran Concepcion,5329263,2,Egeria densa,Plantae,Liliopsida,Hydrocharitaceae,True,freshwater,
Gran Concepcion,5354656,2,Cytisus scoparius,Plantae,Magnoliopsida,Fabaceae,True,terrestrial,
Gran Concepcion,5531376,2,Fumaria agraria,Plantae,Magnoliopsida,Papaveraceae,False,terrestrial,
Gran Concepcion,9485490,2,Erodium cicutarium,Plantae,Magnoliopsida,Geraniaceae,False,terrestrial,alfilerillo
Gran Concepcion,2891628,1,Erodium botrys,Plantae,Magnoliopsida,Geraniaceae,False,terrestrial,
Gran Concepcion,3066367,1,Euphorbia helioscopia,Plantae,Magnoliopsida,Euphorbiaceae,False,terrestrial,
Gran Concepcion,3067119,1,Euphorbia maculata,Plantae,Magnoliopsida,Euphorbiaceae,False,terrestrial,
Gran Concepcion,3085413,1,Dianthus armeria,Plantae,Magnoliopsida,Caryophyllaceae,False,terrestrial,
Gran Concepcion,3119175,1,Helianthus tuberosus,Plantae,Magnoliopsida,Asteraceae,False,terrestrial,
Gran Concepcion,3189152,1,Epilobium obscurum,Plantae,Magnoliopsida,Onagraceae,False,terrestrial,
Gran Concepcion,9419993,1,Erodium moschatum,Plantae,Magnoliopsida,Geraniaceae,False,terrestrial,
Gran Concepcion,2963807,26,Lupinus arboreus,Plantae,Magnoliopsida,Fabaceae,True,terrestrial,
Gran Concepcion,8338793,21,Modiola caroliniana,Plantae,Magnoliopsida,Malvaceae,False,terrestrial,
Gran Concepcion,2873896,17,Linum bienne,Plantae,Magnoliopsida,Linaceae,False,terrestrial,
Gran Concepcion,3189486,14,Hypericum perforatum,Plantae,Magnoliopsida,Hypericaceae,True,terrestrial,
Gran Concepcion,3935079,12,Malva dendromorpha,Plantae,Magnoliopsida,Malvaceae,False,terrestrial,
Gran Concepcion,2927189,11,Mentha pulegium,Plantae,Magnoliopsida,Lamiaceae,True,terrestrial,
Gran Concepcion,2965201,10,Medicago lupulina,Plantae,Magnoliopsida,Fabaceae,True,terrestrial,
Gran Concepcion,5290177,10,Lagurus ovatus,Plantae,Liliopsida,Poaceae,False,terrestrial,
Gran Concepcion,2965531,9,Medicago polymorpha,Plantae,Magnoliopsida,Fabaceae,False,terrestrial,hualputra
Gran Concepcion,3093702,8,Hypochaeris radicata,Plantae,Magnoliopsida,Asteraceae,False,terrestrial,
Gran Concepcion,2965527,7,Medicago arabica,Plantae,Magnoliopsida,Fabaceae,False,terrestrial,
Gran Concepcion,1316908,6,Linepithema humile,Animalia,Insecta,Formicidae,False,terrestrial,hormiga argentina
Gran Concepcion,2701311,4,Juncus effusus,Plantae,Liliopsida,Juncaceae,False,terrestrial|freshwater,
Gran Concepcion,2971016,4,Melilotus indicus,Plantae,Magnoliopsida,Fabaceae,False,terrestrial,trébol de olor
Gran Concepcion,2971095,4,Melilotus albus,Plantae,Magnoliopsida,Fabaceae,True,terrestrial,
Gran Concepcion,3086240,4,Mirabilis jalapa,Plantae,Magnoliopsida,Nyctaginaceae,False,terrestrial,
Gran Concepcion,3134857,3,Lapsana communis,Plantae,Magnoliopsida,Asteraceae,False,terrestrial,
Gran Concepcion,3140346,3,Lactuca virosa,Plantae,Magnoliopsida,Asteraceae,False,terrestrial,
Gran Concepcion,3188747,3,Lythrum hyssopifolia,Plantae,Magnoliopsida,Lythraceae,True,terrestrial|freshwater,
Gran Concepcion,3189525,3,Hypericum androsaemum,Plantae,Magnoliopsida,Hypericaceae,False,terrestrial,
Gran Concepcion,5373358,3,Lobularia maritima,Plantae,Magnoliopsida,Brassicaceae,False,terrestrial,
Gran Concepcion,9151957,3,Medicago sativa,Plantae,Magnoliopsida,Fabaceae,False,terrestrial,
Gran Concepcion,11055820,2,Limnobium laevigatum,Plantae,Liliopsida,Hydrocharitaceae,False,freshwater,
Gran Concepcion,2706241,2,Lolium perenne,Plantae,Liliopsida,Poaceae,False,terrestrial,ballica
Gran Concepcion,2926679,2,Lamium amplexicaule,Plantae,Magnoliopsida,Lamiaceae,False,terrestrial,
Gran Concepcion,3170819,2,Kickxia elatine,Plantae,Magnoliopsida,Plantaginaceae,False,terrestrial,
Gran Concepcion,5357013,2,Lotus corniculatus,Plantae,Magnoliopsida,Fabaceae,True,terrestrial,
Gran Concepcion,6413649,2,Juncus bufonius,Plantae,Liliopsida,Juncaceae,False,terrestrial|freshwater,
Gran Concepcion,7886346,2,Hordeum murinum,Plantae,Liliopsida,Poaceae,False,terrestrial,
Gran Concepcion,7952072,2,Lepus europaeus,Animalia,Mammalia,Leporidae,True,terrestrial,
Gran Concepcion,2434333,1,Lycalopex griseus,Animalia,Mammalia,Canidae,False,terrestrial,
Gran Concepcion,2706164,1,Holcus lanatus,Plantae,Liliopsida,Poaceae,False,terrestrial,
Gran Concepcion,2873861,1,Linum usitatissimum,Plantae,Magnoliopsida,Linaceae,False,terrestrial,
Gran Concepcion,2927069,1,Marrubium vulgare,Plantae,Magnoliopsida,Lamiaceae,True,terrestrial,
Gran Concepcion,2964025,1,Lupinus angustifolius,Plantae,Magnoliopsida,Fabaceae,True,terrestrial,
Gran Concepcion,3152367,1,Malva nicaeensis,Plantae,Magnoliopsida,Malvaceae,True,terrestrial,
Gran Concepcion,3152378,1,Malva parviflora,Plantae,Magnoliopsida,Malvaceae,True,terrestrial,
Gran Concepcion,5341501,1,Melissa officinalis,Plantae,Magnoliopsida,Lamiaceae,True,terrestrial,
Gran Concepcion,5356931,1,Lotus angustissimus,Plantae,Magnoliopsida,Fabaceae,False,terrestrial,
Gran Concepcion,5377378,1,Matthiola incana,Plantae,Magnoliopsida,Brassicaceae,False,terrestrial,
Gran Concepcion,8707933,1,Mentha piperita,Plantae,Magnoliopsida,Lamiaceae,True,terrestrial,
Gran Concepcion,8848598,1,Leucanthemum vulgare,Plantae,Magnoliopsida,Asteraceae,True,terrestrial,
Gran Concepcion,5231190,59,Passer domesticus,Animalia,Aves,Passeridae,False,terrestrial,gorrión
Gran Concepcion,2484396,45,Molothrus bonariensis,Animalia,Aves,Icteridae,True,terrestrial,mirlo / tordo renegrido
Gran Concepcion,5285727,33,Pinus radiata,Plantae,Pinopsida,Pinaceae,True,terrestrial,pino insigne
Gran Concepcion,5341112,30,Phyla canescens,Plantae,Magnoliopsida,Verbenaceae,False,terrestrial,
Gran Concepcion,2891661,24,Oxalis pes-caprae,Plantae,Liliopsida,Oxalidaceae,True,terrestrial,
Gran Concepcion,8208358,18,Plantago lanceolata,Plantae,Magnoliopsida,Plantaginaceae,True,terrestrial,llantén
Gran Concepcion,1114246,12,Phoracantha recurva,Animalia,Insecta,Cerambycidae,False,terrestrial,
Gran Concepcion,3188875,12,Oenothera rosea,Plantae,Magnoliopsida,Onagraceae,True,terrestrial,
Gran Concepcion,3189767,12,Plantago major,Plantae,Magnoliopsida,Plantaginaceae,True,terrestrial,
Gran Concepcion,2436940,10,Oryctolagus cuniculus,Animalia,Mammalia,Leporidae,True,terrestrial,conejo europeo
Gran Concepcion,3085625,9,Petrorhagia dubia,Plantae,Magnoliopsida,Caryophyllaceae,True,terrestrial,
Gran Concepcion,5341784,6,Physalis peruviana,Plantae,Magnoliopsida,Solanaceae,True,terrestrial,
Gran Concepcion,2891664,5,Oxalis articulata,Plantae,Magnoliopsida,Oxalidaceae,True,terrestrial,
Gran Concepcion,2928767,5,Nicotiana sylvestris,Plantae,Magnoliopsida,Solanaceae,False,terrestrial,
Gran Concepcion,7733140,5,Parentucellia viscosa,Plantae,Magnoliopsida,Orobanchaceae,False,terrestrial,
Gran Concepcion,3141855,4,Picris echioides,Plantae,Magnoliopsida,Asteraceae,False,terrestrial,
Gran Concepcion,3189739,4,Plantago coronopus,Plantae,Magnoliopsida,Plantaginaceae,False,terrestrial,
Gran Concepcion,5358265,3,Ornithopus compressus,Plantae,Magnoliopsida,Fabaceae,False,terrestrial,
Gran Concepcion,8049400,3,Parentucellia latifolia,Plantae,Magnoliopsida,Orobanchaceae,False,terrestrial,
Gran Concepcion,8427624,3,Oxalis corniculata,Plantae,Liliopsida,Oxalidaceae,False,terrestrial,
Gran Concepcion,1114140,2,Phoracantha semipunctata,Animalia,Insecta,Cerambycidae,False,terrestrial,
Gran Concepcion,2479407,2,Myiopsitta monachus,Animalia,Aves,Psittacidae,True,terrestrial,cotorra argentina
Gran Concepcion,2888439,2,Papaver somniferum,Plantae,Magnoliopsida,Papaveraceae,False,terrestrial,
Gran Concepcion,2888443,2,Papaver rhoeas,Plantae,Magnoliopsida,Papaveraceae,True,terrestrial,
Gran Concepcion,5204019,2,Oncorhynchus mykiss,Animalia,Actinopterygii,Salmonidae,True,freshwater|brackish|marine,
Gran Concepcion,12186874,1,Myosotis laxa,Plantae,Magnoliopsida,Boraginaceae,False,terrestrial,
Gran Concepcion,2412370,1,Odontesthes bonariensis,Animalia,Actinopterygii,Atherinopsidae,True,freshwater|brackish|marine,
Gran Concepcion,2477581,1,Nothoprocta perdicaria,Animalia,Aves,Tinamidae,False,terrestrial,
Gran Concepcion,3085381,1,Polycarpon tetraphyllum,Plantae,Magnoliopsida,Caryophyllaceae,False,terrestrial,
Gran Concepcion,3173271,1,Orobanche minor,Plantae,Magnoliopsida,Orobanchaceae,True,terrestrial,
Gran Concepcion,7821030,1,Polygonum aviculare,Plantae,Magnoliopsida,Polygonaceae,False,terrestrial,
Gran Concepcion,2996929,37,Rubus ulmifolius,Plantae,Magnoliopsida,Rosaceae,True,terrestrial,zarzamora
Gran Concepcion,3033339,27,Ranunculus repens,Plantae,Magnoliopsida,Ranunculaceae,True,terrestrial,
Gran Concepcion,5341297,25,Prunella vulgaris,Plantae,Magnoliopsida,Lamiaceae,False,terrestrial,
Gran Concepcion,5384848,21,Silene gallica,Plantae,Magnoliopsida,Caryophyllaceae,False,terrestrial,
Gran Concepcion,2888995,14,Rumex acetosella,Plantae,Magnoliopsida,Polygonaceae,False,terrestrial,
Gran Concepcion,3145214,14,Silybum marianum,Plantae,Magnoliopsida,Asteraceae,False,terrestrial,cardo mariano
Gran Concepcion,8174785,13,Rosa rubiginosa,Plantae,Magnoliopsida,Rosaceae,False,terrestrial,rosa mosqueta
Gran Concepcion,5364245,11,Sanguisorba minor,Plantae,Magnoliopsida,Rosaceae,False,terrestrial,
Gran Concepcion,5339050,8,Sherardia arvensis,Plantae,Magnoliopsida,Rubiaceae,False,terrestrial,
Gran Concepcion,7678610,8,Raphanus sativus,Plantae,Magnoliopsida,Brassicaceae,True,terrestrial,
Gran Concepcion,5352251,7,Robinia pseudoacacia,Plantae,Magnoliopsida,Fabaceae,False,terrestrial,
Gran Concepcion,5372639,7,Salix babylonica,Plantae,Magnoliopsida,Salicaceae,False,terrestrial,sauce llorón
Gran Concepcion,7538163,7,Solanum marginatum,Plantae,Magnoliopsida,Solanaceae,False,terrestrial,
Gran Concepcion,2439261,6,Rattus norvegicus,Animalia,Mammalia,Muridae,True,terrestrial,rata gris
Gran Concepcion,2984366,5,Soleirolia soleirolii,Plantae,Magnoliopsida,Rosaceae,False,terrestrial,
Gran Concepcion,3033318,5,Ranunculus muricatus,Plantae,Magnoliopsida,Ranunculaceae,True,terrestrial,
Gran Concepcion,3040227,5,Populus nigra,Plantae,Magnoliopsida,Salicaceae,False,terrestrial,
Gran Concepcion,3040983,5,Raphanus raphanistrum,Plantae,Magnoliopsida,Brassicaceae,True,terrestrial,
Gran Concepcion,3108983,4,Senecio vulgaris,Plantae,Magnoliopsida,Asteraceae,False,terrestrial,
Gran Concepcion,3084719,3,Portulaca oleracea,Plantae,Magnoliopsida,Portulacaceae,False,terrestrial,
Gran Concepcion,3105782,3,Sonchus asper,Plantae,Magnoliopsida,Asteraceae,False,terrestrial,
Gran Concepcion,2888728,2,Sambucus nigra,Plantae,Magnoliopsida,Adoxaceae,False,terrestrial,
Gran Concepcion,3085360,2,Saponaria officinalis,Plantae,Magnoliopsida,Caryophyllaceae,False,terrestrial,
Gran Concepcion,3190381,2,Ruta chalepensis,Plantae,Magnoliopsida,Rutaceae,False,terrestrial,
Gran Concepcion,5373368,2,Rapistrum rugosum,Plantae,Magnoliopsida,Brassicaceae,True,terrestrial,
Gran Concepcion,7301010,2,Scabiosa atropurpurea,Plantae,Magnoliopsida,Dipsacaceae,False,terrestrial,
Gran Concepcion,8215487,2,Salmo trutta,Animalia,Actinopterygii,Salmonidae,True,freshwater|brackish|marine,
Gran Concepcion,2439270,1,Rattus rattus,Animalia,Mammalia,Muridae,True,terrestrial,rata negra
Gran Concepcion,2889011,1,Rumex obtusifolius,Plantae,Magnoliopsida,Polygonaceae,True,terrestrial,
Gran Concepcion,3083957,1,Salsola kali,Plantae,Magnoliopsida,Chenopodiaceae,False,terrestrial,
Gran Concepcion,3107987,1,Senecio sylvaticus,Plantae,Magnoliopsida,Asteraceae,False,terrestrial,
Gran Concepcion,3131229,1,Pseudognaphalium luteoalbum,Plantae,Magnoliopsida,Asteraceae,False,terrestrial,
Gran Concepcion,3170875,1,Scrophularia auriculata,Plantae,Magnoliopsida,Scrophulariaceae,False,terrestrial,
Gran Concepcion,5289919,1,Polypogon viridis,Plantae,Liliopsida,Poaceae,True,terrestrial,
Gran Concepcion,5380041,1,Ricinus communis,Plantae,Magnoliopsida,Euphorbiaceae,True,terrestrial,
Gran Concepcion,6409706,1,Salvia verbenaca,Plantae,Magnoliopsida,Lamiaceae,False,terrestrial,
Gran Concepcion,8195144,1,Rumex crispus,Plantae,Magnoliopsida,Polygonaceae,False,terrestrial,
Gran Concepcion,8941837,1,Sagina apetala,Plantae,Magnoliopsida,Caryophyllaceae,False,terrestrial,
Gran Concepcion,9150405,1,Solanum nigrum,Plantae,Magnoliopsida,Solanaceae,False,terrestrial,
Gran Concepcion,5347796,73,Teline monspessulana,Plantae,Magnoliopsida,Fabaceae,True,terrestrial,
Gran Concepcion,3169708,56,Vinca major,Plantae,Magnoliopsida,Apocynaceae,False,terrestrial,
Gran Concepcion,2951984,29,Ulex europaeus,Plantae,Magnoliopsida,Fabaceae,True,terrestrial,espinillo
Gran Concepcion,3171954,28,Verbascum virgatum,Plantae,Magnoliopsida,Scrophulariaceae,False,terrestrial,verbasco
Gran Concepcion,2889934,25,Tropaeolum majus,Plantae,Magnoliopsida,Tropaeolaceae,False,terrestrial,
Gran Concepcion,5358748,20,Trifolium repens,Plantae,Magnoliopsida,Fabaceae,False,terrestrial,trébol blanco
Gran Concepcion,1311649,15,Vespula germanica,Animalia,Insecta,Vespidae,True,terrestrial,avispa chaqueta amarilla
Gran Concepcion,5394163,14,Taraxacum officinale,Plantae,Magnoliopsida,Asteraceae,True,terrestrial,diente de león
Gran Concepcion,3172077,13,Veronica persica,Plantae,Magnoliopsida,Plantaginaceae,False,terrestrial,
Gran Concepcion,5554574,13,Tetragonia tetragonoides,Plantae,Magnoliopsida,Aizoaceae,False,terrestrial,
Gran Concepcion,2765156,11,Tradescantia fluminensis,Plantae,Liliopsida,Commelinaceae,False,terrestrial,
Gran Concepcion,2868827,10,Zantedeschia aethiopica,Plantae,Liliopsida,Araceae,False,terrestrial|freshwater,
Gran Concepcion,2975014,10,Vicia sativa,Plantae,Magnoliopsida,Fabaceae,False,terrestrial,
Gran Concepcion,2443002,9,Trachemys scripta,Animalia,Reptilia,Emydidae,False,terrestrial|freshwater,
Gran Concepcion,3172057,9,Veronica serpyllifolia,Plantae,Magnoliopsida,Plantaginaceae,False,terrestrial,
Gran Concepcion,5359429,9,Trifolium dubium,Plantae,Liliopsida,Fabaceae,False,terrestrial,
Gran Concepcion,5359330,7,Trifolium subterraneum,Plantae,Magnoliopsida,Fabaceae,False,terrestrial,
Gran Concepcion,5384604,7,Stellaria media,Plantae,Magnoliopsida,Caryophyllaceae,False,terrestrial,
Gran Concepcion,5359395,6,Trifolium angustifolium,Plantae,Magnoliopsida,Fabaceae,False,terrestrial,
Gran Concepcion,3172048,5,Veronica arvensis,Plantae,Magnoliopsida,Plantaginaceae,False,terrestrial,
Gran Concepcion,5359510,5,Trifolium tomentosum,Plantae,Magnoliopsida,Fabaceae,False,terrestrial,
Gran Concepcion,3118430,4,Tanacetum parthenium,Plantae,Magnoliopsida,Asteraceae,False,terrestrial,
Gran Concepcion,3171949,4,Verbascum thapsus,Plantae,Magnoliopsida,Scrophulariaceae,True,terrestrial,
Gran Concepcion,3172086,4,Veronica anagallis-aquatica,Plantae,Magnoliopsida,Plantaginaceae,False,terrestrial|freshwater,
Gran Concepcion,5358694,4,Trifolium glomeratum,Plantae,Magnoliopsida,Fabaceae,False,terrestrial,
Gran Concepcion,5359477,3,Trifolium campestre,Plantae,Magnoliopsida,Fabaceae,False,terrestrial,
Gran Concepcion,5361815,3,Urtica urens,Plantae,Magnoliopsida,Urticaceae,False,terrestrial,
Gran Concepcion,8324121,3,Trifolium pratense,Plantae,Liliopsida,Fabaceae,False,terrestrial,
Gran Concepcion,3085633,2,Spergularia rubra,Plantae,Magnoliopsida,Caryophyllaceae,False,terrestrial,
Gran Concepcion,3089150,2,Xanthium catharticum,Plantae,Magnoliopsida,Asteraceae,False,terrestrial,
Gran Concepcion,5331235,2,Viola arvensis,Plantae,Magnoliopsida,Violaceae,False,terrestrial,
Gran Concepcion,2702870,1,Stenotaphrum secundatum,Plantae,Liliopsida,Poaceae,False,terrestrial,
Gran Concepcion,2975384,1,Vicia benghalensis,Plantae,Magnoliopsida,Fabaceae,False,terrestrial,
Gran Concepcion,3097166,1,Tolpis barbata,Plantae,Magnoliopsida,Asteraceae,False,terrestrial,
Gran Concepcion,3171939,1,Verbascum densiflorum,Plantae,Magnoliopsida,Scrophulariaceae,False,terrestrial,
Gran Concepcion,5331181,1,Viola odorata,Plantae,Magnoliopsida,Violaceae,False,terrestrial,
Gran Concepcion,5359246,1,Trifolium arvense,Plantae,Magnoliopsida,Fabaceae,False,terrestrial,
Gran Concepcion,5361865,1,Ulmus minor,Plantae,Magnoliopsida,Ulmaceae,False,terrestrial,
Gran Concepcion,5421116,1,Tribulus terrestris,Plantae,Magnoliopsida,Zygophyllaceae,True,terrestrial,
Gran Concepcion,7570897,1,Spergularia media,Plantae,Magnoliopsida,Caryophyllaceae,False,terrestrial,
Gran Concepcion,7736551,1,Spergularia marina,Plantae,Magnoliopsida,Caryophyllaceae,False,terrestrial,
Gran La Serena,1340503,81,Bombus terrestris,Animalia,Insecta,Apidae,True,terrestrial,abejorro europeo
Gran La Serena,8184903,10,Anagallis arvensis,Plantae,Magnoliopsida,Primulaceae,True,terrestrial,
Gran La Serena,2778437,4,Asphodelus fistulosus,Plantae,Liliopsida,Xanthorrhoeaceae,True,terrestrial,
Gran La Serena,2441022,3,Bos taurus,Animalia,Mammalia,Bovidae,True,terrestrial,
Gran La Serena,2979000,3,Acacia melanoxylon,Plantae,Magnoliopsida,Fabaceae,False,terrestrial,aromo negro
Gran La Serena,3083667,2,Atriplex semibaccata,Plantae,Magnoliopsida,Chenopodiaceae,True,terrestrial,
Gran La Serena,3190653,2,Ailanthus altissima,Plantae,Magnoliopsida,Simaroubaceae,False,terrestrial,árbol del cielo
Gran La Serena,3974754,2,Acacia karroo,Plantae,Magnoliopsida,Fabaceae,False,terrestrial,
Gran La Serena,5200757,2,Botryllus schlosseri,Animalia,Ascidiacea,Styelidae,False,marine,
Gran La Serena,2703041,1,Arundo donax,Plantae,Liliopsida,Poaceae,True,terrestrial,
Gran La Serena,2979474,1,Acacia dealbata,Plantae,Magnoliopsida,Fabaceae,True,terrestrial,aromo australiano
Gran La Serena,3152633,1,Abutilon grandifolium,Plantae,Magnoliopsida,Malvaceae,False,terrestrial,
Gran La Serena,8971274,1,Beta vulgaris,Plantae,Magnoliopsida,Chenopodiaceae,False,terrestrial,
Gran La Serena,2480830,69,Bubulcus ibis,Animalia,Aves,Ardeidae,True,terrestrial|freshwater,garza boyera
Gran La Serena,2495414,54,Columba livia,Animalia,Aves,Columbidae,False,terrestrial,paloma doméstica
Gran La Serena,5219173,45,Canis lupus,Animalia,Mammalia,Canidae,False,terrestrial,
Gran La Serena,3112110,24,Cotula coronopifolia,Plantae,Magnoliopsida,Asteraceae,False,terrestrial,
Gran La Serena,7627205,22,Chrysanthemum coronarium,Plantae,Magnoliopsida,Asteraceae,True,terrestrial,
Gran La Serena,3112801,21,Cirsium vulgare,Plantae,Magnoliopsida,Asteraceae,True,terrestrial,
Gran La Serena,5858758,16,Cornu aspersum,Animalia,Gastropoda,Helicidae,True,terrestrial,caracol de jardín
Gran La Serena,5228080,14,Callipepla californica,Animalia,Aves,Odontophoridae,False,terrestrial,codorniz de California
Gran La Serena,5392252,14,Cichorium intybus,Plantae,Magnoliopsida,Asteraceae,True,terrestrial,chicoria
Gran La Serena,2441056,13,Capra hircus,Animalia,Mammalia,Bovidae,True,terrestrial,
Gran La Serena,8200663,13,Cymbalaria muralis,Plantae,Magnoliopsida,Plantaginaceae,False,terrestrial,
Gran La Serena,2370771,10,Cichlasoma facetum,Animalia,Actinopterygii,Cichlidae,True,freshwater,
Gran La Serena,9751099,10,Cairina moschata,Animalia,Aves,Anatidae,False,terrestrial|freshwater,
Gran La Serena,4984851,6,Bugula neritina,Animalia,Gymnolaemata,Bugulidae,True,marine,
Gran La Serena,2928390,2,Convolvulus arvensis,Plantae,Magnoliopsida,Convolvulaceae,False,terrestrial,
Gran La Serena,3112364,2,Cynara cardunculus,Plantae,Magnoliopsida,Asteraceae,False,terrestrial,
Gran La Serena,5178082,2,Caprella scaura,Animalia,Malacostraca,Caprellidae,False,marine,
Gran La Serena,7820753,2,Crassostrea gigas,Animalia,Bivalvia,Ostreidae,True,marine,
Gran La Serena,8149099,2,Chenopodium murale,Plantae,Liliopsida,Chenopodiaceae,True,terrestrial,
Gran La Serena,8181293,2,Bugula flabellata,Animalia,Gymnolaemata,Bugulidae,True,marine,
Gran La Serena,2329622,1,Ciona intestinalis,Animalia,Ascidiacea,Cionidae,True,marine,
Gran La Serena,2891930,1,Casuarina equisetifolia,Plantae,Magnoliopsida,Casuarinaceae,False,terrestrial,
Gran La Serena,5391480,1,Calendula officinalis,Plantae,Magnoliopsida,Asteraceae,True,terrestrial,
Gran La Serena,7903057,1,Brassica rapa,Plantae,Magnoliopsida,Brassicaceae,True,terrestrial,yuyo
Gran La Serena,8370958,1,Chamomilla recutita,Plantae,Magnoliopsida,Asteraceae,True,terrestrial,
Gran La Serena,8542672,1,Cotula australis,Plantae,Magnoliopsida,Asteraceae,False,terrestrial,
Gran La Serena,2435035,29,Felis catus,Animalia,Mammalia,Felidae,True,terrestrial,
Gran La Serena,5554961,16,Galenia pubescens,Plantae,Magnoliopsida,Aizoaceae,False,terrestrial,
Gran La Serena,4989904,14,Harmonia axyridis,Animalia,Insecta,Coccinellidae,False,terrestrial,chinita asiática
Gran La Serena,5531376,14,Fumaria agraria,Plantae,Magnoliopsida,Papaveraceae,False,terrestrial,
Gran La Serena,9485490,13,Erodium cicutarium,Plantae,Magnoliopsida,Geraniaceae,False,terrestrial,alfilerillo
Gran La Serena,2888380,8,Eschscholzia californica,Plantae,Magnoliopsida,Papaveraceae,True,terrestrial,amapola de California
Gran La Serena,2440886,6,Equus caballus,Animalia,Mammalia,Equidae,False,terrestrial,
Gran La Serena,3034922,6,Foeniculum vulgare,Plantae,Magnoliopsida,Apiaceae,False,terrestrial,hinojo
Gran La Serena,3066386,4,Euphorbia peplus,Plantae,Magnoliopsida,Euphorbiaceae,False,terrestrial,
Gran La Serena,2913548,3,Galium aparine,Plantae,Magnoliopsida,Rubiaceae,False,terrestrial,
Gran La Serena,2928751,3,Datura stramonium,Plantae,Magnoliopsida,Solanaceae,False,terrestrial,
Gran La Serena,5334218,3,Fumaria capreolata,Plantae,Magnoliopsida,Papaveraceae,False,terrestrial,flor de la culebra
Gran La Serena,3147168,2,Erigeron karvinskianus,Plantae,Magnoliopsida,Asteraceae,True,terrestrial,
Gran La Serena,3176787,2,Eucalyptus globulus,Plantae,Magnoliopsida,Myrtaceae,True,terrestrial,
Gran La Serena,4286975,2,Cyprinus carpio,Animalia,Actinopterygii,Cyprinidae,True,freshwater,
Gran La Serena,2713559,1,Cyperus laevigatus,Plantae,Liliopsida,Cyperaceae,False,terrestrial|freshwater,
Gran La Serena,2890040,1,Geranium dissectum,Plantae,Magnoliopsida,Geraniaceae,False,terrestrial,
Gran La Serena,3050595,1,Hirschfeldia incana,Plantae,Magnoliopsida,Brassicaceae,False,terrestrial,
Gran La Serena,3593900,1,Herniaria cinerea,Plantae,Magnoliopsida,Caryophyllaceae,False,terrestrial,
Gran La Serena,5375920,1,Eruca vesicaria,Plantae,Magnoliopsida,Brassicaceae,False,terrestrial,
Gran La Serena,9297163,1,Erodium malacoides,Plantae,Magnoliopsida,Geraniaceae,False,terrestrial,
Gran La Serena,3084839,50,Mesembryanthemum crystallinum,Plantae,Magnoliopsida,Aizoaceae,False,terrestrial,
Gran La Serena,1316908,17,Linepithema humile,Animalia,Insecta,Formicidae,False,terrestrial,hormiga argentina
Gran La Serena,3935079,12,Malva dendromorpha,Plantae,Magnoliopsida,Malvaceae,False,terrestrial,
Gran La Serena,2971016,11,Melilotus indicus,Plantae,Magnoliopsida,Fabaceae,False,terrestrial,trébol de olor
Gran La Serena,3172129,9,Linaria texana,Plantae,Magnoliopsida,Plantaginaceae,False,terrestrial,
Gran La Serena,2434333,8,Lycalopex griseus,Animalia,Mammalia,Canidae,False,terrestrial,
Gran La Serena,2927069,6,Marrubium vulgare,Plantae,Magnoliopsida,Lamiaceae,True,terrestrial,
Gran La Serena,2965201,4,Medicago lupulina,Plantae,Magnoliopsida,Fabaceae,True,terrestrial,
Gran La Serena,3171145,4,Misopates orontium,Plantae,Magnoliopsida,Plantaginaceae,False,terrestrial,
Gran La Serena,5373358,4,Lobularia maritima,Plantae,Magnoliopsida,Brassicaceae,False,terrestrial,
Gran La Serena,9151957,4,Medicago sativa,Plantae,Magnoliopsida,Fabaceae,False,terrestrial,
Gran La Serena,3152378,3,Malva parviflora,Plantae,Magnoliopsida,Malvaceae,True,terrestrial,
Gran La Serena,3935047,3,Malva assurgentiflora,Plantae,Magnoliopsida,Malvaceae,False,terrestrial,
Gran La Serena,7886346,3,Hordeum murinum,Plantae,Liliopsida,Poaceae,False,terrestrial,
Gran La Serena,7952072,3,Lepus europaeus,Animalia,Mammalia,Leporidae,True,terrestrial,
Gran La Serena,3084837,2,Mesembryanthemum nodiflorum,Plantae,Magnoliopsida,Aizoaceae,False,terrestrial,
Gran La Serena,11055820,1,Limnobium laevigatum,Plantae,Liliopsida,Hydrocharitaceae,False,freshwater,
Gran La Serena,2219218,1,Jassa marmorata,Animalia,Malacostraca,Ischyroceridae,False,marine,
Gran La Serena,2873861,1,Linum usitatissimum,Plantae,Magnoliopsida,Linaceae,False,terrestrial,
Gran La Serena,2928576,1,Ipomoea purpurea,Plantae,Magnoliopsida,Convolvulaceae,False,terrestrial,
Gran La Serena,2971095,1,Melilotus albus,Plantae,Magnoliopsida,Fabaceae,True,terrestrial,
Gran La Serena,3086240,1,Mirabilis jalapa,Plantae,Magnoliopsida,Nyctaginaceae,False,terrestrial,
Gran La Serena,3756029,1,Maireana brevifolia,Plantae,Magnoliopsida,Chenopodiaceae,False,terrestrial,
Gran La Serena,5289762,1,Lamarckia aurea,Plantae,Liliopsida,Poaceae,False,terrestrial,
Gran La Serena,5289906,1,Lophochloa cristata,Plantae,Liliopsida,Poaceae,False,terrestrial,
Gran La Serena,5357013,1,Lotus corniculatus,Plantae,Magnoliopsida,Fabaceae,True,terrestrial,
Gran La Serena,5376925,1,Lepidium bonariense,Plantae,Magnoliopsida,Brassicaceae,True,terrestrial,
Gran La Serena,8848598,1,Leucanthemum vulgare,Plantae,Magnoliopsida,Asteraceae,True,terrestrial,
Gran La Serena,2484396,56,Molothrus bonariensis,Animalia,Aves,Icteridae,True,terrestrial,mirlo / tordo renegrido
Gran La Serena,5231190,47,Passer domesticus,Animalia,Aves,Passeridae,False,terrestrial,gorrión
Gran La Serena,2928783,36,Nicotiana glauca,Plantae,Magnoliopsida,Solanaceae,True,terrestrial,palqui / tabaco cimarrón
Gran La Serena,5341112,35,Phyla canescens,Plantae,Magnoliopsida,Verbenaceae,False,terrestrial,
Gran La Serena,2477581,20,Nothoprocta perdicaria,Animalia,Aves,Tinamidae,False,terrestrial,
Gran La Serena,2891661,19,Oxalis pes-caprae,Plantae,Liliopsida,Oxalidaceae,True,terrestrial,
Gran La Serena,2436940,16,Oryctolagus cuniculus,Animalia,Mammalia,Leporidae,True,terrestrial,conejo europeo
Gran La Serena,2888439,11,Papaver somniferum,Plantae,Magnoliopsida,Papaveraceae,False,terrestrial,
Gran La Serena,1114140,8,Phoracantha semipunctata,Animalia,Insecta,Cerambycidae,False,terrestrial,
Gran La Serena,2479407,7,Myiopsitta monachus,Animalia,Aves,Psittacidae,True,terrestrial,cotorra argentina
Gran La Serena,8208358,3,Plantago lanceolata,Plantae,Magnoliopsida,Plantaginaceae,True,terrestrial,llantén
Gran La Serena,1114246,2,Phoracantha recurva,Animalia,Insecta,Cerambycidae,False,terrestrial,
Gran La Serena,3188875,2,Oenothera rosea,Plantae,Magnoliopsida,Onagraceae,True,terrestrial,
Gran La Serena,5341766,2,Physalis viscosa,Plantae,Magnoliopsida,Solanaceae,True,terrestrial,
Gran La Serena,2928774,1,Nicotiana tabacum,Plantae,Liliopsida,Solanaceae,False,terrestrial,
Gran La Serena,3141855,1,Picris echioides,Plantae,Magnoliopsida,Asteraceae,False,terrestrial,
Gran La Serena,3189767,1,Plantago major,Plantae,Magnoliopsida,Plantaginaceae,True,terrestrial,
Gran La Serena,5341784,1,Physalis peruviana,Plantae,Magnoliopsida,Solanaceae,True,terrestrial,
Gran La Serena,5361801,1,Parietaria judaica,Plantae,Magnoliopsida,Urticaceae,True,terrestrial,
Gran La Serena,5380041,9,Ricinus communis,Plantae,Magnoliopsida,Euphorbiaceae,True,terrestrial,
Gran La Serena,7678610,7,Raphanus sativus,Plantae,Magnoliopsida,Brassicaceae,True,terrestrial,
Gran La Serena,3145214,4,Silybum marianum,Plantae,Magnoliopsida,Asteraceae,False,terrestrial,cardo mariano
Gran La Serena,4937445,4,Solanum radicans,Plantae,Magnoliopsida,Solanaceae,False,terrestrial,
Gran La Serena,3108983,3,Senecio vulgaris,Plantae,Magnoliopsida,Asteraceae,False,terrestrial,
Gran La Serena,2439261,2,Rattus norvegicus,Animalia,Mammalia,Muridae,True,terrestrial,rata gris
Gran La Serena,3040983,2,Raphanus raphanistrum,Plantae,Magnoliopsida,Brassicaceae,True,terrestrial,
Gran La Serena,3083957,2,Salsola kali,Plantae,Magnoliopsida,Chenopodiaceae,False,terrestrial,
Gran La Serena,3040227,1,Populus nigra,Plantae,Magnoliopsida,Salicaceae,False,terrestrial,
Gran La Serena,3131229,1,Pseudognaphalium luteoalbum,Plantae,Magnoliopsida,Asteraceae,False,terrestrial,
Gran La Serena,3169313,1,Samolus valerandi,Plantae,Magnoliopsida,Primulaceae,False,terrestrial,
Gran La Serena,5352251,1,Robinia pseudoacacia,Plantae,Magnoliopsida,Fabaceae,False,terrestrial,
Gran La Serena,5372639,1,Salix babylonica,Plantae,Magnoliopsida,Salicaceae,False,terrestrial,sauce llorón
Gran La Serena,5373368,1,Rapistrum rugosum,Plantae,Magnoliopsida,Brassicaceae,True,terrestrial,
Gran La Serena,5384848,1,Silene gallica,Plantae,Magnoliopsida,Caryophyllaceae,False,terrestrial,
Gran La Serena,7538163,1,Solanum marginatum,Plantae,Magnoliopsida,Solanaceae,False,terrestrial,
Gran La Serena,2889934,20,Tropaeolum majus,Plantae,Magnoliopsida,Tropaeolaceae,False,terrestrial,
Gran La Serena,3171954,12,Verbascum virgatum,Plantae,Magnoliopsida,Scrophulariaceae,False,terrestrial,verbasco
Gran La Serena,1311649,10,Vespula germanica,Animalia,Insecta,Vespidae,True,terrestrial,avispa chaqueta amarilla
Gran La Serena,2443002,9,Trachemys scripta,Animalia,Reptilia,Emydidae,False,terrestrial|freshwater,
Gran La Serena,5358748,8,Trifolium repens,Plantae,Magnoliopsida,Fabaceae,False,terrestrial,trébol blanco
Gran La Serena,2868827,5,Zantedeschia aethiopica,Plantae,Liliopsida,Araceae,False,terrestrial|freshwater,
Gran La Serena,5394163,4,Taraxacum officinale,Plantae,Magnoliopsida,Asteraceae,True,terrestrial,diente de león
Gran La Serena,3089150,3,Xanthium catharticum,Plantae,Magnoliopsida,Asteraceae,False,terrestrial,
Gran La Serena,5289534,2,Typha domingensis,Plantae,Liliopsida,Typhaceae,False,terrestrial|freshwater|brackish,
Gran La Serena,5361815,2,Urtica urens,Plantae,Magnoliopsida,Urticaceae,False,terrestrial,
Gran La Serena,3118430,1,Tanacetum parthenium,Plantae,Magnoliopsida,Asteraceae,False,terrestrial,
Gran La Serena,3172048,1,Veronica arvensis,Plantae,Magnoliopsida,Plantaginaceae,False,terrestrial,
Gran La Serena,3172077,1,Veronica persica,Plantae,Magnoliopsida,Plantaginaceae,False,terrestrial,
Gran La Serena,3172086,1,Veronica anagallis-aquatica,Plantae,Magnoliopsida,Plantaginaceae,False,terrestrial|freshwater,
Gran La Serena,5358935,1,Trifolium fragiferum,Plantae,Magnoliopsida,Fabaceae,False,terrestrial,
Gran La Serena,7570897,1,Spergularia media,Plantae,Magnoliopsida,Caryophyllaceae,False,terrestrial,
Gran La Serena,7705930,1,Sus scrofa,Animalia,Mammalia,Suidae,True,terrestrial,jabalí
Gran La Serena,7736551,1,Spergularia marina,Plantae,Magnoliopsida,Caryophyllaceae,False,terrestrial,
Antofagasta,2703041,3,Arundo donax,Plantae,Liliopsida,Poaceae,True,terrestrial,
Antofagasta,3083652,1,Atriplex nummularia,Plantae,Magnoliopsida,Chenopodiaceae,False,terrestrial,
Antofagasta,5371879,1,Apium graveolens,Plantae,Magnoliopsida,Apiaceae,False,terrestrial,
Antofagasta,9657641,1,Acacia visco,Plantae,Magnoliopsida,Fabaceae,False,terrestrial,
Antofagasta,2495414,8,Columba livia,Animalia,Aves,Columbidae,False,terrestrial,paloma doméstica
Antofagasta,5858758,8,Cornu aspersum,Animalia,Gastropoda,Helicidae,True,terrestrial,caracol de jardín
Antofagasta,2480830,5,Bubulcus ibis,Animalia,Aves,Ardeidae,True,terrestrial|freshwater,garza boyera
Antofagasta,5219173,5,Canis lupus,Animalia,Mammalia,Canidae,False,terrestrial,
Antofagasta,8149099,3,Chenopodium murale,Plantae,Liliopsida,Chenopodiaceae,True,terrestrial,
Antofagasta,2435035,6,Felis catus,Animalia,Mammalia,Felidae,True,terrestrial,
Antofagasta,2975667,1,Galega officinalis,Plantae,Magnoliopsida,Fabaceae,False,terrestrial,galega
Antofagasta,3034922,1,Foeniculum vulgare,Plantae,Magnoliopsida,Apiaceae,False,terrestrial,hinojo
Antofagasta,3935079,4,Malva dendromorpha,Plantae,Magnoliopsida,Malvaceae,False,terrestrial,
Antofagasta,1316908,3,Linepithema humile,Animalia,Insecta,Formicidae,False,terrestrial,hormiga argentina
Antofagasta,9151957,3,Medicago sativa,Plantae,Magnoliopsida,Fabaceae,False,terrestrial,
Antofagasta,2434333,2,Lycalopex griseus,Animalia,Mammalia,Canidae,False,terrestrial,
Antofagasta,5373358,2,Lobularia maritima,Plantae,Magnoliopsida,Brassicaceae,False,terrestrial,
Antofagasta,2706242,1,Lolium temulentum,Plantae,Liliopsida,Poaceae,False,terrestrial,
Antofagasta,2965201,1,Medicago lupulina,Plantae,Magnoliopsida,Fabaceae,True,terrestrial,
Antofagasta,2971016,1,Melilotus indicus,Plantae,Magnoliopsida,Fabaceae,False,terrestrial,trébol de olor
Antofagasta,3084839,1,Mesembryanthemum crystallinum,Plantae,Magnoliopsida,Aizoaceae,False,terrestrial,
Antofagasta,4129708,1,Lolium multiflorum,Plantae,Liliopsida,Poaceae,False,terrestrial,
Antofagasta,2484396,21,Molothrus bonariensis,Animalia,Aves,Icteridae,True,terrestrial,mirlo / tordo renegrido
Antofagasta,2479407,12,Myiopsitta monachus,Animalia,Aves,Psittacidae,True,terrestrial,cotorra argentina
Antofagasta,5231190,12,Passer domesticus,Animalia,Aves,Passeridae,False,terrestrial,gorrión
Antofagasta,2928783,8,Nicotiana glauca,Plantae,Magnoliopsida,Solanaceae,True,terrestrial,palqui / tabaco cimarrón
Antofagasta,3189767,2,Plantago major,Plantae,Magnoliopsida,Plantaginaceae,True,terrestrial,
Antofagasta,1114140,1,Phoracantha semipunctata,Animalia,Insecta,Cerambycidae,False,terrestrial,
Antofagasta,1325561,1,Paratrechina longicornis,Animalia,Insecta,Formicidae,False,terrestrial,
Antofagasta,5289917,1,Polypogon monspeliensis,Plantae,Liliopsida,Poaceae,False,terrestrial,
Antofagasta,5290149,1,Phragmites australis,Plantae,Liliopsida,Poaceae,False,terrestrial|freshwater,
Antofagasta,7429082,1,Mus musculus,Animalia,Mammalia,Muridae,True,terrestrial,ratón doméstico
Antofagasta,5289919,1,Polypogon viridis,Plantae,Liliopsida,Poaceae,True,terrestrial,
Antofagasta,5358748,2,Trifolium repens,Plantae,Magnoliopsida,Fabaceae,False,terrestrial,trébol blanco
Antofagasta,1323402,1,Tetramorium bicarinatum,Animalia,Insecta,Formicidae,False,terrestrial,
Antofagasta,2443002,1,Trachemys scripta,Animalia,Reptilia,Emydidae,False,terrestrial|freshwater,
Antofagasta,2889934,1,Tropaeolum majus,Plantae,Magnoliopsida,Tropaeolaceae,False,terrestrial,
Temuco,2979000,17,Acacia melanoxylon,Plantae,Magnoliopsida,Fabaceae,False,terrestrial,aromo negro
Temuco,1340503,15,Bombus terrestris,Animalia,Insecta,Apidae,True,terrestrial,abejorro europeo
Temuco,2979474,14,Acacia dealbata,Plantae,Magnoliopsida,Fabaceae,True,terrestrial,aromo australiano
Temuco,3120060,6,Achillea millefolium,Plantae,Magnoliopsida,Asteraceae,True,terrestrial,
Temuco,8184903,5,Anagallis arvensis,Plantae,Magnoliopsida,Primulaceae,True,terrestrial,
Temuco,1340383,2,Bombus ruderatus,Animalia,Insecta,Apidae,True,terrestrial,
Temuco,2876213,2,Alnus glutinosa,Plantae,Magnoliopsida,Betulaceae,False,terrestrial,
Temuco,2926110,2,Borago officinalis,Plantae,Magnoliopsida,Boraginaceae,True,terrestrial,
Temuco,5391802,2,Bidens aurea,Plantae,Magnoliopsida,Asteraceae,False,terrestrial,
Temuco,2865100,1,Alisma plantago-aquatica,Plantae,Liliopsida,Alismataceae,False,freshwater,
Temuco,5414976,1,Bartsia trixago,Plantae,Magnoliopsida,Orobanchaceae,False,terrestrial,
Temuco,8971274,1,Beta vulgaris,Plantae,Magnoliopsida,Chenopodiaceae,False,terrestrial,
Temuco,5858758,27,Cornu aspersum,Animalia,Gastropoda,Helicidae,True,terrestrial,caracol de jardín
Temuco,5228080,9,Callipepla californica,Animalia,Aves,Odontophoridae,False,terrestrial,codorniz de California
Temuco,5392252,7,Cichorium intybus,Plantae,Magnoliopsida,Asteraceae,True,terrestrial,chicoria
Temuco,2495414,6,Columba livia,Animalia,Aves,Columbidae,False,terrestrial,paloma doméstica
Temuco,2480830,4,Bubulcus ibis,Animalia,Aves,Ardeidae,True,terrestrial|freshwater,garza boyera
Temuco,3034807,4,Conium maculatum,Plantae,Magnoliopsida,Apiaceae,False,terrestrial,cicuta
Temuco,5391480,4,Calendula officinalis,Plantae,Magnoliopsida,Asteraceae,True,terrestrial,
Temuco,3112801,3,Cirsium vulgare,Plantae,Magnoliopsida,Asteraceae,True,terrestrial,
Temuco,5219173,3,Canis lupus,Animalia,Mammalia,Canidae,False,terrestrial,
Temuco,2702793,1,Briza minor,Plantae,Liliopsida,Poaceae,True,terrestrial,
Temuco,2703723,1,Bromus catharticus,Plantae,Liliopsida,Poaceae,False,terrestrial,
Temuco,2928390,1,Convolvulus arvensis,Plantae,Magnoliopsida,Convolvulaceae,False,terrestrial,
Temuco,5375388,1,Capsella bursa-pastoris,Plantae,Magnoliopsida,Brassicaceae,True,terrestrial,
Temuco,8200663,1,Cymbalaria muralis,Plantae,Magnoliopsida,Plantaginaceae,False,terrestrial,
Temuco,9751099,1,Cairina moschata,Animalia,Aves,Anatidae,False,terrestrial|freshwater,
Temuco,4989904,40,Harmonia axyridis,Animalia,Insecta,Coccinellidae,False,terrestrial,chinita asiática
Temuco,2925892,16,Echium vulgare,Plantae,Magnoliopsida,Boraginaceae,False,terrestrial,
Temuco,2888380,9,Eschscholzia californica,Plantae,Magnoliopsida,Papaveraceae,True,terrestrial,amapola de California
Temuco,2925895,5,Echium plantagineum,Plantae,Magnoliopsida,Boraginaceae,True,terrestrial,
Temuco,3034922,5,Foeniculum vulgare,Plantae,Magnoliopsida,Apiaceae,False,terrestrial,hinojo
Temuco,2435035,4,Felis catus,Animalia,Mammalia,Felidae,True,terrestrial,
Temuco,5414995,4,Digitalis purpurea,Plantae,Magnoliopsida,Plantaginaceae,False,terrestrial,
Temuco,2913548,3,Galium aparine,Plantae,Magnoliopsida,Rubiaceae,False,terrestrial,
Temuco,3034742,3,Daucus carota,Plantae,Magnoliopsida,Apiaceae,False,terrestrial,
Temuco,3066386,3,Euphorbia peplus,Plantae,Magnoliopsida,Euphorbiaceae,False,terrestrial,
Temuco,5354707,3,Cytisus striatus,Plantae,Magnoliopsida,Fabaceae,False,terrestrial,
Temuco,2888816,2,Dipsacus sativus,Plantae,Magnoliopsida,Dipsacaceae,False,terrestrial,
Temuco,2928751,2,Datura stramonium,Plantae,Magnoliopsida,Solanaceae,False,terrestrial,
Temuco,2975667,2,Galega officinalis,Plantae,Magnoliopsida,Fabaceae,False,terrestrial,galega
Temuco,9419993,2,Erodium moschatum,Plantae,Magnoliopsida,Geraniaceae,False,terrestrial,
Temuco,2705308,1,Dactylis glomerata,Plantae,Liliopsida,Poaceae,False,terrestrial,
Temuco,2890040,1,Geranium dissectum,Plantae,Magnoliopsida,Geraniaceae,False,terrestrial,
Temuco,2890668,1,Geranium robertianum,Plantae,Magnoliopsida,Geraniaceae,False,terrestrial,
Temuco,2891488,1,Geranium molle,Plantae,Magnoliopsida,Geraniaceae,False,terrestrial,
Temuco,3066367,1,Euphorbia helioscopia,Plantae,Magnoliopsida,Euphorbiaceae,False,terrestrial,
Temuco,3066965,1,Euphorbia lathyris,Plantae,Magnoliopsida,Euphorbiaceae,False,terrestrial,
Temuco,3172358,1,Fraxinus excelsior,Plantae,Magnoliopsida,Oleaceae,False,terrestrial,
Temuco,3176787,1,Eucalyptus globulus,Plantae,Magnoliopsida,Myrtaceae,True,terrestrial,
Temuco,5334218,1,Fumaria capreolata,Plantae,Magnoliopsida,Papaveraceae,False,terrestrial,flor de la culebra
Temuco,1316908,6,Linepithema humile,Animalia,Insecta,Formicidae,False,terrestrial,hormiga argentina
Temuco,3189486,6,Hypericum perforatum,Plantae,Magnoliopsida,Hypericaceae,True,terrestrial,
Temuco,2963807,5,Lupinus arboreus,Plantae,Magnoliopsida,Fabaceae,True,terrestrial,
Temuco,2965527,4,Medicago arabica,Plantae,Magnoliopsida,Fabaceae,False,terrestrial,
Temuco,3134857,4,Lapsana communis,Plantae,Magnoliopsida,Asteraceae,False,terrestrial,
Temuco,5384741,4,Lychnis coronaria,Plantae,Magnoliopsida,Caryophyllaceae,False,terrestrial,
Temuco,8338793,3,Modiola caroliniana,Plantae,Magnoliopsida,Malvaceae,False,terrestrial,
Temuco,2434333,1,Lycalopex griseus,Animalia,Mammalia,Canidae,False,terrestrial,
Temuco,2873896,1,Linum bienne,Plantae,Magnoliopsida,Linaceae,False,terrestrial,
Temuco,2927189,1,Mentha pulegium,Plantae,Magnoliopsida,Lamiaceae,True,terrestrial,
Temuco,2928576,1,Ipomoea purpurea,Plantae,Magnoliopsida,Convolvulaceae,False,terrestrial,
Temuco,2965201,1,Medicago lupulina,Plantae,Magnoliopsida,Fabaceae,True,terrestrial,
Temuco,5341501,1,Melissa officinalis,Plantae,Magnoliopsida,Lamiaceae,True,terrestrial,
Temuco,7886346,1,Hordeum murinum,Plantae,Liliopsida,Poaceae,False,terrestrial,
Temuco,5231190,21,Passer domesticus,Animalia,Aves,Passeridae,False,terrestrial,gorrión
Temuco,2484396,10,Molothrus bonariensis,Animalia,Aves,Icteridae,True,terrestrial,mirlo / tordo renegrido
Temuco,8208358,6,Plantago lanceolata,Plantae,Magnoliopsida,Plantaginaceae,True,terrestrial,llantén
Temuco,2436940,5,Oryctolagus cuniculus,Animalia,Mammalia,Leporidae,True,terrestrial,conejo europeo
Temuco,2479407,5,Myiopsitta monachus,Animalia,Aves,Psittacidae,True,terrestrial,cotorra argentina
Temuco,3189767,3,Plantago major,Plantae,Magnoliopsida,Plantaginaceae,True,terrestrial,
Temuco,1114140,2,Phoracantha semipunctata,Animalia,Insecta,Cerambycidae,False,terrestrial,
Temuco,2891664,2,Oxalis articulata,Plantae,Magnoliopsida,Oxalidaceae,True,terrestrial,
Temuco,7733140,2,Parentucellia viscosa,Plantae,Magnoliopsida,Orobanchaceae,False,terrestrial,
Temuco,2704179,1,Poa annua,Plantae,Liliopsida,Poaceae,False,terrestrial,
Temuco,2888443,1,Papaver rhoeas,Plantae,Magnoliopsida,Papaveraceae,True,terrestrial,
Temuco,5190769,1,Oxychilus alliarius,Animalia,Gastropoda,Zonitidae,False,terrestrial,
Temuco,5285727,1,Pinus radiata,Plantae,Pinopsida,Pinaceae,True,terrestrial,pino insigne
Temuco,5341177,1,Myosotis discolor,Plantae,Magnoliopsida,Boraginaceae,False,terrestrial,
Temuco,5358265,1,Ornithopus compressus,Plantae,Magnoliopsida,Fabaceae,False,terrestrial,
Temuco,8427624,1,Oxalis corniculata,Plantae,Liliopsida,Oxalidaceae,False,terrestrial,
Temuco,3033339,5,Ranunculus repens,Plantae,Magnoliopsida,Ranunculaceae,True,terrestrial,
Temuco,2996929,4,Rubus ulmifolius,Plantae,Magnoliopsida,Rosaceae,True,terrestrial,zarzamora
Temuco,3145214,4,Silybum marianum,Plantae,Magnoliopsida,Asteraceae,False,terrestrial,cardo mariano
Temuco,2888728,3,Sambucus nigra,Plantae,Magnoliopsida,Adoxaceae,False,terrestrial,
Temuco,2889011,3,Rumex obtusifolius,Plantae,Magnoliopsida,Polygonaceae,True,terrestrial,
Temuco,5341297,3,Prunella vulgaris,Plantae,Magnoliopsida,Lamiaceae,False,terrestrial,
Temuco,5352251,3,Robinia pseudoacacia,Plantae,Magnoliopsida,Fabaceae,False,terrestrial,
Temuco,3108983,2,Senecio vulgaris,Plantae,Magnoliopsida,Asteraceae,False,terrestrial,
Temuco,7678610,2,Raphanus sativus,Plantae,Magnoliopsida,Brassicaceae,True,terrestrial,
Temuco,8174785,2,Rosa rubiginosa,Plantae,Magnoliopsida,Rosaceae,False,terrestrial,rosa mosqueta
Temuco,2439270,1,Rattus rattus,Animalia,Mammalia,Muridae,True,terrestrial,rata negra
Temuco,2888995,1,Rumex acetosella,Plantae,Magnoliopsida,Polygonaceae,False,terrestrial,
Temuco,2984366,1,Soleirolia soleirolii,Plantae,Magnoliopsida,Rosaceae,False,terrestrial,
Temuco,3040227,1,Populus nigra,Plantae,Magnoliopsida,Salicaceae,False,terrestrial,
Temuco,3085360,1,Saponaria officinalis,Plantae,Magnoliopsida,Caryophyllaceae,False,terrestrial,
Temuco,5372639,1,Salix babylonica,Plantae,Magnoliopsida,Salicaceae,False,terrestrial,sauce llorón
Temuco,3169708,13,Vinca major,Plantae,Magnoliopsida,Apocynaceae,False,terrestrial,
Temuco,2951984,10,Ulex europaeus,Plantae,Magnoliopsida,Fabaceae,True,terrestrial,espinillo
Temuco,3171949,7,Verbascum thapsus,Plantae,Magnoliopsida,Scrophulariaceae,True,terrestrial,
Temuco,5358748,6,Trifolium repens,Plantae,Magnoliopsida,Fabaceae,False,terrestrial,trébol blanco
Temuco,1311649,5,Vespula germanica,Animalia,Insecta,Vespidae,True,terrestrial,avispa chaqueta amarilla
Temuco,3172077,5,Veronica persica,Plantae,Magnoliopsida,Plantaginaceae,False,terrestrial,
Temuco,3171954,4,Verbascum virgatum,Plantae,Magnoliopsida,Scrophulariaceae,False,terrestrial,verbasco
Temuco,5347796,4,Teline monspessulana,Plantae,Magnoliopsida,Fabaceae,True,terrestrial,
Temuco,2889934,3,Tropaeolum majus,Plantae,Magnoliopsida,Tropaeolaceae,False,terrestrial,
Temuco,5361815,3,Urtica urens,Plantae,Magnoliopsida,Urticaceae,False,terrestrial,
Temuco,5384604,2,Stellaria media,Plantae,Magnoliopsida,Caryophyllaceae,False,terrestrial,
Temuco,8324121,2,Trifolium pratense,Plantae,Liliopsida,Fabaceae,False,terrestrial,
Temuco,2868827,1,Zantedeschia aethiopica,Plantae,Liliopsida,Araceae,False,terrestrial|freshwater,
Temuco,3089150,1,Xanthium catharticum,Plantae,Magnoliopsida,Asteraceae,False,terrestrial,
Temuco,3118430,1,Tanacetum parthenium,Plantae,Magnoliopsida,Asteraceae,False,terrestrial,
Temuco,3172048,1,Veronica arvensis,Plantae,Magnoliopsida,Plantaginaceae,False,terrestrial,
Temuco,3172057,1,Veronica serpyllifolia,Plantae,Magnoliopsida,Plantaginaceae,False,terrestrial,
Temuco,3172086,1,Veronica anagallis-aquatica,Plantae,Magnoliopsida,Plantaginaceae,False,terrestrial|freshwater,
Temuco,5358683,1,Trifolium striatum,Plantae,Magnoliopsida,Fabaceae,False,terrestrial,
Temuco,5359378,1,Trifolium incarnatum,Plantae,Magnoliopsida,Fabaceae,False,terrestrial,
Temuco,5359429,1,Trifolium dubium,Plantae,Liliopsida,Fabaceae,False,terrestrial,
Temuco,5394163,1,Taraxacum officinale,Plantae,Magnoliopsida,Asteraceae,True,terrestrial,diente de león
Iquique,5371743,1,Anthriscus caucalis,Plantae,Magnoliopsida,Apiaceae,True,terrestrial,
Iquique,2495414,7,Columba livia,Animalia,Aves,Columbidae,False,terrestrial,paloma doméstica
Iquique,2480830,4,Bubulcus ibis,Animalia,Aves,Ardeidae,True,terrestrial|freshwater,garza boyera
Iquique,2928390,1,Convolvulus arvensis,Plantae,Magnoliopsida,Convolvulaceae,False,terrestrial,
Iquique,4984851,1,Bugula neritina,Animalia,Gymnolaemata,Bugulidae,True,marine,
Iquique,6109637,1,Cynodon dactylon,Plantae,Liliopsida,Poaceae,True,terrestrial,
Iquique,8149099,1,Chenopodium murale,Plantae,Liliopsida,Chenopodiaceae,True,terrestrial,
Iquique,2928755,2,Datura innoxia,Plantae,Magnoliopsida,Solanaceae,False,terrestrial,
Iquique,2913548,1,Galium aparine,Plantae,Magnoliopsida,Rubiaceae,False,terrestrial,
Iquique,3935079,2,Malva dendromorpha,Plantae,Magnoliopsida,Malvaceae,False,terrestrial,
Iquique,2965531,1,Medicago polymorpha,Plantae,Magnoliopsida,Fabaceae,False,terrestrial,hualputra
Iquique,9151957,1,Medicago sativa,Plantae,Magnoliopsida,Fabaceae,False,terrestrial,
Iquique,5231190,8,Passer domesticus,Animalia,Aves,Passeridae,False,terrestrial,gorrión
Iquique,5341112,1,Phyla canescens,Plantae,Magnoliopsida,Verbenaceae,False,terrestrial,
Iquique,8208358,1,Plantago lanceolata,Plantae,Magnoliopsida,Plantaginaceae,True,terrestrial,llantén
Iquique,3084883,3,Sesuvium portulacastrum,Plantae,Magnoliopsida,Aizoaceae,False,terrestrial,
Rancagua,1340503,7,Bombus terrestris,Animalia,Insecta,Apidae,True,terrestrial,abejorro europeo
Rancagua,2979474,3,Acacia dealbata,Plantae,Magnoliopsida,Fabaceae,True,terrestrial,aromo australiano
Rancagua,3042636,2,Brassica napus,Plantae,Magnoliopsida,Brassicaceae,True,terrestrial,
Rancagua,5384396,2,Amaranthus deflexus,Plantae,Magnoliopsida,Amaranthaceae,False,terrestrial,
Rancagua,1340383,1,Bombus ruderatus,Animalia,Insecta,Apidae,True,terrestrial,
Rancagua,2926110,1,Borago officinalis,Plantae,Magnoliopsida,Boraginaceae,True,terrestrial,
Rancagua,2979000,1,Acacia melanoxylon,Plantae,Magnoliopsida,Fabaceae,False,terrestrial,aromo negro
Rancagua,3042845,1,Brassica oleracea,Plantae,Magnoliopsida,Brassicaceae,True,terrestrial,
Rancagua,3102781,1,Anthemis arvensis,Plantae,Magnoliopsida,Asteraceae,True,terrestrial,
Rancagua,3190653,1,Ailanthus altissima,Plantae,Magnoliopsida,Simaroubaceae,False,terrestrial,árbol del cielo
Rancagua,3974754,1,Acacia karroo,Plantae,Magnoliopsida,Fabaceae,False,terrestrial,
Rancagua,5391802,1,Bidens aurea,Plantae,Magnoliopsida,Asteraceae,False,terrestrial,
Rancagua,2495414,45,Columba livia,Animalia,Aves,Columbidae,False,terrestrial,paloma doméstica
Rancagua,5228080,8,Callipepla californica,Animalia,Aves,Odontophoridae,False,terrestrial,codorniz de California
Rancagua,3083838,6,Chenopodium album,Plantae,Magnoliopsida,Chenopodiaceae,True,terrestrial,
Rancagua,2480830,5,Bubulcus ibis,Animalia,Aves,Ardeidae,True,terrestrial|freshwater,garza boyera
Rancagua,2928390,4,Convolvulus arvensis,Plantae,Magnoliopsida,Convolvulaceae,False,terrestrial,
Rancagua,3034807,4,Conium maculatum,Plantae,Magnoliopsida,Apiaceae,False,terrestrial,cicuta
Rancagua,5375388,4,Capsella bursa-pastoris,Plantae,Magnoliopsida,Brassicaceae,True,terrestrial,
Rancagua,5858758,4,Cornu aspersum,Animalia,Gastropoda,Helicidae,True,terrestrial,caracol de jardín
Rancagua,6109637,4,Cynodon dactylon,Plantae,Liliopsida,Poaceae,True,terrestrial,
Rancagua,5392252,3,Cichorium intybus,Plantae,Magnoliopsida,Asteraceae,True,terrestrial,chicoria
Rancagua,2441056,1,Capra hircus,Animalia,Mammalia,Bovidae,True,terrestrial,
Rancagua,2703723,1,Bromus catharticus,Plantae,Liliopsida,Poaceae,False,terrestrial,
Rancagua,2891930,1,Casuarina equisetifolia,Plantae,Magnoliopsida,Casuarinaceae,False,terrestrial,
Rancagua,3089561,1,Centaurea cyanus,Plantae,Magnoliopsida,Asteraceae,False,terrestrial,
Rancagua,3112364,1,Cynara cardunculus,Plantae,Magnoliopsida,Asteraceae,False,terrestrial,
Rancagua,3112801,1,Cirsium vulgare,Plantae,Magnoliopsida,Asteraceae,True,terrestrial,
Rancagua,3114667,1,Carduus pycnocephalus,Plantae,Magnoliopsida,Asteraceae,True,terrestrial,
Rancagua,5219173,1,Canis lupus,Animalia,Mammalia,Canidae,False,terrestrial,
Rancagua,5391480,1,Calendula officinalis,Plantae,Magnoliopsida,Asteraceae,True,terrestrial,
Rancagua,8149099,1,Chenopodium murale,Plantae,Liliopsida,Chenopodiaceae,True,terrestrial,
Rancagua,8542672,1,Cotula australis,Plantae,Magnoliopsida,Asteraceae,False,terrestrial,
Rancagua,9751099,1,Cairina moschata,Animalia,Aves,Anatidae,False,terrestrial|freshwater,
Rancagua,2888380,13,Eschscholzia californica,Plantae,Magnoliopsida,Papaveraceae,True,terrestrial,amapola de California
Rancagua,9419993,5,Erodium moschatum,Plantae,Magnoliopsida,Geraniaceae,False,terrestrial,
Rancagua,3050595,4,Hirschfeldia incana,Plantae,Magnoliopsida,Brassicaceae,False,terrestrial,
Rancagua,4989904,3,Harmonia axyridis,Animalia,Insecta,Coccinellidae,False,terrestrial,chinita asiática
Rancagua,5334218,3,Fumaria capreolata,Plantae,Magnoliopsida,Papaveraceae,False,terrestrial,flor de la culebra
Rancagua,2913548,2,Galium aparine,Plantae,Magnoliopsida,Rubiaceae,False,terrestrial,
Rancagua,3066386,2,Euphorbia peplus,Plantae,Magnoliopsida,Euphorbiaceae,False,terrestrial,
Rancagua,9485490,2,Erodium cicutarium,Plantae,Magnoliopsida,Geraniaceae,False,terrestrial,alfilerillo
Rancagua,2440886,1,Equus caballus,Animalia,Mammalia,Equidae,False,terrestrial,
Rancagua,2891488,1,Geranium molle,Plantae,Magnoliopsida,Geraniaceae,False,terrestrial,
Rancagua,2975667,1,Galega officinalis,Plantae,Magnoliopsida,Fabaceae,False,terrestrial,galega
Rancagua,3066367,1,Euphorbia helioscopia,Plantae,Magnoliopsida,Euphorbiaceae,False,terrestrial,
Rancagua,3066965,1,Euphorbia lathyris,Plantae,Magnoliopsida,Euphorbiaceae,False,terrestrial,
Rancagua,6391461,1,Fallopia convolvulus,Plantae,Magnoliopsida,Polygonaceae,False,terrestrial,
Rancagua,3152378,3,Malva parviflora,Plantae,Magnoliopsida,Malvaceae,True,terrestrial,
Rancagua,5374118,3,Isatis tinctoria,Plantae,Magnoliopsida,Brassicaceae,False,terrestrial,
Rancagua,2926679,2,Lamium amplexicaule,Plantae,Magnoliopsida,Lamiaceae,False,terrestrial,
Rancagua,7886346,2,Hordeum murinum,Plantae,Liliopsida,Poaceae,False,terrestrial,
Rancagua,8338793,2,Modiola caroliniana,Plantae,Magnoliopsida,Malvaceae,False,terrestrial,
Rancagua,1316908,1,Linepithema humile,Animalia,Insecta,Formicidae,False,terrestrial,hormiga argentina
Rancagua,2927189,1,Mentha pulegium,Plantae,Magnoliopsida,Lamiaceae,True,terrestrial,
Rancagua,2971016,1,Melilotus indicus,Plantae,Magnoliopsida,Fabaceae,False,terrestrial,trébol de olor
Rancagua,3084837,1,Mesembryanthemum nodiflorum,Plantae,Magnoliopsida,Aizoaceae,False,terrestrial,
Rancagua,3086240,1,Mirabilis jalapa,Plantae,Magnoliopsida,Nyctaginaceae,False,terrestrial,
Rancagua,3093702,1,Hypochaeris radicata,Plantae,Magnoliopsida,Asteraceae,False,terrestrial,
Rancagua,3140346,1,Lactuca virosa,Plantae,Magnoliopsida,Asteraceae,False,terrestrial,
Rancagua,3140490,1,Lactuca serriola,Plantae,Magnoliopsida,Asteraceae,False,terrestrial,
Rancagua,3188747,1,Lythrum hyssopifolia,Plantae,Magnoliopsida,Lythraceae,True,terrestrial|freshwater,
Rancagua,5289762,1,Lamarckia aurea,Plantae,Liliopsida,Poaceae,False,terrestrial,
Rancagua,5373358,1,Lobularia maritima,Plantae,Magnoliopsida,Brassicaceae,False,terrestrial,
Rancagua,9151957,1,Medicago sativa,Plantae,Magnoliopsida,Fabaceae,False,terrestrial,
Rancagua,5231190,28,Passer domesticus,Animalia,Aves,Passeridae,False,terrestrial,gorrión
Rancagua,2484396,13,Molothrus bonariensis,Animalia,Aves,Icteridae,True,terrestrial,mirlo / tordo renegrido
Rancagua,2479407,4,Myiopsitta monachus,Animalia,Aves,Psittacidae,True,terrestrial,cotorra argentina
Rancagua,2888439,3,Papaver somniferum,Plantae,Magnoliopsida,Papaveraceae,False,terrestrial,
Rancagua,7821030,3,Polygonum aviculare,Plantae,Magnoliopsida,Polygonaceae,False,terrestrial,
Rancagua,1114246,2,Phoracantha recurva,Animalia,Insecta,Cerambycidae,False,terrestrial,
Rancagua,8208358,2,Plantago lanceolata,Plantae,Magnoliopsida,Plantaginaceae,True,terrestrial,llantén
Rancagua,2436940,1,Oryctolagus cuniculus,Animalia,Mammalia,Leporidae,True,terrestrial,conejo europeo
Rancagua,2704179,1,Poa annua,Plantae,Liliopsida,Poaceae,False,terrestrial,
Rancagua,3189767,1,Plantago major,Plantae,Magnoliopsida,Plantaginaceae,True,terrestrial,
Rancagua,5289752,1,Phalaris minor,Plantae,Liliopsida,Poaceae,True,terrestrial|freshwater,
Rancagua,8427624,1,Oxalis corniculata,Plantae,Liliopsida,Oxalidaceae,False,terrestrial,
Rancagua,3040983,3,Raphanus raphanistrum,Plantae,Magnoliopsida,Brassicaceae,True,terrestrial,
Rancagua,5372639,2,Salix babylonica,Plantae,Magnoliopsida,Salicaceae,False,terrestrial,sauce llorón
Rancagua,5373368,2,Rapistrum rugosum,Plantae,Magnoliopsida,Brassicaceae,True,terrestrial,
Rancagua,2889011,1,Rumex obtusifolius,Plantae,Magnoliopsida,Polygonaceae,True,terrestrial,
Rancagua,3084719,1,Portulaca oleracea,Plantae,Magnoliopsida,Portulacaceae,False,terrestrial,
Rancagua,3108983,1,Senecio vulgaris,Plantae,Magnoliopsida,Asteraceae,False,terrestrial,
Rancagua,3145214,1,Silybum marianum,Plantae,Magnoliopsida,Asteraceae,False,terrestrial,cardo mariano
Rancagua,5361815,4,Urtica urens,Plantae,Magnoliopsida,Urticaceae,False,terrestrial,
Rancagua,1311649,3,Vespula germanica,Animalia,Insecta,Vespidae,True,terrestrial,avispa chaqueta amarilla
Rancagua,3171954,3,Verbascum virgatum,Plantae,Magnoliopsida,Scrophulariaceae,False,terrestrial,verbasco
Rancagua,5384604,3,Stellaria media,Plantae,Magnoliopsida,Caryophyllaceae,False,terrestrial,
Rancagua,5394163,3,Taraxacum officinale,Plantae,Magnoliopsida,Asteraceae,True,terrestrial,diente de león
Rancagua,5358748,2,Trifolium repens,Plantae,Magnoliopsida,Fabaceae,False,terrestrial,trébol blanco
Rancagua,3089150,1,Xanthium catharticum,Plantae,Magnoliopsida,Asteraceae,False,terrestrial,
Rancagua,3169708,1,Vinca major,Plantae,Magnoliopsida,Apocynaceae,False,terrestrial,
Rancagua,3172077,1,Veronica persica,Plantae,Magnoliopsida,Plantaginaceae,False,terrestrial,
Rancagua,6109535,1,Trifolium hybridum,Plantae,Magnoliopsida,Fabaceae,False,terrestrial,
Talca,2979474,24,Acacia dealbata,Plantae,Magnoliopsida,Fabaceae,True,terrestrial,aromo australiano
Talca,1340503,8,Bombus terrestris,Animalia,Insecta,Apidae,True,terrestrial,abejorro europeo
Talca,1340383,4,Bombus ruderatus,Animalia,Insecta,Apidae,True,terrestrial,
Talca,3190653,4,Ailanthus altissima,Plantae,Magnoliopsida,Simaroubaceae,False,terrestrial,árbol del cielo
Talca,2876213,3,Alnus glutinosa,Plantae,Magnoliopsida,Betulaceae,False,terrestrial,
Talca,2926110,3,Borago officinalis,Plantae,Magnoliopsida,Boraginaceae,True,terrestrial,
Talca,2441022,2,Bos taurus,Animalia,Mammalia,Bovidae,True,terrestrial,
Talca,2979000,2,Acacia melanoxylon,Plantae,Magnoliopsida,Fabaceae,False,terrestrial,aromo negro
Talca,5391802,1,Bidens aurea,Plantae,Magnoliopsida,Asteraceae,False,terrestrial,
Talca,5392252,13,Cichorium intybus,Plantae,Magnoliopsida,Asteraceae,True,terrestrial,chicoria
Talca,3034807,11,Conium maculatum,Plantae,Magnoliopsida,Apiaceae,False,terrestrial,cicuta
Talca,2928390,10,Convolvulus arvensis,Plantae,Magnoliopsida,Convolvulaceae,False,terrestrial,
Talca,5858758,8,Cornu aspersum,Animalia,Gastropoda,Helicidae,True,terrestrial,caracol de jardín
Talca,2495414,7,Columba livia,Animalia,Aves,Columbidae,False,terrestrial,paloma doméstica
Talca,5219173,5,Canis lupus,Animalia,Mammalia,Canidae,False,terrestrial,
Talca,5228080,5,Callipepla californica,Animalia,Aves,Odontophoridae,False,terrestrial,codorniz de California
Talca,2480830,3,Bubulcus ibis,Animalia,Aves,Ardeidae,True,terrestrial|freshwater,garza boyera
Talca,2928441,3,Calystegia sepium,Plantae,Magnoliopsida,Solanaceae,False,terrestrial,
Talca,3083838,2,Chenopodium album,Plantae,Magnoliopsida,Chenopodiaceae,True,terrestrial,
Talca,3112801,2,Cirsium vulgare,Plantae,Magnoliopsida,Asteraceae,True,terrestrial,
Talca,5375388,2,Capsella bursa-pastoris,Plantae,Magnoliopsida,Brassicaceae,True,terrestrial,
Talca,2370771,1,Cichlasoma facetum,Animalia,Actinopterygii,Cichlidae,True,freshwater,
Talca,2441056,1,Capra hircus,Animalia,Mammalia,Bovidae,True,terrestrial,
Talca,2702792,1,Briza maxima,Plantae,Liliopsida,Poaceae,True,terrestrial,
Talca,2747939,1,Crocosmia crocosmiiflora,Plantae,Liliopsida,Iridaceae,False,terrestrial,
Talca,3103791,1,Chamomilla suaveolens,Plantae,Magnoliopsida,Asteraceae,True,terrestrial,
Talca,3114667,1,Carduus pycnocephalus,Plantae,Magnoliopsida,Asteraceae,True,terrestrial,
Talca,3128888,1,Centaurea solstitialis,Plantae,Magnoliopsida,Asteraceae,True,terrestrial,
Talca,9751099,1,Cairina moschata,Animalia,Aves,Anatidae,False,terrestrial|freshwater,
Talca,4989904,34,Harmonia axyridis,Animalia,Insecta,Coccinellidae,False,terrestrial,chinita asiática
Talca,2975667,19,Galega officinalis,Plantae,Magnoliopsida,Fabaceae,False,terrestrial,galega
Talca,2888380,18,Eschscholzia californica,Plantae,Magnoliopsida,Papaveraceae,True,terrestrial,amapola de California
Talca,2435035,9,Felis catus,Animalia,Mammalia,Felidae,True,terrestrial,
Talca,2928751,6,Datura stramonium,Plantae,Magnoliopsida,Solanaceae,False,terrestrial,
Talca,3119175,6,Helianthus tuberosus,Plantae,Magnoliopsida,Asteraceae,False,terrestrial,
Talca,2765942,4,Eichhornia crassipes,Plantae,Liliopsida,Pontederiaceae,False,freshwater,
Talca,3034922,4,Foeniculum vulgare,Plantae,Magnoliopsida,Apiaceae,False,terrestrial,hinojo
Talca,4286975,4,Cyprinus carpio,Animalia,Actinopterygii,Cyprinidae,True,freshwater,
Talca,11869920,3,Eucalyptus camaldulensis,Plantae,Magnoliopsida,Myrtaceae,False,terrestrial,
Talca,5334218,3,Fumaria capreolata,Plantae,Magnoliopsida,Papaveraceae,False,terrestrial,flor de la culebra
Talca,2440886,2,Equus caballus,Animalia,Mammalia,Equidae,False,terrestrial,
Talca,3066386,2,Euphorbia peplus,Plantae,Magnoliopsida,Euphorbiaceae,False,terrestrial,
Talca,3176787,2,Eucalyptus globulus,Plantae,Magnoliopsida,Myrtaceae,True,terrestrial,
Talca,2350570,1,Gambusia holbrooki,Animalia,Actinopterygii,Poeciliidae,True,freshwater|brackish,
Talca,2888816,1,Dipsacus sativus,Plantae,Magnoliopsida,Dipsacaceae,False,terrestrial,
Talca,2891628,1,Erodium botrys,Plantae,Magnoliopsida,Geraniaceae,False,terrestrial,
Talca,3050595,1,Hirschfeldia incana,Plantae,Magnoliopsida,Brassicaceae,False,terrestrial,
Talca,3152560,1,Hibiscus trionum,Plantae,Magnoliopsida,Malvaceae,False,terrestrial,
Talca,9419993,1,Erodium moschatum,Plantae,Magnoliopsida,Geraniaceae,False,terrestrial,
Talca,11055820,32,Limnobium laevigatum,Plantae,Liliopsida,Hydrocharitaceae,False,freshwater,
Talca,2965531,3,Medicago polymorpha,Plantae,Magnoliopsida,Fabaceae,False,terrestrial,hualputra
Talca,1316908,2,Linepithema humile,Animalia,Insecta,Formicidae,False,terrestrial,hormiga argentina
Talca,2927189,2,Mentha pulegium,Plantae,Magnoliopsida,Lamiaceae,True,terrestrial,
Talca,2080592,1,Icerya purchasi,Animalia,Insecta,Margarodidae,True,host,
Talca,2701311,1,Juncus effusus,Plantae,Liliopsida,Juncaceae,False,terrestrial|freshwater,
Talca,2927069,1,Marrubium vulgare,Plantae,Magnoliopsida,Lamiaceae,True,terrestrial,
Talca,2964025,1,Lupinus angustifolius,Plantae,Magnoliopsida,Fabaceae,True,terrestrial,
Talca,2971095,1,Melilotus albus,Plantae,Magnoliopsida,Fabaceae,True,terrestrial,
Talca,7886346,1,Hordeum murinum,Plantae,Liliopsida,Poaceae,False,terrestrial,
Talca,8338793,1,Modiola caroliniana,Plantae,Magnoliopsida,Malvaceae,False,terrestrial,
Talca,5231190,13,Passer domesticus,Animalia,Aves,Passeridae,False,terrestrial,gorrión
Talca,2888439,5,Papaver somniferum,Plantae,Magnoliopsida,Papaveraceae,False,terrestrial,
Talca,2891661,4,Oxalis pes-caprae,Plantae,Liliopsida,Oxalidaceae,True,terrestrial,
Talca,2436940,3,Oryctolagus cuniculus,Animalia,Mammalia,Leporidae,True,terrestrial,conejo europeo
Talca,1114246,2,Phoracantha recurva,Animalia,Insecta,Cerambycidae,False,terrestrial,
Talca,2479407,2,Myiopsitta monachus,Animalia,Aves,Psittacidae,True,terrestrial,cotorra argentina
Talca,3189767,2,Plantago major,Plantae,Magnoliopsida,Plantaginaceae,True,terrestrial,
Talca,2704179,1,Poa annua,Plantae,Liliopsida,Poaceae,False,terrestrial,
Talca,2882437,1,Nymphaea alba,Plantae,Magnoliopsida,Nymphaeaceae,False,freshwater,
Talca,5285727,1,Pinus radiata,Plantae,Pinopsida,Pinaceae,True,terrestrial,pino insigne
Talca,8208358,1,Plantago lanceolata,Plantae,Magnoliopsida,Plantaginaceae,True,terrestrial,llantén
Talca,3145214,10,Silybum marianum,Plantae,Magnoliopsida,Asteraceae,False,terrestrial,cardo mariano
Talca,2996929,9,Rubus ulmifolius,Plantae,Magnoliopsida,Rosaceae,True,terrestrial,zarzamora
Talca,5352251,6,Robinia pseudoacacia,Plantae,Magnoliopsida,Fabaceae,False,terrestrial,
Talca,5372639,3,Salix babylonica,Plantae,Magnoliopsida,Salicaceae,False,terrestrial,sauce llorón
Talca,3170875,2,Scrophularia auriculata,Plantae,Magnoliopsida,Scrophulariaceae,False,terrestrial,
Talca,7678610,2,Raphanus sativus,Plantae,Magnoliopsida,Brassicaceae,True,terrestrial,
Talca,2932184,1,Solanum sisymbriifolium,Plantae,Magnoliopsida,Solanaceae,False,terrestrial,
Talca,3040227,1,Populus nigra,Plantae,Magnoliopsida,Salicaceae,False,terrestrial,
Talca,3040983,1,Raphanus raphanistrum,Plantae,Magnoliopsida,Brassicaceae,True,terrestrial,
Talca,3108983,1,Senecio vulgaris,Plantae,Magnoliopsida,Asteraceae,False,terrestrial,
Talca,5339050,1,Sherardia arvensis,Plantae,Magnoliopsida,Rubiaceae,False,terrestrial,
Talca,5380041,1,Ricinus communis,Plantae,Magnoliopsida,Euphorbiaceae,True,terrestrial,
Talca,8174785,1,Rosa rubiginosa,Plantae,Magnoliopsida,Rosaceae,False,terrestrial,rosa mosqueta
Talca,3171954,11,Verbascum virgatum,Plantae,Magnoliopsida,Scrophulariaceae,False,terrestrial,verbasco
Talca,1311649,6,Vespula germanica,Animalia,Insecta,Vespidae,True,terrestrial,avispa chaqueta amarilla
Talca,3172086,6,Veronica anagallis-aquatica,Plantae,Magnoliopsida,Plantaginaceae,False,terrestrial|freshwater,
Talca,3089150,3,Xanthium catharticum,Plantae,Magnoliopsida,Asteraceae,False,terrestrial,
Talca,5358748,3,Trifolium repens,Plantae,Magnoliopsida,Fabaceae,False,terrestrial,trébol blanco
Talca,3118430,1,Tanacetum parthenium,Plantae,Magnoliopsida,Asteraceae,False,terrestrial,
Talca,3171949,1,Verbascum thapsus,Plantae,Magnoliopsida,Scrophulariaceae,True,terrestrial,
Talca,3172077,1,Veronica persica,Plantae,Magnoliopsida,Plantaginaceae,False,terrestrial,
Talca,5358694,1,Trifolium glomeratum,Plantae,Magnoliopsida,Fabaceae,False,terrestrial,
Talca,5359378,1,Trifolium incarnatum,Plantae,Magnoliopsida,Fabaceae,False,terrestrial,
Talca,5359510,1,Trifolium tomentosum,Plantae,Magnoliopsida,Fabaceae,False,terrestrial,
Talca,7705930,1,Sus scrofa,Animalia,Mammalia,Suidae,True,terrestrial,jabalí
Talca,9182154,1,Vicia villosa,Plantae,Magnoliopsida,Fabaceae,False,terrestrial,
Arica,1340503,1,Bombus terrestris,Animalia,Insecta,Apidae,True,terrestrial,abejorro europeo
Arica,3170241,1,Asclepias curassavica,Plantae,Magnoliopsida,Apocynaceae,False,terrestrial,
Arica,3795445,1,Acacia macracantha,Plantae,Magnoliopsida,Fabaceae,False,terrestrial,
Arica,2480830,6,Bubulcus ibis,Animalia,Aves,Ardeidae,True,terrestrial|freshwater,garza boyera
Arica,2495414,1,Columba livia,Animalia,Aves,Columbidae,False,terrestrial,paloma doméstica
Arica,3084837,1,Mesembryanthemum nodiflorum,Plantae,Magnoliopsida,Aizoaceae,False,terrestrial,
Arica,5231190,3,Passer domesticus,Animalia,Aves,Passeridae,False,terrestrial,gorrión
Arica,2484396,2,Molothrus bonariensis,Animalia,Aves,Icteridae,True,terrestrial,mirlo / tordo renegrido
Arica,3084883,1,Sesuvium portulacastrum,Plantae,Magnoliopsida,Aizoaceae,False,terrestrial,
Arica,2889934,1,Tropaeolum majus,Plantae,Magnoliopsida,Tropaeolaceae,False,terrestrial,
Chillan,2979474,69,Acacia dealbata,Plantae,Magnoliopsida,Fabaceae,True,terrestrial,aromo australiano
Chillan,1340503,17,Bombus terrestris,Animalia,Insecta,Apidae,True,terrestrial,abejorro europeo
Chillan,2926110,5,Borago officinalis,Plantae,Magnoliopsida,Boraginaceae,True,terrestrial,
Chillan,2979000,5,Acacia melanoxylon,Plantae,Magnoliopsida,Fabaceae,False,terrestrial,aromo negro
Chillan,1340383,4,Bombus ruderatus,Animalia,Insecta,Apidae,True,terrestrial,
Chillan,5325855,4,Amaryllis belladonna,Plantae,Liliopsida,Amaryllidaceae,False,terrestrial,
Chillan,3042636,3,Brassica napus,Plantae,Magnoliopsida,Brassicaceae,True,terrestrial,
Chillan,2865100,2,Alisma plantago-aquatica,Plantae,Liliopsida,Alismataceae,False,freshwater,
Chillan,3190653,2,Ailanthus altissima,Plantae,Magnoliopsida,Simaroubaceae,False,terrestrial,árbol del cielo
Chillan,5414976,1,Bartsia trixago,Plantae,Magnoliopsida,Orobanchaceae,False,terrestrial,
Chillan,2495414,13,Columba livia,Animalia,Aves,Columbidae,False,terrestrial,paloma doméstica
Chillan,5392252,7,Cichorium intybus,Plantae,Magnoliopsida,Asteraceae,True,terrestrial,chicoria
Chillan,5858758,6,Cornu aspersum,Animalia,Gastropoda,Helicidae,True,terrestrial,caracol de jardín
Chillan,2928390,5,Convolvulus arvensis,Plantae,Magnoliopsida,Convolvulaceae,False,terrestrial,
Chillan,3034807,3,Conium maculatum,Plantae,Magnoliopsida,Apiaceae,False,terrestrial,cicuta
Chillan,5228080,3,Callipepla californica,Animalia,Aves,Odontophoridae,False,terrestrial,codorniz de California
Chillan,5375388,2,Capsella bursa-pastoris,Plantae,Magnoliopsida,Brassicaceae,True,terrestrial,
Chillan,8200663,2,Cymbalaria muralis,Plantae,Magnoliopsida,Plantaginaceae,False,terrestrial,
Chillan,2480830,1,Bubulcus ibis,Animalia,Aves,Ardeidae,True,terrestrial|freshwater,garza boyera
Chillan,2702792,1,Briza maxima,Plantae,Liliopsida,Poaceae,True,terrestrial,
Chillan,2928441,1,Calystegia sepium,Plantae,Magnoliopsida,Solanaceae,False,terrestrial,
Chillan,3112801,1,Cirsium vulgare,Plantae,Magnoliopsida,Asteraceae,True,terrestrial,
Chillan,7903057,1,Brassica rapa,Plantae,Magnoliopsida,Brassicaceae,True,terrestrial,yuyo
Chillan,4989904,23,Harmonia axyridis,Animalia,Insecta,Coccinellidae,False,terrestrial,chinita asiática
Chillan,2888380,16,Eschscholzia californica,Plantae,Magnoliopsida,Papaveraceae,True,terrestrial,amapola de California
Chillan,3034922,7,Foeniculum vulgare,Plantae,Magnoliopsida,Apiaceae,False,terrestrial,hinojo
Chillan,2925892,6,Echium vulgare,Plantae,Magnoliopsida,Boraginaceae,False,terrestrial,
Chillan,2928751,6,Datura stramonium,Plantae,Magnoliopsida,Solanaceae,False,terrestrial,
Chillan,2975667,6,Galega officinalis,Plantae,Magnoliopsida,Fabaceae,False,terrestrial,galega
Chillan,9419993,5,Erodium moschatum,Plantae,Magnoliopsida,Geraniaceae,False,terrestrial,
Chillan,2925895,4,Echium plantagineum,Plantae,Magnoliopsida,Boraginaceae,True,terrestrial,
Chillan,4286975,4,Cyprinus carpio,Animalia,Actinopterygii,Cyprinidae,True,freshwater,
Chillan,3034742,2,Daucus carota,Plantae,Magnoliopsida,Apiaceae,False,terrestrial,
Chillan,3050595,2,Hirschfeldia incana,Plantae,Magnoliopsida,Brassicaceae,False,terrestrial,
Chillan,2435035,1,Felis catus,Animalia,Mammalia,Felidae,True,terrestrial,
Chillan,2440886,1,Equus caballus,Animalia,Mammalia,Equidae,False,terrestrial,
Chillan,2702808,1,Echinochloa crus-galli,Plantae,Liliopsida,Poaceae,False,terrestrial,
Chillan,2705308,1,Dactylis glomerata,Plantae,Liliopsida,Poaceae,False,terrestrial,
Chillan,2888816,1,Dipsacus sativus,Plantae,Magnoliopsida,Dipsacaceae,False,terrestrial,
Chillan,2891488,1,Geranium molle,Plantae,Magnoliopsida,Geraniaceae,False,terrestrial,
Chillan,2913548,1,Galium aparine,Plantae,Magnoliopsida,Rubiaceae,False,terrestrial,
Chillan,3066386,1,Euphorbia peplus,Plantae,Magnoliopsida,Euphorbiaceae,False,terrestrial,
Chillan,3132570,1,Galinsoga parviflora,Plantae,Magnoliopsida,Asteraceae,False,terrestrial,
Chillan,3176787,1,Eucalyptus globulus,Plantae,Magnoliopsida,Myrtaceae,True,terrestrial,
Chillan,5414995,1,Digitalis purpurea,Plantae,Magnoliopsida,Plantaginaceae,False,terrestrial,
Chillan,2927069,3,Marrubium vulgare,Plantae,Magnoliopsida,Lamiaceae,True,terrestrial,
Chillan,2965531,2,Medicago polymorpha,Plantae,Magnoliopsida,Fabaceae,False,terrestrial,hualputra
Chillan,3093702,2,Hypochaeris radicata,Plantae,Magnoliopsida,Asteraceae,False,terrestrial,
Chillan,3152374,2,Malva sylvestris,Plantae,Magnoliopsida,Malvaceae,True,terrestrial,
Chillan,5341501,2,Melissa officinalis,Plantae,Magnoliopsida,Lamiaceae,True,terrestrial,
Chillan,11055820,1,Limnobium laevigatum,Plantae,Liliopsida,Hydrocharitaceae,False,freshwater,
Chillan,2873861,1,Linum usitatissimum,Plantae,Magnoliopsida,Linaceae,False,terrestrial,
Chillan,2926679,1,Lamium amplexicaule,Plantae,Magnoliopsida,Lamiaceae,False,terrestrial,
Chillan,3134857,1,Lapsana communis,Plantae,Magnoliopsida,Asteraceae,False,terrestrial,
Chillan,3152378,1,Malva parviflora,Plantae,Magnoliopsida,Malvaceae,True,terrestrial,
Chillan,8338793,1,Modiola caroliniana,Plantae,Magnoliopsida,Malvaceae,False,terrestrial,
Chillan,5231190,6,Passer domesticus,Animalia,Aves,Passeridae,False,terrestrial,gorrión
Chillan,5285727,6,Pinus radiata,Plantae,Pinopsida,Pinaceae,True,terrestrial,pino insigne
Chillan,2436940,3,Oryctolagus cuniculus,Animalia,Mammalia,Leporidae,True,terrestrial,conejo europeo
Chillan,2484396,3,Molothrus bonariensis,Animalia,Aves,Icteridae,True,terrestrial,mirlo / tordo renegrido
Chillan,2704179,2,Poa annua,Plantae,Liliopsida,Poaceae,False,terrestrial,
Chillan,2891664,2,Oxalis articulata,Plantae,Magnoliopsida,Oxalidaceae,True,terrestrial,
Chillan,8208358,2,Plantago lanceolata,Plantae,Magnoliopsida,Plantaginaceae,True,terrestrial,llantén
Chillan,1114246,1,Phoracantha recurva,Animalia,Insecta,Cerambycidae,False,terrestrial,
Chillan,2888439,1,Papaver somniferum,Plantae,Magnoliopsida,Papaveraceae,False,terrestrial,
Chillan,5190769,1,Oxychilus alliarius,Animalia,Gastropoda,Zonitidae,False,terrestrial,
Chillan,5341784,1,Physalis peruviana,Plantae,Magnoliopsida,Solanaceae,True,terrestrial,
Chillan,7733140,1,Parentucellia viscosa,Plantae,Magnoliopsida,Orobanchaceae,False,terrestrial,
Chillan,5352251,60,Robinia pseudoacacia,Plantae,Magnoliopsida,Fabaceae,False,terrestrial,
Chillan,2996929,18,Rubus ulmifolius,Plantae,Magnoliopsida,Rosaceae,True,terrestrial,zarzamora
Chillan,3040983,5,Raphanus raphanistrum,Plantae,Magnoliopsida,Brassicaceae,True,terrestrial,
Chillan,3084719,5,Portulaca oleracea,Plantae,Magnoliopsida,Portulacaceae,False,terrestrial,
Chillan,2888995,2,Rumex acetosella,Plantae,Magnoliopsida,Polygonaceae,False,terrestrial,
Chillan,3145214,2,Silybum marianum,Plantae,Magnoliopsida,Asteraceae,False,terrestrial,cardo mariano
Chillan,5364245,2,Sanguisorba minor,Plantae,Magnoliopsida,Rosaceae,False,terrestrial,
Chillan,5372639,2,Salix babylonica,Plantae,Magnoliopsida,Salicaceae,False,terrestrial,sauce llorón
Chillan,2888978,1,Rumex pulcher,Plantae,Magnoliopsida,Polygonaceae,False,terrestrial,
Chillan,2889011,1,Rumex obtusifolius,Plantae,Magnoliopsida,Polygonaceae,True,terrestrial,
Chillan,2931104,1,Solanum pseudocapsicum,Plantae,Magnoliopsida,Solanaceae,False,terrestrial,
Chillan,3002461,1,Rosa canina,Plantae,Magnoliopsida,Rosaceae,False,terrestrial,
Chillan,3033318,1,Ranunculus muricatus,Plantae,Magnoliopsida,Ranunculaceae,True,terrestrial,
Chillan,3040227,1,Populus nigra,Plantae,Magnoliopsida,Salicaceae,False,terrestrial,
Chillan,3105782,1,Sonchus asper,Plantae,Magnoliopsida,Asteraceae,False,terrestrial,
Chillan,3108983,1,Senecio vulgaris,Plantae,Magnoliopsida,Asteraceae,False,terrestrial,
Chillan,5339050,1,Sherardia arvensis,Plantae,Magnoliopsida,Rubiaceae,False,terrestrial,
Chillan,7678610,1,Raphanus sativus,Plantae,Magnoliopsida,Brassicaceae,True,terrestrial,
Chillan,5347796,18,Teline monspessulana,Plantae,Magnoliopsida,Fabaceae,True,terrestrial,
Chillan,1311649,6,Vespula germanica,Animalia,Insecta,Vespidae,True,terrestrial,avispa chaqueta amarilla
Chillan,5358748,6,Trifolium repens,Plantae,Magnoliopsida,Fabaceae,False,terrestrial,trébol blanco
Chillan,3172077,5,Veronica persica,Plantae,Magnoliopsida,Plantaginaceae,False,terrestrial,
Chillan,3171954,4,Verbascum virgatum,Plantae,Magnoliopsida,Scrophulariaceae,False,terrestrial,verbasco
Chillan,5394163,4,Taraxacum officinale,Plantae,Magnoliopsida,Asteraceae,True,terrestrial,diente de león
Chillan,3169708,3,Vinca major,Plantae,Magnoliopsida,Apocynaceae,False,terrestrial,
Chillan,5384604,3,Stellaria media,Plantae,Magnoliopsida,Caryophyllaceae,False,terrestrial,
Chillan,2889934,2,Tropaeolum majus,Plantae,Magnoliopsida,Tropaeolaceae,False,terrestrial,
Chillan,2975014,2,Vicia sativa,Plantae,Magnoliopsida,Fabaceae,False,terrestrial,
Chillan,3171949,2,Verbascum thapsus,Plantae,Magnoliopsida,Scrophulariaceae,True,terrestrial,
Chillan,3172086,2,Veronica anagallis-aquatica,Plantae,Magnoliopsida,Plantaginaceae,False,terrestrial|freshwater,
Chillan,3118430,1,Tanacetum parthenium,Plantae,Magnoliopsida,Asteraceae,False,terrestrial,
Chillan,5359246,1,Trifolium arvense,Plantae,Magnoliopsida,Fabaceae,False,terrestrial,
Chillan,5359378,1,Trifolium incarnatum,Plantae,Magnoliopsida,Fabaceae,False,terrestrial,
Chillan,5359429,1,Trifolium dubium,Plantae,Liliopsida,Fabaceae,False,terrestrial,
Chillan,5361815,1,Urtica urens,Plantae,Magnoliopsida,Urticaceae,False,terrestrial,
Chillan,5361865,1,Ulmus minor,Plantae,Magnoliopsida,Ulmaceae,False,terrestrial,
Chillan,8324121,1,Trifolium pratense,Plantae,Liliopsida,Fabaceae,False,terrestrial,
Puerto Montt,1340503,16,Bombus terrestris,Animalia,Insecta,Apidae,True,terrestrial,abejorro europeo
Puerto Montt,1340383,3,Bombus ruderatus,Animalia,Insecta,Apidae,True,terrestrial,
Puerto Montt,3117424,3,Bellis perennis,Plantae,Magnoliopsida,Asteraceae,True,terrestrial,
Puerto Montt,2979000,2,Acacia melanoxylon,Plantae,Magnoliopsida,Fabaceae,False,terrestrial,aromo negro
Puerto Montt,2979474,2,Acacia dealbata,Plantae,Magnoliopsida,Fabaceae,True,terrestrial,aromo australiano
Puerto Montt,3042845,2,Brassica oleracea,Plantae,Magnoliopsida,Brassicaceae,True,terrestrial,
Puerto Montt,3120060,2,Achillea millefolium,Plantae,Magnoliopsida,Asteraceae,True,terrestrial,
Puerto Montt,2865100,1,Alisma plantago-aquatica,Plantae,Liliopsida,Alismataceae,False,freshwater,
Puerto Montt,2876213,1,Alnus glutinosa,Plantae,Magnoliopsida,Betulaceae,False,terrestrial,
Puerto Montt,5200757,1,Botryllus schlosseri,Animalia,Ascidiacea,Styelidae,False,marine,
Puerto Montt,2495414,29,Columba livia,Animalia,Aves,Columbidae,False,terrestrial,paloma doméstica
Puerto Montt,5858758,15,Cornu aspersum,Animalia,Gastropoda,Helicidae,True,terrestrial,caracol de jardín
Puerto Montt,2747939,12,Crocosmia crocosmiiflora,Plantae,Liliopsida,Iridaceae,False,terrestrial,
Puerto Montt,5219173,8,Canis lupus,Animalia,Mammalia,Canidae,False,terrestrial,
Puerto Montt,3112801,5,Cirsium vulgare,Plantae,Magnoliopsida,Asteraceae,True,terrestrial,
Puerto Montt,3034807,2,Conium maculatum,Plantae,Magnoliopsida,Apiaceae,False,terrestrial,cicuta
Puerto Montt,3112110,2,Cotula coronopifolia,Plantae,Magnoliopsida,Asteraceae,False,terrestrial,
Puerto Montt,2441056,1,Capra hircus,Animalia,Mammalia,Bovidae,True,terrestrial,
Puerto Montt,2480830,1,Bubulcus ibis,Animalia,Aves,Ardeidae,True,terrestrial|freshwater,garza boyera
Puerto Montt,2928441,1,Calystegia sepium,Plantae,Magnoliopsida,Solanaceae,False,terrestrial,
Puerto Montt,3103791,1,Chamomilla suaveolens,Plantae,Magnoliopsida,Asteraceae,True,terrestrial,
Puerto Montt,4984851,1,Bugula neritina,Animalia,Gymnolaemata,Bugulidae,True,marine,
Puerto Montt,8200663,1,Cymbalaria muralis,Plantae,Magnoliopsida,Plantaginaceae,False,terrestrial,
Puerto Montt,8370958,1,Chamomilla recutita,Plantae,Magnoliopsida,Asteraceae,True,terrestrial,
Puerto Montt,5414995,14,Digitalis purpurea,Plantae,Magnoliopsida,Plantaginaceae,False,terrestrial,
Puerto Montt,3034922,6,Foeniculum vulgare,Plantae,Magnoliopsida,Apiaceae,False,terrestrial,hinojo
Puerto Montt,2889173,4,Fallopia japonica,Plantae,Magnoliopsida,Polygonaceae,False,terrestrial,
Puerto Montt,4989904,3,Harmonia axyridis,Animalia,Insecta,Coccinellidae,False,terrestrial,chinita asiática
Puerto Montt,2435035,2,Felis catus,Animalia,Mammalia,Felidae,True,terrestrial,
Puerto Montt,2925892,2,Echium vulgare,Plantae,Magnoliopsida,Boraginaceae,False,terrestrial,
Puerto Montt,5354656,2,Cytisus scoparius,Plantae,Magnoliopsida,Fabaceae,True,terrestrial,
Puerto Montt,2440886,1,Equus caballus,Animalia,Mammalia,Equidae,False,terrestrial,
Puerto Montt,2705308,1,Dactylis glomerata,Plantae,Liliopsida,Poaceae,False,terrestrial,
Puerto Montt,2888380,1,Eschscholzia californica,Plantae,Magnoliopsida,Papaveraceae,True,terrestrial,amapola de California
Puerto Montt,2890668,1,Geranium robertianum,Plantae,Magnoliopsida,Geraniaceae,False,terrestrial,
Puerto Montt,2913548,1,Galium aparine,Plantae,Magnoliopsida,Rubiaceae,False,terrestrial,
Puerto Montt,3066386,1,Euphorbia peplus,Plantae,Magnoliopsida,Euphorbiaceae,False,terrestrial,
Puerto Montt,3147168,1,Erigeron karvinskianus,Plantae,Magnoliopsida,Asteraceae,True,terrestrial,
Puerto Montt,2963807,3,Lupinus arboreus,Plantae,Magnoliopsida,Fabaceae,True,terrestrial,
Puerto Montt,8848598,3,Leucanthemum vulgare,Plantae,Magnoliopsida,Asteraceae,True,terrestrial,
Puerto Montt,3134857,2,Lapsana communis,Plantae,Magnoliopsida,Asteraceae,False,terrestrial,
Puerto Montt,3189525,2,Hypericum androsaemum,Plantae,Magnoliopsida,Hypericaceae,False,terrestrial,
Puerto Montt,5357013,2,Lotus corniculatus,Plantae,Magnoliopsida,Fabaceae,True,terrestrial,
Puerto Montt,7952072,2,Lepus europaeus,Animalia,Mammalia,Leporidae,True,terrestrial,
Puerto Montt,2434333,1,Lycalopex griseus,Animalia,Mammalia,Canidae,False,terrestrial,
Puerto Montt,2701311,1,Juncus effusus,Plantae,Liliopsida,Juncaceae,False,terrestrial|freshwater,
Puerto Montt,2706164,1,Holcus lanatus,Plantae,Liliopsida,Poaceae,False,terrestrial,
Puerto Montt,3189486,1,Hypericum perforatum,Plantae,Magnoliopsida,Hypericaceae,True,terrestrial,
Puerto Montt,5384741,1,Lychnis coronaria,Plantae,Magnoliopsida,Caryophyllaceae,False,terrestrial,
Puerto Montt,5231190,20,Passer domesticus,Animalia,Aves,Passeridae,False,terrestrial,gorrión
Puerto Montt,7733140,6,Parentucellia viscosa,Plantae,Magnoliopsida,Orobanchaceae,False,terrestrial,
Puerto Montt,8208358,6,Plantago lanceolata,Plantae,Magnoliopsida,Plantaginaceae,True,terrestrial,llantén
Puerto Montt,2484396,2,Molothrus bonariensis,Animalia,Aves,Icteridae,True,terrestrial,mirlo / tordo renegrido
Puerto Montt,5204019,2,Oncorhynchus mykiss,Animalia,Actinopterygii,Salmonidae,True,freshwater|brackish|marine,
Puerto Montt,3033339,6,Ranunculus repens,Plantae,Magnoliopsida,Ranunculaceae,True,terrestrial,
Puerto Montt,5341297,4,Prunella vulgaris,Plantae,Magnoliopsida,Lamiaceae,False,terrestrial,
Puerto Montt,8174785,3,Rosa rubiginosa,Plantae,Magnoliopsida,Rosaceae,False,terrestrial,rosa mosqueta
Puerto Montt,2996929,2,Rubus ulmifolius,Plantae,Magnoliopsida,Rosaceae,True,terrestrial,zarzamora
Puerto Montt,3108983,2,Senecio vulgaris,Plantae,Magnoliopsida,Asteraceae,False,terrestrial,
Puerto Montt,5372639,2,Salix babylonica,Plantae,Magnoliopsida,Salicaceae,False,terrestrial,sauce llorón
Puerto Montt,2888995,1,Rumex acetosella,Plantae,Magnoliopsida,Polygonaceae,False,terrestrial,
Puerto Montt,5352251,1,Robinia pseudoacacia,Plantae,Magnoliopsida,Fabaceae,False,terrestrial,
Puerto Montt,5384848,1,Silene gallica,Plantae,Magnoliopsida,Caryophyllaceae,False,terrestrial,
Puerto Montt,8215487,1,Salmo trutta,Animalia,Actinopterygii,Salmonidae,True,freshwater|brackish|marine,
Puerto Montt,2951984,17,Ulex europaeus,Plantae,Magnoliopsida,Fabaceae,True,terrestrial,espinillo
Puerto Montt,5358748,11,Trifolium repens,Plantae,Magnoliopsida,Fabaceae,False,terrestrial,trébol blanco
Puerto Montt,8324121,8,Trifolium pratense,Plantae,Liliopsida,Fabaceae,False,terrestrial,
Puerto Montt,1311649,4,Vespula germanica,Animalia,Insecta,Vespidae,True,terrestrial,avispa chaqueta amarilla
Puerto Montt,3169708,2,Vinca major,Plantae,Magnoliopsida,Apocynaceae,False,terrestrial,
Puerto Montt,3171949,2,Verbascum thapsus,Plantae,Magnoliopsida,Scrophulariaceae,True,terrestrial,
Puerto Montt,5359429,2,Trifolium dubium,Plantae,Liliopsida,Fabaceae,False,terrestrial,
Puerto Montt,5394163,2,Taraxacum officinale,Plantae,Magnoliopsida,Asteraceae,True,terrestrial,diente de león
Puerto Montt,2868827,1,Zantedeschia aethiopica,Plantae,Liliopsida,Araceae,False,terrestrial|freshwater,
Puerto Montt,3118430,1,Tanacetum parthenium,Plantae,Magnoliopsida,Asteraceae,False,terrestrial,
Puerto Montt,3172057,1,Veronica serpyllifolia,Plantae,Magnoliopsida,Plantaginaceae,False,terrestrial,
Puerto Montt,3172077,1,Veronica persica,Plantae,Magnoliopsida,Plantaginaceae,False,terrestrial,
Calama,9657641,1,Acacia visco,Plantae,Magnoliopsida,Fabaceae,False,terrestrial,
Calama,2495414,4,Columba livia,Animalia,Aves,Columbidae,False,terrestrial,paloma doméstica
Calama,2480830,2,Bubulcus ibis,Animalia,Aves,Ardeidae,True,terrestrial|freshwater,garza boyera
Calama,2703723,1,Bromus catharticus,Plantae,Liliopsida,Poaceae,False,terrestrial,
Calama,9151957,1,Medicago sativa,Plantae,Magnoliopsida,Fabaceae,False,terrestrial,
Calama,5204019,1,Oncorhynchus mykiss,Animalia,Actinopterygii,Salmonidae,True,freshwater|brackish|marine,
Calama,2439261,1,Rattus norvegicus,Animalia,Mammalia,Muridae,True,terrestrial,rata gris
Osorno,1340503,43,Bombus terrestris,Animalia,Insecta,Apidae,True,terrestrial,abejorro europeo
Osorno,2979474,15,Acacia dealbata,Plantae,Magnoliopsida,Fabaceae,True,terrestrial,aromo australiano
Osorno,2979000,7,Acacia melanoxylon,Plantae,Magnoliopsida,Fabaceae,False,terrestrial,aromo negro
Osorno,3117424,6,Bellis perennis,Plantae,Magnoliopsida,Asteraceae,True,terrestrial,
Osorno,3120060,6,Achillea millefolium,Plantae,Magnoliopsida,Asteraceae,True,terrestrial,
Osorno,2876213,4,Alnus glutinosa,Plantae,Magnoliopsida,Betulaceae,False,terrestrial,
Osorno,8971274,4,Beta vulgaris,Plantae,Magnoliopsida,Chenopodiaceae,False,terrestrial,
Osorno,1340383,3,Bombus ruderatus,Animalia,Insecta,Apidae,True,terrestrial,
Osorno,2926110,2,Borago officinalis,Plantae,Magnoliopsida,Boraginaceae,True,terrestrial,
Osorno,5391802,1,Bidens aurea,Plantae,Magnoliopsida,Asteraceae,False,terrestrial,
Osorno,5219173,10,Canis lupus,Animalia,Mammalia,Canidae,False,terrestrial,
Osorno,5858758,9,Cornu aspersum,Animalia,Gastropoda,Helicidae,True,terrestrial,caracol de jardín
Osorno,5392252,6,Cichorium intybus,Plantae,Magnoliopsida,Asteraceae,True,terrestrial,chicoria
Osorno,3034807,4,Conium maculatum,Plantae,Magnoliopsida,Apiaceae,False,terrestrial,cicuta
Osorno,3112801,4,Cirsium vulgare,Plantae,Magnoliopsida,Asteraceae,True,terrestrial,
Osorno,2480830,2,Bubulcus ibis,Animalia,Aves,Ardeidae,True,terrestrial|freshwater,garza boyera
Osorno,2495414,2,Columba livia,Animalia,Aves,Columbidae,False,terrestrial,paloma doméstica
Osorno,5391480,2,Calendula officinalis,Plantae,Magnoliopsida,Asteraceae,True,terrestrial,
Osorno,9890104,2,Candidula intersecta,Animalia,Gastropoda,Hygromiidae,False,terrestrial,
Osorno,3103791,1,Chamomilla suaveolens,Plantae,Magnoliopsida,Asteraceae,True,terrestrial,
Osorno,4989904,25,Harmonia axyridis,Animalia,Insecta,Coccinellidae,False,terrestrial,chinita asiática
Osorno,3176787,7,Eucalyptus globulus,Plantae,Magnoliopsida,Myrtaceae,True,terrestrial,
Osorno,3034922,6,Foeniculum vulgare,Plantae,Magnoliopsida,Apiaceae,False,terrestrial,hinojo
Osorno,2435035,5,Felis catus,Animalia,Mammalia,Felidae,True,terrestrial,
Osorno,3066386,3,Euphorbia peplus,Plantae,Magnoliopsida,Euphorbiaceae,False,terrestrial,
Osorno,3066965,3,Euphorbia lathyris,Plantae,Magnoliopsida,Euphorbiaceae,False,terrestrial,
Osorno,2925892,2,Echium vulgare,Plantae,Magnoliopsida,Boraginaceae,False,terrestrial,
Osorno,5354656,2,Cytisus scoparius,Plantae,Magnoliopsida,Fabaceae,True,terrestrial,
Osorno,5414995,2,Digitalis purpurea,Plantae,Magnoliopsida,Plantaginaceae,False,terrestrial,
Osorno,2705308,1,Dactylis glomerata,Plantae,Liliopsida,Poaceae,False,terrestrial,
Osorno,2913548,1,Galium aparine,Plantae,Magnoliopsida,Rubiaceae,False,terrestrial,
Osorno,2925895,1,Echium plantagineum,Plantae,Magnoliopsida,Boraginaceae,True,terrestrial,
Osorno,2975667,1,Galega officinalis,Plantae,Magnoliopsida,Fabaceae,False,terrestrial,galega
Osorno,3119175,1,Helianthus tuberosus,Plantae,Magnoliopsida,Asteraceae,False,terrestrial,
Osorno,3147168,1,Erigeron karvinskianus,Plantae,Magnoliopsida,Asteraceae,True,terrestrial,
Osorno,4286975,1,Cyprinus carpio,Animalia,Actinopterygii,Cyprinidae,True,freshwater,
Osorno,5334218,1,Fumaria capreolata,Plantae,Magnoliopsida,Papaveraceae,False,terrestrial,flor de la culebra
Osorno,3093702,2,Hypochaeris radicata,Plantae,Magnoliopsida,Asteraceae,False,terrestrial,
Osorno,3189525,2,Hypericum androsaemum,Plantae,Magnoliopsida,Hypericaceae,False,terrestrial,
Osorno,2434333,1,Lycalopex griseus,Animalia,Mammalia,Canidae,False,terrestrial,
Osorno,3134857,1,Lapsana communis,Plantae,Magnoliopsida,Asteraceae,False,terrestrial,
Osorno,5384741,1,Lychnis coronaria,Plantae,Magnoliopsida,Caryophyllaceae,False,terrestrial,
Osorno,7886346,1,Hordeum murinum,Plantae,Liliopsida,Poaceae,False,terrestrial,
Osorno,8338793,1,Modiola caroliniana,Plantae,Magnoliopsida,Malvaceae,False,terrestrial,
Osorno,8848598,1,Leucanthemum vulgare,Plantae,Magnoliopsida,Asteraceae,True,terrestrial,
Osorno,5231190,6,Passer domesticus,Animalia,Aves,Passeridae,False,terrestrial,gorrión
Osorno,2484396,5,Molothrus bonariensis,Animalia,Aves,Icteridae,True,terrestrial,mirlo / tordo renegrido
Osorno,8208358,4,Plantago lanceolata,Plantae,Magnoliopsida,Plantaginaceae,True,terrestrial,llantén
Osorno,3189767,2,Plantago major,Plantae,Magnoliopsida,Plantaginaceae,True,terrestrial,
Osorno,5285727,2,Pinus radiata,Plantae,Pinopsida,Pinaceae,True,terrestrial,pino insigne
Osorno,7733140,2,Parentucellia viscosa,Plantae,Magnoliopsida,Orobanchaceae,False,terrestrial,
Osorno,2888439,1,Papaver somniferum,Plantae,Magnoliopsida,Papaveraceae,False,terrestrial,
Osorno,3145214,11,Silybum marianum,Plantae,Magnoliopsida,Asteraceae,False,terrestrial,cardo mariano
Osorno,3040227,4,Populus nigra,Plantae,Magnoliopsida,Salicaceae,False,terrestrial,
Osorno,5372639,3,Salix babylonica,Plantae,Magnoliopsida,Salicaceae,False,terrestrial,sauce llorón
Osorno,5352251,2,Robinia pseudoacacia,Plantae,Magnoliopsida,Fabaceae,False,terrestrial,
Osorno,2996929,1,Rubus ulmifolius,Plantae,Magnoliopsida,Rosaceae,True,terrestrial,zarzamora
Osorno,3033339,1,Ranunculus repens,Plantae,Magnoliopsida,Ranunculaceae,True,terrestrial,
Osorno,3040983,1,Raphanus raphanistrum,Plantae,Magnoliopsida,Brassicaceae,True,terrestrial,
Osorno,3085360,1,Saponaria officinalis,Plantae,Magnoliopsida,Caryophyllaceae,False,terrestrial,
Osorno,3085810,1,Spergula arvensis,Plantae,Magnoliopsida,Caryophyllaceae,False,terrestrial,
Osorno,5339050,1,Sherardia arvensis,Plantae,Magnoliopsida,Rubiaceae,False,terrestrial,
Osorno,8174785,1,Rosa rubiginosa,Plantae,Magnoliopsida,Rosaceae,False,terrestrial,rosa mosqueta
Osorno,8215487,1,Salmo trutta,Animalia,Actinopterygii,Salmonidae,True,freshwater|brackish|marine,
Osorno,5358748,7,Trifolium repens,Plantae,Magnoliopsida,Fabaceae,False,terrestrial,trébol blanco
Osorno,3172086,5,Veronica anagallis-aquatica,Plantae,Magnoliopsida,Plantaginaceae,False,terrestrial|freshwater,
Osorno,8324121,5,Trifolium pratense,Plantae,Liliopsida,Fabaceae,False,terrestrial,
Osorno,5394163,4,Taraxacum officinale,Plantae,Magnoliopsida,Asteraceae,True,terrestrial,diente de león
Osorno,1311649,3,Vespula germanica,Animalia,Insecta,Vespidae,True,terrestrial,avispa chaqueta amarilla
Osorno,3169708,3,Vinca major,Plantae,Magnoliopsida,Apocynaceae,False,terrestrial,
Osorno,2765156,1,Tradescantia fluminensis,Plantae,Liliopsida,Commelinaceae,False,terrestrial,
Osorno,2868827,1,Zantedeschia aethiopica,Plantae,Liliopsida,Araceae,False,terrestrial|freshwater,
Osorno,2975014,1,Vicia sativa,Plantae,Magnoliopsida,Fabaceae,False,terrestrial,
Osorno,3118430,1,Tanacetum parthenium,Plantae,Magnoliopsida,Asteraceae,False,terrestrial,
Osorno,3171949,1,Verbascum thapsus,Plantae,Magnoliopsida,Scrophulariaceae,True,terrestrial,
Osorno,3171954,1,Verbascum virgatum,Plantae,Magnoliopsida,Scrophulariaceae,False,terrestrial,verbasco
Osorno,5331235,1,Viola arvensis,Plantae,Magnoliopsida,Violaceae,False,terrestrial,
Osorno,5347796,1,Teline monspessulana,Plantae,Magnoliopsida,Fabaceae,True,terrestrial,
Valdivia,1340503,22,Bombus terrestris,Animalia,Insecta,Apidae,True,terrestrial,abejorro europeo
Valdivia,2979000,18,Acacia melanoxylon,Plantae,Magnoliopsida,Fabaceae,False,terrestrial,aromo negro
Valdivia,2876213,10,Alnus glutinosa,Plantae,Magnoliopsida,Betulaceae,False,terrestrial,
Valdivia,2979474,5,Acacia dealbata,Plantae,Magnoliopsida,Fabaceae,True,terrestrial,aromo australiano
Valdivia,3120060,5,Achillea millefolium,Plantae,Magnoliopsida,Asteraceae,True,terrestrial,
Valdivia,5325855,5,Amaryllis belladonna,Plantae,Liliopsida,Amaryllidaceae,False,terrestrial,
Valdivia,1340383,3,Bombus ruderatus,Animalia,Insecta,Apidae,True,terrestrial,
Valdivia,3117424,3,Bellis perennis,Plantae,Magnoliopsida,Asteraceae,True,terrestrial,
Valdivia,8184903,3,Anagallis arvensis,Plantae,Magnoliopsida,Primulaceae,True,terrestrial,
Valdivia,2865100,2,Alisma plantago-aquatica,Plantae,Liliopsida,Alismataceae,False,freshwater,
Valdivia,5391802,2,Bidens aurea,Plantae,Magnoliopsida,Asteraceae,False,terrestrial,
Valdivia,2441022,1,Bos taurus,Animalia,Mammalia,Bovidae,True,terrestrial,
Valdivia,3033191,1,Aquilegia vulgaris,Plantae,Magnoliopsida,Ranunculaceae,False,terrestrial,
Valdivia,3114986,1,Arctotheca calendula,Plantae,Magnoliopsida,Asteraceae,True,terrestrial,
Valdivia,2495414,16,Columba livia,Animalia,Aves,Columbidae,False,terrestrial,paloma doméstica
Valdivia,5858758,16,Cornu aspersum,Animalia,Gastropoda,Helicidae,True,terrestrial,caracol de jardín
Valdivia,2747939,11,Crocosmia crocosmiiflora,Plantae,Liliopsida,Iridaceae,False,terrestrial,
Valdivia,5228080,8,Callipepla californica,Animalia,Aves,Odontophoridae,False,terrestrial,codorniz de California
Valdivia,2928441,5,Calystegia sepium,Plantae,Magnoliopsida,Solanaceae,False,terrestrial,
Valdivia,2480830,3,Bubulcus ibis,Animalia,Aves,Ardeidae,True,terrestrial|freshwater,garza boyera
Valdivia,3103791,3,Chamomilla suaveolens,Plantae,Magnoliopsida,Asteraceae,True,terrestrial,
Valdivia,3034807,2,Conium maculatum,Plantae,Magnoliopsida,Apiaceae,False,terrestrial,cicuta
Valdivia,5392252,2,Cichorium intybus,Plantae,Magnoliopsida,Asteraceae,True,terrestrial,chicoria
Valdivia,7439391,2,Centaurium pulchellum,Plantae,Magnoliopsida,Gentianaceae,False,terrestrial,
Valdivia,2440958,1,Cervus elaphus,Animalia,Mammalia,Cervidae,True,terrestrial,
Valdivia,2702792,1,Briza maxima,Plantae,Liliopsida,Poaceae,True,terrestrial,
Valdivia,2928390,1,Convolvulus arvensis,Plantae,Magnoliopsida,Convolvulaceae,False,terrestrial,
Valdivia,3034871,1,Coriandrum sativum,Plantae,Magnoliopsida,Apiaceae,False,terrestrial,
Valdivia,3112801,1,Cirsium vulgare,Plantae,Magnoliopsida,Asteraceae,True,terrestrial,
Valdivia,5219173,1,Canis lupus,Animalia,Mammalia,Canidae,False,terrestrial,
Valdivia,5403304,1,Crepis capillaris,Plantae,Magnoliopsida,Asteraceae,False,terrestrial,
Valdivia,4989904,38,Harmonia axyridis,Animalia,Insecta,Coccinellidae,False,terrestrial,chinita asiática
Valdivia,5414995,21,Digitalis purpurea,Plantae,Magnoliopsida,Plantaginaceae,False,terrestrial,
Valdivia,5329263,7,Egeria densa,Plantae,Liliopsida,Hydrocharitaceae,True,freshwater,
Valdivia,3034922,6,Foeniculum vulgare,Plantae,Magnoliopsida,Apiaceae,False,terrestrial,hinojo
Valdivia,5354656,6,Cytisus scoparius,Plantae,Magnoliopsida,Fabaceae,True,terrestrial,
Valdivia,2975667,3,Galega officinalis,Plantae,Magnoliopsida,Fabaceae,False,terrestrial,galega
Valdivia,3066386,3,Euphorbia peplus,Plantae,Magnoliopsida,Euphorbiaceae,False,terrestrial,
Valdivia,2350570,2,Gambusia holbrooki,Animalia,Actinopterygii,Poeciliidae,True,freshwater|brackish,
Valdivia,2435035,2,Felis catus,Animalia,Mammalia,Felidae,True,terrestrial,
Valdivia,2440886,2,Equus caballus,Animalia,Mammalia,Equidae,False,terrestrial,
Valdivia,2705308,2,Dactylis glomerata,Plantae,Liliopsida,Poaceae,False,terrestrial,
Valdivia,2891488,2,Geranium molle,Plantae,Magnoliopsida,Geraniaceae,False,terrestrial,
Valdivia,2925895,2,Echium plantagineum,Plantae,Magnoliopsida,Boraginaceae,True,terrestrial,
Valdivia,5334218,2,Fumaria capreolata,Plantae,Magnoliopsida,Papaveraceae,False,terrestrial,flor de la culebra
Valdivia,5354707,2,Cytisus striatus,Plantae,Magnoliopsida,Fabaceae,False,terrestrial,
Valdivia,5365717,2,Duchesnea indica,Plantae,Magnoliopsida,Rosaceae,False,terrestrial,
Valdivia,2715482,1,Cyperus eragrostis,Plantae,Liliopsida,Cyperaceae,False,terrestrial|freshwater,
Valdivia,2888380,1,Eschscholzia californica,Plantae,Magnoliopsida,Papaveraceae,True,terrestrial,amapola de California
Valdivia,2913548,1,Galium aparine,Plantae,Magnoliopsida,Rubiaceae,False,terrestrial,
Valdivia,2928751,1,Datura stramonium,Plantae,Magnoliopsida,Solanaceae,False,terrestrial,
Valdivia,3147168,1,Erigeron karvinskianus,Plantae,Magnoliopsida,Asteraceae,True,terrestrial,
Valdivia,5289972,1,Digitaria sanguinalis,Plantae,Liliopsida,Poaceae,True,terrestrial,
Valdivia,2434333,18,Lycalopex griseus,Animalia,Mammalia,Canidae,False,terrestrial,
Valdivia,3188736,8,Lythrum salicaria,Plantae,Magnoliopsida,Lythraceae,True,terrestrial|freshwater,
Valdivia,3189525,6,Hypericum androsaemum,Plantae,Magnoliopsida,Hypericaceae,False,terrestrial,
Valdivia,7952072,4,Lepus europaeus,Animalia,Mammalia,Leporidae,True,terrestrial,
Valdivia,2701311,3,Juncus effusus,Plantae,Liliopsida,Juncaceae,False,terrestrial|freshwater,
Valdivia,3134857,3,Lapsana communis,Plantae,Magnoliopsida,Asteraceae,False,terrestrial,
Valdivia,2927189,2,Mentha pulegium,Plantae,Magnoliopsida,Lamiaceae,True,terrestrial,
Valdivia,8848598,2,Leucanthemum vulgare,Plantae,Magnoliopsida,Asteraceae,True,terrestrial,
Valdivia,2706164,1,Holcus lanatus,Plantae,Liliopsida,Poaceae,False,terrestrial,
Valdivia,2706241,1,Lolium perenne,Plantae,Liliopsida,Poaceae,False,terrestrial,ballica
Valdivia,2965201,1,Medicago lupulina,Plantae,Magnoliopsida,Fabaceae,True,terrestrial,
Valdivia,3189486,1,Hypericum perforatum,Plantae,Magnoliopsida,Hypericaceae,True,terrestrial,
Valdivia,3935079,1,Malva dendromorpha,Plantae,Magnoliopsida,Malvaceae,False,terrestrial,
Valdivia,4129708,1,Lolium multiflorum,Plantae,Liliopsida,Poaceae,False,terrestrial,
Valdivia,5341501,1,Melissa officinalis,Plantae,Magnoliopsida,Lamiaceae,True,terrestrial,
Valdivia,5357013,1,Lotus corniculatus,Plantae,Magnoliopsida,Fabaceae,True,terrestrial,
Valdivia,5373358,1,Lobularia maritima,Plantae,Magnoliopsida,Brassicaceae,False,terrestrial,
Valdivia,6413649,1,Juncus bufonius,Plantae,Liliopsida,Juncaceae,False,terrestrial|freshwater,
Valdivia,8338793,1,Modiola caroliniana,Plantae,Magnoliopsida,Malvaceae,False,terrestrial,
Valdivia,5231190,16,Passer domesticus,Animalia,Aves,Passeridae,False,terrestrial,gorrión
Valdivia,2484396,6,Molothrus bonariensis,Animalia,Aves,Icteridae,True,terrestrial,mirlo / tordo renegrido
Valdivia,2882437,6,Nymphaea alba,Plantae,Magnoliopsida,Nymphaeaceae,False,freshwater,
Valdivia,8208358,6,Plantago lanceolata,Plantae,Magnoliopsida,Plantaginaceae,True,terrestrial,llantén
Valdivia,7733140,5,Parentucellia viscosa,Plantae,Magnoliopsida,Orobanchaceae,False,terrestrial,
Valdivia,2891664,3,Oxalis articulata,Plantae,Magnoliopsida,Oxalidaceae,True,terrestrial,
Valdivia,2477581,2,Nothoprocta perdicaria,Animalia,Aves,Tinamidae,False,terrestrial,
Valdivia,5341183,2,Myosotis latifolia,Plantae,Magnoliopsida,Boraginaceae,False,terrestrial,
Valdivia,5341784,2,Physalis peruviana,Plantae,Magnoliopsida,Solanaceae,True,terrestrial,
Valdivia,2928774,1,Nicotiana tabacum,Plantae,Liliopsida,Solanaceae,False,terrestrial,
Valdivia,3189767,1,Plantago major,Plantae,Magnoliopsida,Plantaginaceae,True,terrestrial,
Valdivia,5190769,1,Oxychilus alliarius,Animalia,Gastropoda,Zonitidae,False,terrestrial,
Valdivia,5285727,1,Pinus radiata,Plantae,Pinopsida,Pinaceae,True,terrestrial,pino insigne
Valdivia,5289917,1,Polypogon monspeliensis,Plantae,Liliopsida,Poaceae,False,terrestrial,
Valdivia,8427624,1,Oxalis corniculata,Plantae,Liliopsida,Oxalidaceae,False,terrestrial,
Valdivia,8174785,11,Rosa rubiginosa,Plantae,Magnoliopsida,Rosaceae,False,terrestrial,rosa mosqueta
Valdivia,5341297,10,Prunella vulgaris,Plantae,Magnoliopsida,Lamiaceae,False,terrestrial,
Valdivia,3033339,8,Ranunculus repens,Plantae,Magnoliopsida,Ranunculaceae,True,terrestrial,
Valdivia,2996929,3,Rubus ulmifolius,Plantae,Magnoliopsida,Rosaceae,True,terrestrial,zarzamora
Valdivia,3145214,3,Silybum marianum,Plantae,Magnoliopsida,Asteraceae,False,terrestrial,cardo mariano
Valdivia,5372639,3,Salix babylonica,Plantae,Magnoliopsida,Salicaceae,False,terrestrial,sauce llorón
Valdivia,2439261,2,Rattus norvegicus,Animalia,Mammalia,Muridae,True,terrestrial,rata gris
Valdivia,2888995,2,Rumex acetosella,Plantae,Magnoliopsida,Polygonaceae,False,terrestrial,
Valdivia,2439270,1,Rattus rattus,Animalia,Mammalia,Muridae,True,terrestrial,rata negra
Valdivia,2888728,1,Sambucus nigra,Plantae,Magnoliopsida,Adoxaceae,False,terrestrial,
Valdivia,2889011,1,Rumex obtusifolius,Plantae,Magnoliopsida,Polygonaceae,True,terrestrial,
Valdivia,2984366,1,Soleirolia soleirolii,Plantae,Magnoliopsida,Rosaceae,False,terrestrial,
Valdivia,3040983,1,Raphanus raphanistrum,Plantae,Magnoliopsida,Brassicaceae,True,terrestrial,
Valdivia,3084719,1,Portulaca oleracea,Plantae,Magnoliopsida,Portulacaceae,False,terrestrial,
Valdivia,3105782,1,Sonchus asper,Plantae,Magnoliopsida,Asteraceae,False,terrestrial,
Valdivia,7301010,1,Scabiosa atropurpurea,Plantae,Magnoliopsida,Dipsacaceae,False,terrestrial,
Valdivia,8195144,1,Rumex crispus,Plantae,Magnoliopsida,Polygonaceae,False,terrestrial,
Valdivia,5358748,9,Trifolium repens,Plantae,Magnoliopsida,Fabaceae,False,terrestrial,trébol blanco
Valdivia,8324121,9,Trifolium pratense,Plantae,Liliopsida,Fabaceae,False,terrestrial,
Valdivia,1311649,8,Vespula germanica,Animalia,Insecta,Vespidae,True,terrestrial,avispa chaqueta amarilla
Valdivia,2443002,8,Trachemys scripta,Animalia,Reptilia,Emydidae,False,terrestrial|freshwater,
Valdivia,2951984,7,Ulex europaeus,Plantae,Magnoliopsida,Fabaceae,True,terrestrial,espinillo
Valdivia,5347796,6,Teline monspessulana,Plantae,Magnoliopsida,Fabaceae,True,terrestrial,
Valdivia,2765156,5,Tradescantia fluminensis,Plantae,Liliopsida,Commelinaceae,False,terrestrial,
Valdivia,3169708,4,Vinca major,Plantae,Magnoliopsida,Apocynaceae,False,terrestrial,
Valdivia,5359429,3,Trifolium dubium,Plantae,Liliopsida,Fabaceae,False,terrestrial,
Valdivia,5394163,3,Taraxacum officinale,Plantae,Magnoliopsida,Asteraceae,True,terrestrial,diente de león
Valdivia,2868827,2,Zantedeschia aethiopica,Plantae,Liliopsida,Araceae,False,terrestrial|freshwater,
Valdivia,3172057,2,Veronica serpyllifolia,Plantae,Magnoliopsida,Plantaginaceae,False,terrestrial,
Valdivia,3118274,1,Tanacetum vulgare,Plantae,Magnoliopsida,Asteraceae,False,terrestrial,
Valdivia,3171949,1,Verbascum thapsus,Plantae,Magnoliopsida,Scrophulariaceae,True,terrestrial,
Valdivia,3172048,1,Veronica arvensis,Plantae,Magnoliopsida,Plantaginaceae,False,terrestrial,
Valdivia,3172077,1,Veronica persica,Plantae,Magnoliopsida,Plantaginaceae,False,terrestrial,
Valdivia,3172086,1,Veronica anagallis-aquatica,Plantae,Magnoliopsida,Plantaginaceae,False,terrestrial|freshwater,
Copiapo,1340503,2,Bombus terrestris,Animalia,Insecta,Apidae,True,terrestrial,abejorro europeo
Copiapo,3152633,1,Abutilon grandifolium,Plantae,Magnoliopsida,Malvaceae,False,terrestrial,
Copiapo,2495414,4,Columba livia,Animalia,Aves,Columbidae,False,terrestrial,paloma doméstica
Copiapo,5392252,2,Cichorium intybus,Plantae,Magnoliopsida,Asteraceae,True,terrestrial,chicoria
Copiapo,3112110,1,Cotula coronopifolia,Plantae,Magnoliopsida,Asteraceae,False,terrestrial,
Copiapo,5289726,1,Cenchrus pauciflorus,Plantae,Magnoliopsida,Poaceae,True,terrestrial,
Copiapo,2928751,2,Datura stramonium,Plantae,Magnoliopsida,Solanaceae,False,terrestrial,
Copiapo,2928755,1,Datura innoxia,Plantae,Magnoliopsida,Solanaceae,False,terrestrial,
Copiapo,2971095,3,Melilotus albus,Plantae,Magnoliopsida,Fabaceae,True,terrestrial,
Copiapo,3084839,1,Mesembryanthemum crystallinum,Plantae,Magnoliopsida,Aizoaceae,False,terrestrial,
Copiapo,3152378,1,Malva parviflora,Plantae,Magnoliopsida,Malvaceae,True,terrestrial,
Copiapo,2928783,6,Nicotiana glauca,Plantae,Magnoliopsida,Solanaceae,True,terrestrial,palqui / tabaco cimarrón
Copiapo,2492081,4,Paroaria coronata,Animalia,Aves,Emberizidae,False,terrestrial,
Copiapo,5341112,3,Phyla canescens,Plantae,Magnoliopsida,Verbenaceae,False,terrestrial,
Copiapo,2479407,2,Myiopsitta monachus,Animalia,Aves,Psittacidae,True,terrestrial,cotorra argentina
Copiapo,1114246,1,Phoracantha recurva,Animalia,Insecta,Cerambycidae,False,terrestrial,
Copiapo,5231190,1,Passer domesticus,Animalia,Aves,Passeridae,False,terrestrial,gorrión
Copiapo,5341766,1,Physalis viscosa,Plantae,Magnoliopsida,Solanaceae,True,terrestrial,
Copiapo,5380041,8,Ricinus communis,Plantae,Magnoliopsida,Euphorbiaceae,True,terrestrial,
Copiapo,3145214,1,Silybum marianum,Plantae,Magnoliopsida,Asteraceae,False,terrestrial,cardo mariano
Copiapo,3172086,1,Veronica anagallis-aquatica,Plantae,Magnoliopsida,Plantaginaceae,False,terrestrial|freshwater,
Los Angeles,2979474,4,Acacia dealbata,Plantae,Magnoliopsida,Fabaceae,True,terrestrial,aromo australiano
Los Angeles,5391802,4,Bidens aurea,Plantae,Magnoliopsida,Asteraceae,False,terrestrial,
Los Angeles,1340503,2,Bombus terrestris,Animalia,Insecta,Apidae,True,terrestrial,abejorro europeo
Los Angeles,2705300,1,Avena barbata,Plantae,Liliopsida,Poaceae,False,terrestrial,teatina
Los Angeles,2876213,1,Alnus glutinosa,Plantae,Magnoliopsida,Betulaceae,False,terrestrial,
Los Angeles,3042636,1,Brassica napus,Plantae,Magnoliopsida,Brassicaceae,True,terrestrial,
Los Angeles,2495414,5,Columba livia,Animalia,Aves,Columbidae,False,terrestrial,paloma doméstica
Los Angeles,3034807,2,Conium maculatum,Plantae,Magnoliopsida,Apiaceae,False,terrestrial,cicuta
Los Angeles,5392252,2,Cichorium intybus,Plantae,Magnoliopsida,Asteraceae,True,terrestrial,chicoria
Los Angeles,5858758,2,Cornu aspersum,Animalia,Gastropoda,Helicidae,True,terrestrial,caracol de jardín
Los Angeles,6109637,2,Cynodon dactylon,Plantae,Liliopsida,Poaceae,True,terrestrial,
Los Angeles,2702792,1,Briza maxima,Plantae,Liliopsida,Poaceae,True,terrestrial,
Los Angeles,2928390,1,Convolvulus arvensis,Plantae,Magnoliopsida,Convolvulaceae,False,terrestrial,
Los Angeles,3083838,1,Chenopodium album,Plantae,Magnoliopsida,Chenopodiaceae,True,terrestrial,
Los Angeles,3112801,1,Cirsium vulgare,Plantae,Magnoliopsida,Asteraceae,True,terrestrial,
Los Angeles,5403304,1,Crepis capillaris,Plantae,Magnoliopsida,Asteraceae,False,terrestrial,
Los Angeles,8149099,1,Chenopodium murale,Plantae,Liliopsida,Chenopodiaceae,True,terrestrial,
Los Angeles,8370958,1,Chamomilla recutita,Plantae,Magnoliopsida,Asteraceae,True,terrestrial,
Los Angeles,2925892,4,Echium vulgare,Plantae,Magnoliopsida,Boraginaceae,False,terrestrial,
Los Angeles,4989904,4,Harmonia axyridis,Animalia,Insecta,Coccinellidae,False,terrestrial,chinita asiática
Los Angeles,2928751,3,Datura stramonium,Plantae,Magnoliopsida,Solanaceae,False,terrestrial,
Los Angeles,5334218,3,Fumaria capreolata,Plantae,Magnoliopsida,Papaveraceae,False,terrestrial,flor de la culebra
Los Angeles,2975667,2,Galega officinalis,Plantae,Magnoliopsida,Fabaceae,False,terrestrial,galega
Los Angeles,9419993,2,Erodium moschatum,Plantae,Magnoliopsida,Geraniaceae,False,terrestrial,
Los Angeles,2888380,1,Eschscholzia californica,Plantae,Magnoliopsida,Papaveraceae,True,terrestrial,amapola de California
Los Angeles,3034742,1,Daucus carota,Plantae,Magnoliopsida,Apiaceae,False,terrestrial,
Los Angeles,3050595,1,Hirschfeldia incana,Plantae,Magnoliopsida,Brassicaceae,False,terrestrial,
Los Angeles,3066386,1,Euphorbia peplus,Plantae,Magnoliopsida,Euphorbiaceae,False,terrestrial,
Los Angeles,3066965,1,Euphorbia lathyris,Plantae,Magnoliopsida,Euphorbiaceae,False,terrestrial,
Los Angeles,2706241,1,Lolium perenne,Plantae,Liliopsida,Poaceae,False,terrestrial,ballica
Los Angeles,3086240,1,Mirabilis jalapa,Plantae,Magnoliopsida,Nyctaginaceae,False,terrestrial,
Los Angeles,3152374,1,Malva sylvestris,Plantae,Magnoliopsida,Malvaceae,True,terrestrial,
Los Angeles,3189486,1,Hypericum perforatum,Plantae,Magnoliopsida,Hypericaceae,True,terrestrial,
Los Angeles,5341501,1,Melissa officinalis,Plantae,Magnoliopsida,Lamiaceae,True,terrestrial,
Los Angeles,5373358,1,Lobularia maritima,Plantae,Magnoliopsida,Brassicaceae,False,terrestrial,
Los Angeles,7952072,1,Lepus europaeus,Animalia,Mammalia,Leporidae,True,terrestrial,
Los Angeles,5231190,4,Passer domesticus,Animalia,Aves,Passeridae,False,terrestrial,gorrión
Los Angeles,1114246,2,Phoracantha recurva,Animalia,Insecta,Cerambycidae,False,terrestrial,
Los Angeles,7821030,2,Polygonum aviculare,Plantae,Magnoliopsida,Polygonaceae,False,terrestrial,
Los Angeles,1114140,1,Phoracantha semipunctata,Animalia,Insecta,Cerambycidae,False,terrestrial,
Los Angeles,2484396,1,Molothrus bonariensis,Animalia,Aves,Icteridae,True,terrestrial,mirlo / tordo renegrido
Los Angeles,2891664,1,Oxalis articulata,Plantae,Magnoliopsida,Oxalidaceae,True,terrestrial,
Los Angeles,3189767,1,Plantago major,Plantae,Magnoliopsida,Plantaginaceae,True,terrestrial,
Los Angeles,8208358,1,Plantago lanceolata,Plantae,Magnoliopsida,Plantaginaceae,True,terrestrial,llantén
Los Angeles,8427624,1,Oxalis corniculata,Plantae,Liliopsida,Oxalidaceae,False,terrestrial,
Los Angeles,3145214,3,Silybum marianum,Plantae,Magnoliopsida,Asteraceae,False,terrestrial,cardo mariano
Los Angeles,8174785,3,Rosa rubiginosa,Plantae,Magnoliopsida,Rosaceae,False,terrestrial,rosa mosqueta
Los Angeles,3108983,2,Senecio vulgaris,Plantae,Magnoliopsida,Asteraceae,False,terrestrial,
Los Angeles,5384848,2,Silene gallica,Plantae,Magnoliopsida,Caryophyllaceae,False,terrestrial,
Los Angeles,2439261,1,Rattus norvegicus,Animalia,Mammalia,Muridae,True,terrestrial,rata gris
Los Angeles,2705185,1,Sorghum halepense,Plantae,Liliopsida,Poaceae,True,terrestrial,
Los Angeles,2889011,1,Rumex obtusifolius,Plantae,Magnoliopsida,Polygonaceae,True,terrestrial,
Los Angeles,2931104,1,Solanum pseudocapsicum,Plantae,Magnoliopsida,Solanaceae,False,terrestrial,
Los Angeles,2984366,1,Soleirolia soleirolii,Plantae,Magnoliopsida,Rosaceae,False,terrestrial,
Los Angeles,2996929,1,Rubus ulmifolius,Plantae,Magnoliopsida,Rosaceae,True,terrestrial,zarzamora
Los Angeles,3084719,1,Portulaca oleracea,Plantae,Magnoliopsida,Portulacaceae,False,terrestrial,
Los Angeles,3170875,1,Scrophularia auriculata,Plantae,Magnoliopsida,Scrophulariaceae,False,terrestrial,
Los Angeles,5341297,1,Prunella vulgaris,Plantae,Magnoliopsida,Lamiaceae,False,terrestrial,
Los Angeles,5380041,1,Ricinus communis,Plantae,Magnoliopsida,Euphorbiaceae,True,terrestrial,
Los Angeles,7678610,1,Raphanus sativus,Plantae,Magnoliopsida,Brassicaceae,True,terrestrial,
Los Angeles,5358748,5,Trifolium repens,Plantae,Magnoliopsida,Fabaceae,False,terrestrial,trébol blanco
Los Angeles,5331235,4,Viola arvensis,Plantae,Magnoliopsida,Violaceae,False,terrestrial,
Los Angeles,1311649,2,Vespula germanica,Animalia,Insecta,Vespidae,True,terrestrial,avispa chaqueta amarilla
Los Angeles,3169708,2,Vinca major,Plantae,Magnoliopsida,Apocynaceae,False,terrestrial,
Los Angeles,3171949,2,Verbascum thapsus,Plantae,Magnoliopsida,Scrophulariaceae,True,terrestrial,
Los Angeles,5347796,2,Teline monspessulana,Plantae,Magnoliopsida,Fabaceae,True,terrestrial,
Los Angeles,2868827,1,Zantedeschia aethiopica,Plantae,Liliopsida,Araceae,False,terrestrial|freshwater,
Los Angeles,2975014,1,Vicia sativa,Plantae,Magnoliopsida,Fabaceae,False,terrestrial,
Los Angeles,3171954,1,Verbascum virgatum,Plantae,Magnoliopsida,Scrophulariaceae,False,terrestrial,verbasco
Los Angeles,5331181,1,Viola odorata,Plantae,Magnoliopsida,Violaceae,False,terrestrial,
Los Angeles,5394163,1,Taraxacum officinale,Plantae,Magnoliopsida,Asteraceae,True,terrestrial,diente de león
Los Angeles,8324121,1,Trifolium pratense,Plantae,Liliopsida,Fabaceae,False,terrestrial,
Los Angeles,9182154,1,Vicia villosa,Plantae,Magnoliopsida,Fabaceae,False,terrestrial,
Curico,1340503,4,Bombus terrestris,Animalia,Insecta,Apidae,True,terrestrial,abejorro europeo
Curico,2979000,3,Acacia melanoxylon,Plantae,Magnoliopsida,Fabaceae,False,terrestrial,aromo negro
Curico,1340383,1,Bombus ruderatus,Animalia,Insecta,Apidae,True,terrestrial,
Curico,3152493,1,Anoda cristata,Plantae,Magnoliopsida,Malvaceae,True,terrestrial,
Curico,5325855,1,Amaryllis belladonna,Plantae,Liliopsida,Amaryllidaceae,False,terrestrial,
Curico,6109534,1,Amaranthus retroflexus,Plantae,Magnoliopsida,Amaranthaceae,True,terrestrial,
Curico,8184903,1,Anagallis arvensis,Plantae,Magnoliopsida,Primulaceae,True,terrestrial,
Curico,2495414,3,Columba livia,Animalia,Aves,Columbidae,False,terrestrial,paloma doméstica
Curico,2480830,2,Bubulcus ibis,Animalia,Aves,Ardeidae,True,terrestrial|freshwater,garza boyera
Curico,2702792,2,Briza maxima,Plantae,Liliopsida,Poaceae,True,terrestrial,
Curico,2703777,1,Bromus hordeaceus,Plantae,Liliopsida,Poaceae,True,terrestrial,
Curico,2704394,1,Cynosurus echinatus,Plantae,Liliopsida,Poaceae,False,terrestrial,
Curico,2928390,1,Convolvulus arvensis,Plantae,Magnoliopsida,Convolvulaceae,False,terrestrial,
Curico,3034807,1,Conium maculatum,Plantae,Magnoliopsida,Apiaceae,False,terrestrial,cicuta
Curico,3083838,1,Chenopodium album,Plantae,Magnoliopsida,Chenopodiaceae,True,terrestrial,
Curico,3112801,1,Cirsium vulgare,Plantae,Magnoliopsida,Asteraceae,True,terrestrial,
Curico,3114667,1,Carduus pycnocephalus,Plantae,Magnoliopsida,Asteraceae,True,terrestrial,
Curico,5219173,1,Canis lupus,Animalia,Mammalia,Canidae,False,terrestrial,
Curico,5228080,1,Callipepla californica,Animalia,Aves,Odontophoridae,False,terrestrial,codorniz de California
Curico,5391480,1,Calendula officinalis,Plantae,Magnoliopsida,Asteraceae,True,terrestrial,
Curico,7903057,1,Brassica rapa,Plantae,Magnoliopsida,Brassicaceae,True,terrestrial,yuyo
Curico,2888380,7,Eschscholzia californica,Plantae,Magnoliopsida,Papaveraceae,True,terrestrial,amapola de California
Curico,5365717,5,Duchesnea indica,Plantae,Magnoliopsida,Rosaceae,False,terrestrial,
Curico,4989904,4,Harmonia axyridis,Animalia,Insecta,Coccinellidae,False,terrestrial,chinita asiática
Curico,2891488,3,Geranium molle,Plantae,Magnoliopsida,Geraniaceae,False,terrestrial,
Curico,2925892,3,Echium vulgare,Plantae,Magnoliopsida,Boraginaceae,False,terrestrial,
Curico,2705308,2,Dactylis glomerata,Plantae,Liliopsida,Poaceae,False,terrestrial,
Curico,2928751,2,Datura stramonium,Plantae,Magnoliopsida,Solanaceae,False,terrestrial,
Curico,3034742,2,Daucus carota,Plantae,Magnoliopsida,Apiaceae,False,terrestrial,
Curico,3066386,2,Euphorbia peplus,Plantae,Magnoliopsida,Euphorbiaceae,False,terrestrial,
Curico,2714818,1,Cyperus rotundus,Plantae,Liliopsida,Cyperaceae,True,terrestrial|freshwater,
Curico,2890040,1,Geranium dissectum,Plantae,Magnoliopsida,Geraniaceae,False,terrestrial,
Curico,2925895,1,Echium plantagineum,Plantae,Magnoliopsida,Boraginaceae,True,terrestrial,
Curico,3066367,1,Euphorbia helioscopia,Plantae,Magnoliopsida,Euphorbiaceae,False,terrestrial,
Curico,3152560,1,Hibiscus trionum,Plantae,Magnoliopsida,Malvaceae,False,terrestrial,
Curico,5334218,1,Fumaria capreolata,Plantae,Magnoliopsida,Papaveraceae,False,terrestrial,flor de la culebra
Curico,2965531,2,Medicago polymorpha,Plantae,Magnoliopsida,Fabaceae,False,terrestrial,hualputra
Curico,8338793,2,Modiola caroliniana,Plantae,Magnoliopsida,Malvaceae,False,terrestrial,
Curico,2080592,1,Icerya purchasi,Animalia,Insecta,Margarodidae,True,host,
Curico,2706241,1,Lolium perenne,Plantae,Liliopsida,Poaceae,False,terrestrial,ballica
Curico,2873861,1,Linum usitatissimum,Plantae,Magnoliopsida,Linaceae,False,terrestrial,
Curico,2873896,1,Linum bienne,Plantae,Magnoliopsida,Linaceae,False,terrestrial,
Curico,2926679,1,Lamium amplexicaule,Plantae,Magnoliopsida,Lamiaceae,False,terrestrial,
Curico,2928576,1,Ipomoea purpurea,Plantae,Magnoliopsida,Convolvulaceae,False,terrestrial,
Curico,2965527,1,Medicago arabica,Plantae,Magnoliopsida,Fabaceae,False,terrestrial,
Curico,2971016,1,Melilotus indicus,Plantae,Magnoliopsida,Fabaceae,False,terrestrial,trébol de olor
Curico,3093702,1,Hypochaeris radicata,Plantae,Magnoliopsida,Asteraceae,False,terrestrial,
Curico,3134857,1,Lapsana communis,Plantae,Magnoliopsida,Asteraceae,False,terrestrial,
Curico,5289906,1,Lophochloa cristata,Plantae,Liliopsida,Poaceae,False,terrestrial,
Curico,5341501,1,Melissa officinalis,Plantae,Magnoliopsida,Lamiaceae,True,terrestrial,
Curico,5357013,1,Lotus corniculatus,Plantae,Magnoliopsida,Fabaceae,True,terrestrial,
Curico,7886346,1,Hordeum murinum,Plantae,Liliopsida,Poaceae,False,terrestrial,
Curico,2888439,2,Papaver somniferum,Plantae,Magnoliopsida,Papaveraceae,False,terrestrial,
Curico,3085625,2,Petrorhagia dubia,Plantae,Magnoliopsida,Caryophyllaceae,True,terrestrial,
Curico,8208358,2,Plantago lanceolata,Plantae,Magnoliopsida,Plantaginaceae,True,terrestrial,llantén
Curico,1114246,1,Phoracantha recurva,Animalia,Insecta,Cerambycidae,False,terrestrial,
Curico,2436940,1,Oryctolagus cuniculus,Animalia,Mammalia,Leporidae,True,terrestrial,conejo europeo
Curico,3141855,1,Picris echioides,Plantae,Magnoliopsida,Asteraceae,False,terrestrial,
Curico,3145214,2,Silybum marianum,Plantae,Magnoliopsida,Asteraceae,False,terrestrial,cardo mariano
Curico,5339050,2,Sherardia arvensis,Plantae,Magnoliopsida,Rubiaceae,False,terrestrial,
Curico,5373368,2,Rapistrum rugosum,Plantae,Magnoliopsida,Brassicaceae,True,terrestrial,
Curico,2888946,1,Rumex longifolius,Plantae,Magnoliopsida,Polygonaceae,False,terrestrial,
Curico,2996929,1,Rubus ulmifolius,Plantae,Magnoliopsida,Rosaceae,True,terrestrial,zarzamora
Curico,3046890,1,Sisymbrium officinale,Plantae,Magnoliopsida,Brassicaceae,False,terrestrial,
Curico,7678610,1,Raphanus sativus,Plantae,Magnoliopsida,Brassicaceae,True,terrestrial,
Curico,8195144,1,Rumex crispus,Plantae,Magnoliopsida,Polygonaceae,False,terrestrial,
Curico,3171954,5,Verbascum virgatum,Plantae,Magnoliopsida,Scrophulariaceae,False,terrestrial,verbasco
Curico,1311649,3,Vespula germanica,Animalia,Insecta,Vespidae,True,terrestrial,avispa chaqueta amarilla
Curico,2975014,1,Vicia sativa,Plantae,Magnoliopsida,Fabaceae,False,terrestrial,
Curico,3172077,1,Veronica persica,Plantae,Magnoliopsida,Plantaginaceae,False,terrestrial,
Curico,5358748,1,Trifolium repens,Plantae,Magnoliopsida,Fabaceae,False,terrestrial,trébol blanco
Curico,5359395,1,Trifolium angustifolium,Plantae,Magnoliopsida,Fabaceae,False,terrestrial,
Curico,5394163,1,Taraxacum officinale,Plantae,Magnoliopsida,Asteraceae,True,terrestrial,diente de león
Punta Arenas,1340503,33,Bombus terrestris,Animalia,Insecta,Apidae,True,terrestrial,abejorro europeo
Punta Arenas,3120060,30,Achillea millefolium,Plantae,Magnoliopsida,Asteraceae,True,terrestrial,
Punta Arenas,3117424,3,Bellis perennis,Plantae,Magnoliopsida,Asteraceae,True,terrestrial,
Punta Arenas,2706541,1,Agrostis gigantea,Plantae,Liliopsida,Poaceae,True,terrestrial,
Punta Arenas,2495414,22,Columba livia,Animalia,Aves,Columbidae,False,terrestrial,paloma doméstica
Punta Arenas,3113414,10,Cirsium arvense,Plantae,Magnoliopsida,Asteraceae,True,terrestrial,
Punta Arenas,2480830,8,Bubulcus ibis,Animalia,Aves,Ardeidae,True,terrestrial|freshwater,garza boyera
Punta Arenas,5219173,7,Canis lupus,Animalia,Mammalia,Canidae,False,terrestrial,
Punta Arenas,5375388,6,Capsella bursa-pastoris,Plantae,Magnoliopsida,Brassicaceae,True,terrestrial,
Punta Arenas,3103791,5,Chamomilla suaveolens,Plantae,Magnoliopsida,Asteraceae,True,terrestrial,
Punta Arenas,3034807,2,Conium maculatum,Plantae,Magnoliopsida,Apiaceae,False,terrestrial,cicuta
Punta Arenas,3112801,1,Cirsium vulgare,Plantae,Magnoliopsida,Asteraceae,True,terrestrial,
Punta Arenas,7903057,1,Brassica rapa,Plantae,Magnoliopsida,Brassicaceae,True,terrestrial,yuyo
Punta Arenas,8370958,1,Chamomilla recutita,Plantae,Magnoliopsida,Asteraceae,True,terrestrial,
Punta Arenas,5354656,7,Cytisus scoparius,Plantae,Magnoliopsida,Fabaceae,True,terrestrial,
Punta Arenas,3042291,3,Hesperis matronalis,Plantae,Magnoliopsida,Brassicaceae,False,terrestrial,
Punta Arenas,9458333,3,Hieracium pilosella,Plantae,Magnoliopsida,Asteraceae,False,terrestrial,
Punta Arenas,2440886,1,Equus caballus,Animalia,Mammalia,Equidae,False,terrestrial,
Punta Arenas,2705308,1,Dactylis glomerata,Plantae,Liliopsida,Poaceae,False,terrestrial,
Punta Arenas,3044318,1,Descurainia sophia,Plantae,Magnoliopsida,Brassicaceae,False,terrestrial,
Punta Arenas,5414995,1,Digitalis purpurea,Plantae,Magnoliopsida,Plantaginaceae,False,terrestrial,
Punta Arenas,2964355,31,Lupinus polyphyllus,Plantae,Magnoliopsida,Fabaceae,False,terrestrial,
Punta Arenas,2963807,24,Lupinus arboreus,Plantae,Magnoliopsida,Fabaceae,True,terrestrial,
Punta Arenas,8848598,6,Leucanthemum vulgare,Plantae,Magnoliopsida,Asteraceae,True,terrestrial,
Punta Arenas,2434333,5,Lycalopex griseus,Animalia,Mammalia,Canidae,False,terrestrial,
Punta Arenas,7952072,3,Lepus europaeus,Animalia,Mammalia,Leporidae,True,terrestrial,
Punta Arenas,2965201,2,Medicago lupulina,Plantae,Magnoliopsida,Fabaceae,True,terrestrial,
Punta Arenas,7886346,2,Hordeum murinum,Plantae,Liliopsida,Poaceae,False,terrestrial,
Punta Arenas,9151957,2,Medicago sativa,Plantae,Magnoliopsida,Fabaceae,False,terrestrial,
Punta Arenas,2706052,1,Hordeum jubatum,Plantae,Liliopsida,Poaceae,False,terrestrial,
Punta Arenas,2706164,1,Holcus lanatus,Plantae,Liliopsida,Poaceae,False,terrestrial,
Punta Arenas,3093702,1,Hypochaeris radicata,Plantae,Magnoliopsida,Asteraceae,False,terrestrial,
Punta Arenas,3152374,1,Malva sylvestris,Plantae,Magnoliopsida,Malvaceae,True,terrestrial,
Punta Arenas,5371772,1,Levisticum officinale,Plantae,Magnoliopsida,Apiaceae,False,terrestrial,
Punta Arenas,2436940,49,Oryctolagus cuniculus,Animalia,Mammalia,Leporidae,True,terrestrial,conejo europeo
Punta Arenas,5219858,21,Ondatra zibethicus,Animalia,Mammalia,Muridae,False,terrestrial|freshwater,
Punta Arenas,5231190,16,Passer domesticus,Animalia,Aves,Passeridae,False,terrestrial,gorrión
Punta Arenas,8208358,5,Plantago lanceolata,Plantae,Magnoliopsida,Plantaginaceae,True,terrestrial,llantén
Punta Arenas,2888439,3,Papaver somniferum,Plantae,Magnoliopsida,Papaveraceae,False,terrestrial,
Punta Arenas,5285750,2,Pinus contorta,Plantae,Pinopsida,Pinaceae,True,terrestrial,
Punta Arenas,2704178,1,Poa pratensis,Plantae,Liliopsida,Poaceae,False,terrestrial,
Punta Arenas,2928774,1,Nicotiana tabacum,Plantae,Liliopsida,Solanaceae,False,terrestrial,
Punta Arenas,5285727,1,Pinus radiata,Plantae,Pinopsida,Pinaceae,True,terrestrial,pino insigne
Punta Arenas,5341784,1,Physalis peruviana,Plantae,Magnoliopsida,Solanaceae,True,terrestrial,
Punta Arenas,7821030,1,Polygonum aviculare,Plantae,Magnoliopsida,Polygonaceae,False,terrestrial,
Punta Arenas,5362007,6,Sedum acre,Plantae,Magnoliopsida,Crassulaceae,False,terrestrial,
Punta Arenas,3033339,4,Ranunculus repens,Plantae,Magnoliopsida,Ranunculaceae,True,terrestrial,
Punta Arenas,8174785,4,Rosa rubiginosa,Plantae,Magnoliopsida,Rosaceae,False,terrestrial,rosa mosqueta
Punta Arenas,2888995,2,Rumex acetosella,Plantae,Magnoliopsida,Polygonaceae,False,terrestrial,
Punta Arenas,3108983,2,Senecio vulgaris,Plantae,Magnoliopsida,Asteraceae,False,terrestrial,
Punta Arenas,2888946,1,Rumex longifolius,Plantae,Magnoliopsida,Polygonaceae,False,terrestrial,
Punta Arenas,3040227,1,Populus nigra,Plantae,Magnoliopsida,Salicaceae,False,terrestrial,
Punta Arenas,5358748,24,Trifolium repens,Plantae,Magnoliopsida,Fabaceae,False,terrestrial,trébol blanco
Punta Arenas,5394163,6,Taraxacum officinale,Plantae,Magnoliopsida,Asteraceae,True,terrestrial,diente de león
Punta Arenas,8324121,6,Trifolium pratense,Plantae,Liliopsida,Fabaceae,False,terrestrial,
Punta Arenas,5359429,4,Trifolium dubium,Plantae,Liliopsida,Fabaceae,False,terrestrial,
Punta Arenas,5358902,3,Trifolium spadiceum,Plantae,Magnoliopsida,Fabaceae,False,terrestrial,
Punta Arenas,3052680,2,Thlaspi arvense,Plantae,Magnoliopsida,Brassicaceae,False,terrestrial,
Punta Arenas,3172057,2,Veronica serpyllifolia,Plantae,Magnoliopsida,Plantaginaceae,False,terrestrial,
Coyhaique,1340503,16,Bombus terrestris,Animalia,Insecta,Apidae,True,terrestrial,abejorro europeo
Coyhaique,1340383,4,Bombus ruderatus,Animalia,Insecta,Apidae,True,terrestrial,
Coyhaique,3120060,2,Achillea millefolium,Plantae,Magnoliopsida,Asteraceae,True,terrestrial,
Coyhaique,2704505,1,Arrhenatherum elatius,Plantae,Magnoliopsida,Rosaceae,False,terrestrial,
Coyhaique,2705975,1,Anthoxanthum odoratum,Plantae,Liliopsida,Poaceae,True,terrestrial,
Coyhaique,2495414,6,Columba livia,Animalia,Aves,Columbidae,False,terrestrial,paloma doméstica
Coyhaique,3034807,5,Conium maculatum,Plantae,Magnoliopsida,Apiaceae,False,terrestrial,cicuta
Coyhaique,3085433,3,Cerastium arvense,Plantae,Magnoliopsida,Caryophyllaceae,True,terrestrial,
Coyhaique,3112801,2,Cirsium vulgare,Plantae,Magnoliopsida,Asteraceae,True,terrestrial,
Coyhaique,5228080,2,Callipepla californica,Animalia,Aves,Odontophoridae,False,terrestrial,codorniz de California
Coyhaique,5391480,2,Calendula officinalis,Plantae,Magnoliopsida,Asteraceae,True,terrestrial,
Coyhaique,2480830,1,Bubulcus ibis,Animalia,Aves,Ardeidae,True,terrestrial|freshwater,garza boyera
Coyhaique,7903057,1,Brassica rapa,Plantae,Magnoliopsida,Brassicaceae,True,terrestrial,yuyo
Coyhaique,2925892,7,Echium vulgare,Plantae,Magnoliopsida,Boraginaceae,False,terrestrial,
Coyhaique,2705308,4,Dactylis glomerata,Plantae,Liliopsida,Poaceae,False,terrestrial,
Coyhaique,5354656,3,Cytisus scoparius,Plantae,Magnoliopsida,Fabaceae,True,terrestrial,
Coyhaique,2435035,2,Felis catus,Animalia,Mammalia,Felidae,True,terrestrial,
Coyhaique,5414995,2,Digitalis purpurea,Plantae,Magnoliopsida,Plantaginaceae,False,terrestrial,
Coyhaique,2440886,1,Equus caballus,Animalia,Mammalia,Equidae,False,terrestrial,
Coyhaique,3034922,1,Foeniculum vulgare,Plantae,Magnoliopsida,Apiaceae,False,terrestrial,hinojo
Coyhaique,7473187,1,Draba verna,Plantae,Magnoliopsida,Brassicaceae,False,terrestrial,
Coyhaique,9485490,1,Erodium cicutarium,Plantae,Magnoliopsida,Geraniaceae,False,terrestrial,alfilerillo
Coyhaique,2964355,13,Lupinus polyphyllus,Plantae,Magnoliopsida,Fabaceae,False,terrestrial,
Coyhaique,2701311,1,Juncus effusus,Plantae,Liliopsida,Juncaceae,False,terrestrial|freshwater,
Coyhaique,2706164,1,Holcus lanatus,Plantae,Liliopsida,Poaceae,False,terrestrial,
Coyhaique,3152374,1,Malva sylvestris,Plantae,Magnoliopsida,Malvaceae,True,terrestrial,
Coyhaique,5384741,1,Lychnis coronaria,Plantae,Magnoliopsida,Caryophyllaceae,False,terrestrial,
Coyhaique,7952072,1,Lepus europaeus,Animalia,Mammalia,Leporidae,True,terrestrial,
Coyhaique,8848598,1,Leucanthemum vulgare,Plantae,Magnoliopsida,Asteraceae,True,terrestrial,
Coyhaique,9752149,5,Phasianus colchicus,Animalia,Aves,Phasianidae,False,terrestrial,
Coyhaique,5231190,3,Passer domesticus,Animalia,Aves,Passeridae,False,terrestrial,gorrión
Coyhaique,2484396,1,Molothrus bonariensis,Animalia,Aves,Icteridae,True,terrestrial,mirlo / tordo renegrido
Coyhaique,2704179,1,Poa annua,Plantae,Liliopsida,Poaceae,False,terrestrial,
Coyhaique,5285750,1,Pinus contorta,Plantae,Pinopsida,Pinaceae,True,terrestrial,
Coyhaique,5341177,1,Myosotis discolor,Plantae,Magnoliopsida,Boraginaceae,False,terrestrial,
Coyhaique,8215487,6,Salmo trutta,Animalia,Actinopterygii,Salmonidae,True,freshwater|brackish|marine,
Coyhaique,8174785,4,Rosa rubiginosa,Plantae,Magnoliopsida,Rosaceae,False,terrestrial,rosa mosqueta
Coyhaique,3046890,2,Sisymbrium officinale,Plantae,Magnoliopsida,Brassicaceae,False,terrestrial,
Coyhaique,2888995,1,Rumex acetosella,Plantae,Magnoliopsida,Polygonaceae,False,terrestrial,
Coyhaique,8324121,6,Trifolium pratense,Plantae,Liliopsida,Fabaceae,False,terrestrial,
Coyhaique,3118430,2,Tanacetum parthenium,Plantae,Magnoliopsida,Asteraceae,False,terrestrial,
Coyhaique,3172057,2,Veronica serpyllifolia,Plantae,Magnoliopsida,Plantaginaceae,False,terrestrial,
Coyhaique,5359429,1,Trifolium dubium,Plantae,Liliopsida,Fabaceae,False,terrestrial,
Coyhaique,5384604,1,Stellaria media,Plantae,Magnoliopsida,Caryophyllaceae,False,terrestrial,
Ovalle,3974754,2,Acacia karroo,Plantae,Magnoliopsida,Fabaceae,False,terrestrial,
Ovalle,5384396,1,Amaranthus deflexus,Plantae,Magnoliopsida,Amaranthaceae,False,terrestrial,
Ovalle,2928390,2,Convolvulus arvensis,Plantae,Magnoliopsida,Convolvulaceae,False,terrestrial,
Ovalle,5392252,2,Cichorium intybus,Plantae,Magnoliopsida,Asteraceae,True,terrestrial,chicoria
Ovalle,2350394,1,Cnesterodon decemmaculatus,Animalia,Actinopterygii,Poeciliidae,False,freshwater|brackish,
Ovalle,2370771,1,Cichlasoma facetum,Animalia,Actinopterygii,Cichlidae,True,freshwater,
Ovalle,3112801,1,Cirsium vulgare,Plantae,Magnoliopsida,Asteraceae,True,terrestrial,
Ovalle,5228080,1,Callipepla californica,Animalia,Aves,Odontophoridae,False,terrestrial,codorniz de California
Ovalle,4989904,6,Harmonia axyridis,Animalia,Insecta,Coccinellidae,False,terrestrial,chinita asiática
Ovalle,2765942,3,Eichhornia crassipes,Plantae,Liliopsida,Pontederiaceae,False,freshwater,
Ovalle,2888380,3,Eschscholzia californica,Plantae,Magnoliopsida,Papaveraceae,True,terrestrial,amapola de California
Ovalle,3034922,3,Foeniculum vulgare,Plantae,Magnoliopsida,Apiaceae,False,terrestrial,hinojo
Ovalle,2928751,2,Datura stramonium,Plantae,Magnoliopsida,Solanaceae,False,terrestrial,
Ovalle,4286975,2,Cyprinus carpio,Animalia,Actinopterygii,Cyprinidae,True,freshwater,
Ovalle,3050595,1,Hirschfeldia incana,Plantae,Magnoliopsida,Brassicaceae,False,terrestrial,
Ovalle,3176787,1,Eucalyptus globulus,Plantae,Magnoliopsida,Myrtaceae,True,terrestrial,
Ovalle,3935047,2,Malva assurgentiflora,Plantae,Magnoliopsida,Malvaceae,False,terrestrial,
Ovalle,2927069,1,Marrubium vulgare,Plantae,Magnoliopsida,Lamiaceae,True,terrestrial,
Ovalle,3086240,1,Mirabilis jalapa,Plantae,Magnoliopsida,Nyctaginaceae,False,terrestrial,
Ovalle,3756029,1,Maireana brevifolia,Plantae,Magnoliopsida,Chenopodiaceae,False,terrestrial,
Ovalle,2928783,7,Nicotiana glauca,Plantae,Magnoliopsida,Solanaceae,True,terrestrial,palqui / tabaco cimarrón
Ovalle,5341112,4,Phyla canescens,Plantae,Magnoliopsida,Verbenaceae,False,terrestrial,
Ovalle,2484396,3,Molothrus bonariensis,Animalia,Aves,Icteridae,True,terrestrial,mirlo / tordo renegrido
Ovalle,1114246,1,Phoracantha recurva,Animalia,Insecta,Cerambycidae,False,terrestrial,
Ovalle,5380041,3,Ricinus communis,Plantae,Magnoliopsida,Euphorbiaceae,True,terrestrial,
Ovalle,3083957,1,Salsola kali,Plantae,Magnoliopsida,Chenopodiaceae,False,terrestrial,
Ovalle,2889934,1,Tropaeolum majus,Plantae,Magnoliopsida,Tropaeolaceae,False,terrestrial,
Ovalle,3118430,1,Tanacetum parthenium,Plantae,Magnoliopsida,Asteraceae,False,terrestrial,
Ovalle,3171954,1,Verbascum virgatum,Plantae,Magnoliopsida,Scrophulariaceae,False,terrestrial,verbasco
Ovalle,5217334,1,Xenopus laevis,Animalia,Amphibia,Pipidae,True,terrestrial|freshwater,rana africana
San Antonio,1340503,51,Bombus terrestris,Animalia,Insecta,Apidae,True,terrestrial,abejorro europeo
San Antonio,2979000,12,Acacia melanoxylon,Plantae,Magnoliopsida,Fabaceae,False,terrestrial,aromo negro
San Antonio,5325855,7,Amaryllis belladonna,Plantae,Liliopsida,Amaryllidaceae,False,terrestrial,
San Antonio,3083667,5,Atriplex semibaccata,Plantae,Magnoliopsida,Chenopodiaceae,True,terrestrial,
San Antonio,5414976,5,Bartsia trixago,Plantae,Magnoliopsida,Orobanchaceae,False,terrestrial,
San Antonio,2926110,4,Borago officinalis,Plantae,Magnoliopsida,Boraginaceae,True,terrestrial,
San Antonio,3631293,4,Apium nodiflorum,Plantae,Magnoliopsida,Apiaceae,True,terrestrial,
San Antonio,8184903,4,Anagallis arvensis,Plantae,Magnoliopsida,Primulaceae,True,terrestrial,
San Antonio,2703041,3,Arundo donax,Plantae,Liliopsida,Poaceae,True,terrestrial,
San Antonio,2979474,3,Acacia dealbata,Plantae,Magnoliopsida,Fabaceae,True,terrestrial,aromo australiano
San Antonio,3117424,3,Bellis perennis,Plantae,Magnoliopsida,Asteraceae,True,terrestrial,
San Antonio,8971274,3,Beta vulgaris,Plantae,Magnoliopsida,Chenopodiaceae,False,terrestrial,
San Antonio,5391845,2,Bidens pilosa,Plantae,Magnoliopsida,Asteraceae,False,terrestrial,
San Antonio,1340383,1,Bombus ruderatus,Animalia,Insecta,Apidae,True,terrestrial,
San Antonio,2441022,1,Bos taurus,Animalia,Mammalia,Bovidae,True,terrestrial,
San Antonio,5371743,1,Anthriscus caucalis,Plantae,Magnoliopsida,Apiaceae,True,terrestrial,
San Antonio,5384396,1,Amaranthus deflexus,Plantae,Magnoliopsida,Amaranthaceae,False,terrestrial,
San Antonio,5391802,1,Bidens aurea,Plantae,Magnoliopsida,Asteraceae,False,terrestrial,
San Antonio,5858758,29,Cornu aspersum,Animalia,Gastropoda,Helicidae,True,terrestrial,caracol de jardín
San Antonio,7627205,26,Chrysanthemum coronarium,Plantae,Magnoliopsida,Asteraceae,True,terrestrial,
San Antonio,5228080,21,Callipepla californica,Animalia,Aves,Odontophoridae,False,terrestrial,codorniz de California
San Antonio,3112364,20,Cynara cardunculus,Plantae,Magnoliopsida,Asteraceae,False,terrestrial,
San Antonio,3034807,17,Conium maculatum,Plantae,Magnoliopsida,Apiaceae,False,terrestrial,cicuta
San Antonio,2928441,16,Calystegia sepium,Plantae,Magnoliopsida,Solanaceae,False,terrestrial,
San Antonio,2480830,15,Bubulcus ibis,Animalia,Aves,Ardeidae,True,terrestrial|freshwater,garza boyera
San Antonio,2495414,11,Columba livia,Animalia,Aves,Columbidae,False,terrestrial,paloma doméstica
San Antonio,3112110,9,Cotula coronopifolia,Plantae,Magnoliopsida,Asteraceae,False,terrestrial,
San Antonio,2928390,7,Convolvulus arvensis,Plantae,Magnoliopsida,Convolvulaceae,False,terrestrial,
San Antonio,3112801,7,Cirsium vulgare,Plantae,Magnoliopsida,Asteraceae,True,terrestrial,
San Antonio,5392252,5,Cichorium intybus,Plantae,Magnoliopsida,Asteraceae,True,terrestrial,chicoria
San Antonio,5376961,4,Cardaria draba,Plantae,Magnoliopsida,Brassicaceae,True,terrestrial,
San Antonio,5391480,4,Calendula officinalis,Plantae,Magnoliopsida,Asteraceae,True,terrestrial,
San Antonio,3103791,3,Chamomilla suaveolens,Plantae,Magnoliopsida,Asteraceae,True,terrestrial,
San Antonio,3114667,3,Carduus pycnocephalus,Plantae,Magnoliopsida,Asteraceae,True,terrestrial,
San Antonio,3128483,3,Centaurea calcitrapa,Plantae,Magnoliopsida,Asteraceae,True,terrestrial,
San Antonio,4064467,3,Cynoglossum creticum,Plantae,Magnoliopsida,Boraginaceae,False,terrestrial,
San Antonio,5219173,3,Canis lupus,Animalia,Mammalia,Canidae,False,terrestrial,
San Antonio,8370958,3,Chamomilla recutita,Plantae,Magnoliopsida,Asteraceae,True,terrestrial,
San Antonio,2703723,2,Bromus catharticus,Plantae,Liliopsida,Poaceae,False,terrestrial,
San Antonio,5375388,2,Capsella bursa-pastoris,Plantae,Magnoliopsida,Brassicaceae,True,terrestrial,
San Antonio,8200663,2,Cymbalaria muralis,Plantae,Magnoliopsida,Plantaginaceae,False,terrestrial,
San Antonio,2370771,1,Cichlasoma facetum,Animalia,Actinopterygii,Cichlidae,True,freshwater,
San Antonio,2441056,1,Capra hircus,Animalia,Mammalia,Bovidae,True,terrestrial,
San Antonio,2702793,1,Briza minor,Plantae,Liliopsida,Poaceae,True,terrestrial,
San Antonio,3034871,1,Coriandrum sativum,Plantae,Magnoliopsida,Apiaceae,False,terrestrial,
San Antonio,3083838,1,Chenopodium album,Plantae,Magnoliopsida,Chenopodiaceae,True,terrestrial,
San Antonio,3089561,1,Centaurea cyanus,Plantae,Magnoliopsida,Asteraceae,False,terrestrial,
San Antonio,5568361,1,Chenopodium multifidum,Plantae,Magnoliopsida,Chenopodiaceae,True,terrestrial,
San Antonio,6109637,1,Cynodon dactylon,Plantae,Liliopsida,Poaceae,True,terrestrial,
San Antonio,8542672,1,Cotula australis,Plantae,Magnoliopsida,Asteraceae,False,terrestrial,
San Antonio,4989904,27,Harmonia axyridis,Animalia,Insecta,Coccinellidae,False,terrestrial,chinita asiática
San Antonio,2975667,26,Galega officinalis,Plantae,Magnoliopsida,Fabaceae,False,terrestrial,galega
San Antonio,5531376,13,Fumaria agraria,Plantae,Magnoliopsida,Papaveraceae,False,terrestrial,
San Antonio,2888380,12,Eschscholzia californica,Plantae,Magnoliopsida,Papaveraceae,True,terrestrial,amapola de California
San Antonio,3034922,9,Foeniculum vulgare,Plantae,Magnoliopsida,Apiaceae,False,terrestrial,hinojo
San Antonio,3176787,9,Eucalyptus globulus,Plantae,Magnoliopsida,Myrtaceae,True,terrestrial,
San Antonio,9485490,5,Erodium cicutarium,Plantae,Magnoliopsida,Geraniaceae,False,terrestrial,alfilerillo
San Antonio,3066386,3,Euphorbia peplus,Plantae,Magnoliopsida,Euphorbiaceae,False,terrestrial,
San Antonio,5334218,3,Fumaria capreolata,Plantae,Magnoliopsida,Papaveraceae,False,terrestrial,flor de la culebra
San Antonio,9419993,3,Erodium moschatum,Plantae,Magnoliopsida,Geraniaceae,False,terrestrial,
San Antonio,2890541,2,Geranium purpureum,Plantae,Magnoliopsida,Geraniaceae,False,terrestrial,
San Antonio,9297163,2,Erodium malacoides,Plantae,Magnoliopsida,Geraniaceae,False,terrestrial,
San Antonio,2435035,1,Felis catus,Animalia,Mammalia,Felidae,True,terrestrial,
San Antonio,2440886,1,Equus caballus,Animalia,Mammalia,Equidae,False,terrestrial,
San Antonio,2913548,1,Galium aparine,Plantae,Magnoliopsida,Rubiaceae,False,terrestrial,
San Antonio,2928751,1,Datura stramonium,Plantae,Magnoliopsida,Solanaceae,False,terrestrial,
San Antonio,3050595,1,Hirschfeldia incana,Plantae,Magnoliopsida,Brassicaceae,False,terrestrial,
San Antonio,4286975,1,Cyprinus carpio,Animalia,Actinopterygii,Cyprinidae,True,freshwater,
San Antonio,5375920,1,Eruca vesicaria,Plantae,Magnoliopsida,Brassicaceae,False,terrestrial,
San Antonio,5414995,1,Digitalis purpurea,Plantae,Magnoliopsida,Plantaginaceae,False,terrestrial,
San Antonio,5554961,1,Galenia pubescens,Plantae,Magnoliopsida,Aizoaceae,False,terrestrial,
San Antonio,2963807,45,Lupinus arboreus,Plantae,Magnoliopsida,Fabaceae,True,terrestrial,
San Antonio,3935079,35,Malva dendromorpha,Plantae,Magnoliopsida,Malvaceae,False,terrestrial,
San Antonio,1316908,16,Linepithema humile,Animalia,Insecta,Formicidae,False,terrestrial,hormiga argentina
San Antonio,2434333,14,Lycalopex griseus,Animalia,Mammalia,Canidae,False,terrestrial,
San Antonio,2971016,10,Melilotus indicus,Plantae,Magnoliopsida,Fabaceae,False,terrestrial,trébol de olor
San Antonio,5373358,6,Lobularia maritima,Plantae,Magnoliopsida,Brassicaceae,False,terrestrial,
San Antonio,2965531,4,Medicago polymorpha,Plantae,Magnoliopsida,Fabaceae,False,terrestrial,hualputra
San Antonio,9151957,4,Medicago sativa,Plantae,Magnoliopsida,Fabaceae,False,terrestrial,
San Antonio,2927069,3,Marrubium vulgare,Plantae,Magnoliopsida,Lamiaceae,True,terrestrial,
San Antonio,7886346,3,Hordeum murinum,Plantae,Liliopsida,Poaceae,False,terrestrial,
San Antonio,2873896,2,Linum bienne,Plantae,Magnoliopsida,Linaceae,False,terrestrial,
San Antonio,2926679,2,Lamium amplexicaule,Plantae,Magnoliopsida,Lamiaceae,False,terrestrial,
San Antonio,2965527,2,Medicago arabica,Plantae,Magnoliopsida,Fabaceae,False,terrestrial,
San Antonio,3935047,2,Malva assurgentiflora,Plantae,Magnoliopsida,Malvaceae,False,terrestrial,
San Antonio,5357013,2,Lotus corniculatus,Plantae,Magnoliopsida,Fabaceae,True,terrestrial,
San Antonio,7952072,2,Lepus europaeus,Animalia,Mammalia,Leporidae,True,terrestrial,
San Antonio,11665063,1,Logfia gallica,Plantae,Magnoliopsida,Asteraceae,False,terrestrial,
San Antonio,2706241,1,Lolium perenne,Plantae,Liliopsida,Poaceae,False,terrestrial,ballica
San Antonio,2927189,1,Mentha pulegium,Plantae,Magnoliopsida,Lamiaceae,True,terrestrial,
San Antonio,2964025,1,Lupinus angustifolius,Plantae,Magnoliopsida,Fabaceae,True,terrestrial,
San Antonio,2971095,1,Melilotus albus,Plantae,Magnoliopsida,Fabaceae,True,terrestrial,
San Antonio,3084839,1,Mesembryanthemum crystallinum,Plantae,Magnoliopsida,Aizoaceae,False,terrestrial,
San Antonio,3093702,1,Hypochaeris radicata,Plantae,Magnoliopsida,Asteraceae,False,terrestrial,
San Antonio,3152378,1,Malva parviflora,Plantae,Magnoliopsida,Malvaceae,True,terrestrial,
San Antonio,5289762,1,Lamarckia aurea,Plantae,Liliopsida,Poaceae,False,terrestrial,
San Antonio,5289906,1,Lophochloa cristata,Plantae,Liliopsida,Poaceae,False,terrestrial,
San Antonio,5290177,1,Lagurus ovatus,Plantae,Liliopsida,Poaceae,False,terrestrial,
San Antonio,5376925,1,Lepidium bonariense,Plantae,Magnoliopsida,Brassicaceae,True,terrestrial,
San Antonio,5377378,1,Matthiola incana,Plantae,Magnoliopsida,Brassicaceae,False,terrestrial,
San Antonio,7515045,1,Lotus tenuis,Plantae,Magnoliopsida,Fabaceae,False,terrestrial,
San Antonio,8338793,1,Modiola caroliniana,Plantae,Magnoliopsida,Malvaceae,False,terrestrial,
San Antonio,2891661,23,Oxalis pes-caprae,Plantae,Liliopsida,Oxalidaceae,True,terrestrial,
San Antonio,2484396,18,Molothrus bonariensis,Animalia,Aves,Icteridae,True,terrestrial,mirlo / tordo renegrido
San Antonio,5231190,16,Passer domesticus,Animalia,Aves,Passeridae,False,terrestrial,gorrión
San Antonio,5341112,13,Phyla canescens,Plantae,Magnoliopsida,Verbenaceae,False,terrestrial,
San Antonio,2928783,10,Nicotiana glauca,Plantae,Magnoliopsida,Solanaceae,True,terrestrial,palqui / tabaco cimarrón
San Antonio,8208358,8,Plantago lanceolata,Plantae,Magnoliopsida,Plantaginaceae,True,terrestrial,llantén
San Antonio,2479407,4,Myiopsitta monachus,Animalia,Aves,Psittacidae,True,terrestrial,cotorra argentina
San Antonio,2888439,4,Papaver somniferum,Plantae,Magnoliopsida,Papaveraceae,False,terrestrial,
San Antonio,5361801,4,Parietaria judaica,Plantae,Magnoliopsida,Urticaceae,True,terrestrial,
San Antonio,2891664,3,Oxalis articulata,Plantae,Magnoliopsida,Oxalidaceae,True,terrestrial,
San Antonio,3188875,3,Oenothera rosea,Plantae,Magnoliopsida,Onagraceae,True,terrestrial,
San Antonio,3189739,3,Plantago coronopus,Plantae,Magnoliopsida,Plantaginaceae,False,terrestrial,
San Antonio,3189767,3,Plantago major,Plantae,Magnoliopsida,Plantaginaceae,True,terrestrial,
San Antonio,1114246,2,Phoracantha recurva,Animalia,Insecta,Cerambycidae,False,terrestrial,
San Antonio,8427624,2,Oxalis corniculata,Plantae,Liliopsida,Oxalidaceae,False,terrestrial,
San Antonio,1114140,1,Phoracantha semipunctata,Animalia,Insecta,Cerambycidae,False,terrestrial,
San Antonio,2704179,1,Poa annua,Plantae,Liliopsida,Poaceae,False,terrestrial,
San Antonio,2888443,1,Papaver rhoeas,Plantae,Magnoliopsida,Papaveraceae,True,terrestrial,
San Antonio,5285727,1,Pinus radiata,Plantae,Pinopsida,Pinaceae,True,terrestrial,pino insigne
San Antonio,5289744,1,Phalaris canariensis,Plantae,Liliopsida,Poaceae,True,terrestrial|freshwater,
San Antonio,7429082,1,Mus musculus,Animalia,Mammalia,Muridae,True,terrestrial,ratón doméstico
San Antonio,3145214,15,Silybum marianum,Plantae,Magnoliopsida,Asteraceae,False,terrestrial,cardo mariano
San Antonio,7678610,8,Raphanus sativus,Plantae,Magnoliopsida,Brassicaceae,True,terrestrial,
San Antonio,5380041,7,Ricinus communis,Plantae,Magnoliopsida,Euphorbiaceae,True,terrestrial,
San Antonio,2996929,4,Rubus ulmifolius,Plantae,Magnoliopsida,Rosaceae,True,terrestrial,zarzamora
San Antonio,3040983,4,Raphanus raphanistrum,Plantae,Magnoliopsida,Brassicaceae,True,terrestrial,
San Antonio,2439270,3,Rattus rattus,Animalia,Mammalia,Muridae,True,terrestrial,rata negra
San Antonio,4933568,3,Senecio angulatus,Plantae,Magnoliopsida,Asteraceae,False,terrestrial,
San Antonio,5373368,3,Rapistrum rugosum,Plantae,Magnoliopsida,Brassicaceae,True,terrestrial,
San Antonio,8195144,3,Rumex crispus,Plantae,Magnoliopsida,Polygonaceae,False,terrestrial,
San Antonio,2888995,2,Rumex acetosella,Plantae,Magnoliopsida,Polygonaceae,False,terrestrial,
San Antonio,3083957,2,Salsola kali,Plantae,Magnoliopsida,Chenopodiaceae,False,terrestrial,
San Antonio,3108983,2,Senecio vulgaris,Plantae,Magnoliopsida,Asteraceae,False,terrestrial,
San Antonio,5339050,2,Sherardia arvensis,Plantae,Magnoliopsida,Rubiaceae,False,terrestrial,
San Antonio,5372639,2,Salix babylonica,Plantae,Magnoliopsida,Salicaceae,False,terrestrial,sauce llorón
San Antonio,2984366,1,Soleirolia soleirolii,Plantae,Magnoliopsida,Rosaceae,False,terrestrial,
San Antonio,3040251,1,Reseda luteola,Plantae,Magnoliopsida,Resedaceae,False,terrestrial,
San Antonio,3046812,1,Sisymbrium orientale,Plantae,Magnoliopsida,Brassicaceae,False,terrestrial,
San Antonio,3046851,1,Sisymbrium irio,Plantae,Magnoliopsida,Brassicaceae,False,terrestrial,
San Antonio,3131229,1,Pseudognaphalium luteoalbum,Plantae,Magnoliopsida,Asteraceae,False,terrestrial,
San Antonio,3190381,1,Ruta chalepensis,Plantae,Magnoliopsida,Rutaceae,False,terrestrial,
San Antonio,5289919,1,Polypogon viridis,Plantae,Liliopsida,Poaceae,True,terrestrial,
San Antonio,5352251,1,Robinia pseudoacacia,Plantae,Magnoliopsida,Fabaceae,False,terrestrial,
San Antonio,5355395,1,Spartium junceum,Plantae,Magnoliopsida,Fabaceae,False,terrestrial,
San Antonio,5364245,1,Sanguisorba minor,Plantae,Magnoliopsida,Rosaceae,False,terrestrial,
San Antonio,5367273,1,Potentilla reptans,Plantae,Magnoliopsida,Rosaceae,True,terrestrial,
San Antonio,7538163,1,Solanum marginatum,Plantae,Magnoliopsida,Solanaceae,False,terrestrial,
San Antonio,8174785,1,Rosa rubiginosa,Plantae,Magnoliopsida,Rosaceae,False,terrestrial,rosa mosqueta
San Antonio,2889934,30,Tropaeolum majus,Plantae,Magnoliopsida,Tropaeolaceae,False,terrestrial,
San Antonio,1311649,15,Vespula germanica,Animalia,Insecta,Vespidae,True,terrestrial,avispa chaqueta amarilla
San Antonio,3169708,13,Vinca major,Plantae,Magnoliopsida,Apocynaceae,False,terrestrial,
San Antonio,5554574,8,Tetragonia tetragonoides,Plantae,Magnoliopsida,Aizoaceae,False,terrestrial,
San Antonio,3171954,7,Verbascum virgatum,Plantae,Magnoliopsida,Scrophulariaceae,False,terrestrial,verbasco
San Antonio,2975014,5,Vicia sativa,Plantae,Magnoliopsida,Fabaceae,False,terrestrial,
San Antonio,5359395,5,Trifolium angustifolium,Plantae,Magnoliopsida,Fabaceae,False,terrestrial,
San Antonio,5361815,5,Urtica urens,Plantae,Magnoliopsida,Urticaceae,False,terrestrial,
San Antonio,3089150,4,Xanthium catharticum,Plantae,Magnoliopsida,Asteraceae,False,terrestrial,
San Antonio,2868827,3,Zantedeschia aethiopica,Plantae,Liliopsida,Araceae,False,terrestrial|freshwater,
San Antonio,3172077,3,Veronica persica,Plantae,Magnoliopsida,Plantaginaceae,False,terrestrial,
San Antonio,3172086,3,Veronica anagallis-aquatica,Plantae,Magnoliopsida,Plantaginaceae,False,terrestrial|freshwater,
San Antonio,5217334,3,Xenopus laevis,Animalia,Amphibia,Pipidae,True,terrestrial|freshwater,rana africana
San Antonio,5394163,3,Taraxacum officinale,Plantae,Magnoliopsida,Asteraceae,True,terrestrial,diente de león
San Antonio,5359510,2,Trifolium tomentosum,Plantae,Magnoliopsida,Fabaceae,False,terrestrial,
San Antonio,5384604,2,Stellaria media,Plantae,Magnoliopsida,Caryophyllaceae,False,terrestrial,
San Antonio,7736551,2,Spergularia marina,Plantae,Magnoliopsida,Caryophyllaceae,False,terrestrial,
San Antonio,2443002,1,Trachemys scripta,Animalia,Reptilia,Emydidae,False,terrestrial|freshwater,
San Antonio,3034819,1,Torilis nodosa,Plantae,Magnoliopsida,Apiaceae,False,terrestrial,
San Antonio,3085633,1,Spergularia rubra,Plantae,Magnoliopsida,Caryophyllaceae,False,terrestrial,
San Antonio,3097166,1,Tolpis barbata,Plantae,Magnoliopsida,Asteraceae,False,terrestrial,
San Antonio,3118430,1,Tanacetum parthenium,Plantae,Magnoliopsida,Asteraceae,False,terrestrial,
San Antonio,5289534,1,Typha domingensis,Plantae,Liliopsida,Typhaceae,False,terrestrial|freshwater|brackish,
San Antonio,5358694,1,Trifolium glomeratum,Plantae,Magnoliopsida,Fabaceae,False,terrestrial,
San Antonio,5358748,1,Trifolium repens,Plantae,Magnoliopsida,Fabaceae,False,terrestrial,trébol blanco
San Antonio,5358935,1,Trifolium fragiferum,Plantae,Magnoliopsida,Fabaceae,False,terrestrial,
San Antonio,8324121,1,Trifolium pratense,Plantae,Liliopsida,Fabaceae,False,terrestrial,
San Antonio,9182154,1,Vicia villosa,Plantae,Magnoliopsida,Fabaceae,False,terrestrial,
Linares,2979474,2,Acacia dealbata,Plantae,Magnoliopsida,Fabaceae,True,terrestrial,aromo australiano
Linares,1340383,1,Bombus ruderatus,Animalia,Insecta,Apidae,True,terrestrial,
Linares,1340503,1,Bombus terrestris,Animalia,Insecta,Apidae,True,terrestrial,abejorro europeo
Linares,5414976,1,Bartsia trixago,Plantae,Magnoliopsida,Orobanchaceae,False,terrestrial,
Linares,2495414,2,Columba livia,Animalia,Aves,Columbidae,False,terrestrial,paloma doméstica
Linares,3034807,1,Conium maculatum,Plantae,Magnoliopsida,Apiaceae,False,terrestrial,cicuta
Linares,4989904,2,Harmonia axyridis,Animalia,Insecta,Coccinellidae,False,terrestrial,chinita asiática
Linares,5334218,2,Fumaria capreolata,Plantae,Magnoliopsida,Papaveraceae,False,terrestrial,flor de la culebra
Linares,2925895,1,Echium plantagineum,Plantae,Magnoliopsida,Boraginaceae,True,terrestrial,
Linares,2965531,1,Medicago polymorpha,Plantae,Magnoliopsida,Fabaceae,False,terrestrial,hualputra
Linares,3189525,1,Hypericum androsaemum,Plantae,Magnoliopsida,Hypericaceae,False,terrestrial,
Linares,8338793,1,Modiola caroliniana,Plantae,Magnoliopsida,Malvaceae,False,terrestrial,
Linares,2484396,1,Molothrus bonariensis,Animalia,Aves,Icteridae,True,terrestrial,mirlo / tordo renegrido
Linares,3172086,1,Veronica anagallis-aquatica,Plantae,Magnoliopsida,Plantaginaceae,False,terrestrial|freshwater,
Linares,5358748,1,Trifolium repens,Plantae,Magnoliopsida,Fabaceae,False,terrestrial,trébol blanco
Linares,5421116,1,Tribulus terrestris,Plantae,Magnoliopsida,Zygophyllaceae,True,terrestrial,
Melipilla,1340503,4,Bombus terrestris,Animalia,Insecta,Apidae,True,terrestrial,abejorro europeo
Melipilla,5325855,2,Amaryllis belladonna,Plantae,Liliopsida,Amaryllidaceae,False,terrestrial,
Melipilla,5391802,2,Bidens aurea,Plantae,Magnoliopsida,Asteraceae,False,terrestrial,
Melipilla,2703041,1,Arundo donax,Plantae,Liliopsida,Poaceae,True,terrestrial,
Melipilla,2705290,1,Avena sativa,Plantae,Liliopsida,Poaceae,False,terrestrial,
Melipilla,2705300,1,Avena barbata,Plantae,Liliopsida,Poaceae,False,terrestrial,teatina
Melipilla,3974754,1,Acacia karroo,Plantae,Magnoliopsida,Fabaceae,False,terrestrial,
Melipilla,5384334,1,Amaranthus viridis,Plantae,Magnoliopsida,Amaranthaceae,False,terrestrial,
Melipilla,5391845,1,Bidens pilosa,Plantae,Magnoliopsida,Asteraceae,False,terrestrial,
Melipilla,6109534,1,Amaranthus retroflexus,Plantae,Magnoliopsida,Amaranthaceae,True,terrestrial,
Melipilla,8035698,1,Anthemis cotula,Plantae,Magnoliopsida,Asteraceae,True,terrestrial,
Melipilla,8089871,1,Arenaria serpyllifolia,Plantae,Magnoliopsida,Caryophyllaceae,True,terrestrial,
Melipilla,8184903,1,Anagallis arvensis,Plantae,Magnoliopsida,Primulaceae,True,terrestrial,
Melipilla,2928390,6,Convolvulus arvensis,Plantae,Magnoliopsida,Convolvulaceae,False,terrestrial,
Melipilla,3112364,5,Cynara cardunculus,Plantae,Magnoliopsida,Asteraceae,False,terrestrial,
Melipilla,3034807,4,Conium maculatum,Plantae,Magnoliopsida,Apiaceae,False,terrestrial,cicuta
Melipilla,3083838,3,Chenopodium album,Plantae,Magnoliopsida,Chenopodiaceae,True,terrestrial,
Melipilla,3103791,3,Chamomilla suaveolens,Plantae,Magnoliopsida,Asteraceae,True,terrestrial,
Melipilla,3112801,3,Cirsium vulgare,Plantae,Magnoliopsida,Asteraceae,True,terrestrial,
Melipilla,3128483,3,Centaurea calcitrapa,Plantae,Magnoliopsida,Asteraceae,True,terrestrial,
Melipilla,5375388,3,Capsella bursa-pastoris,Plantae,Magnoliopsida,Brassicaceae,True,terrestrial,
Melipilla,5392252,3,Cichorium intybus,Plantae,Magnoliopsida,Asteraceae,True,terrestrial,chicoria
Melipilla,8149099,3,Chenopodium murale,Plantae,Liliopsida,Chenopodiaceae,True,terrestrial,
Melipilla,3138230,2,Carthamus lanatus,Plantae,Magnoliopsida,Asteraceae,True,terrestrial,
Melipilla,5376961,2,Cardaria draba,Plantae,Magnoliopsida,Brassicaceae,True,terrestrial,
Melipilla,8200663,2,Cymbalaria muralis,Plantae,Magnoliopsida,Plantaginaceae,False,terrestrial,
Melipilla,2480830,1,Bubulcus ibis,Animalia,Aves,Ardeidae,True,terrestrial|freshwater,garza boyera
Melipilla,2703723,1,Bromus catharticus,Plantae,Liliopsida,Poaceae,False,terrestrial,
Melipilla,2928441,1,Calystegia sepium,Plantae,Magnoliopsida,Solanaceae,False,terrestrial,
Melipilla,3114667,1,Carduus pycnocephalus,Plantae,Magnoliopsida,Asteraceae,True,terrestrial,
Melipilla,4930695,1,Croton setiger,Plantae,Magnoliopsida,Euphorbiaceae,False,terrestrial,
Melipilla,5219173,1,Canis lupus,Animalia,Mammalia,Canidae,False,terrestrial,
Melipilla,5228080,1,Callipepla californica,Animalia,Aves,Odontophoridae,False,terrestrial,codorniz de California
Melipilla,5391480,1,Calendula officinalis,Plantae,Magnoliopsida,Asteraceae,True,terrestrial,
Melipilla,5858758,1,Cornu aspersum,Animalia,Gastropoda,Helicidae,True,terrestrial,caracol de jardín
Melipilla,6109637,1,Cynodon dactylon,Plantae,Liliopsida,Poaceae,True,terrestrial,
Melipilla,8542672,1,Cotula australis,Plantae,Magnoliopsida,Asteraceae,False,terrestrial,
Melipilla,3066386,7,Euphorbia peplus,Plantae,Magnoliopsida,Euphorbiaceae,False,terrestrial,
Melipilla,9419993,7,Erodium moschatum,Plantae,Magnoliopsida,Geraniaceae,False,terrestrial,
Melipilla,2888380,5,Eschscholzia californica,Plantae,Magnoliopsida,Papaveraceae,True,terrestrial,amapola de California
Melipilla,3066367,5,Euphorbia helioscopia,Plantae,Magnoliopsida,Euphorbiaceae,False,terrestrial,
Melipilla,5334218,5,Fumaria capreolata,Plantae,Magnoliopsida,Papaveraceae,False,terrestrial,flor de la culebra
Melipilla,2928751,3,Datura stramonium,Plantae,Magnoliopsida,Solanaceae,False,terrestrial,
Melipilla,2975667,3,Galega officinalis,Plantae,Magnoliopsida,Fabaceae,False,terrestrial,galega
Melipilla,3050595,2,Hirschfeldia incana,Plantae,Magnoliopsida,Brassicaceae,False,terrestrial,
Melipilla,3176787,2,Eucalyptus globulus,Plantae,Magnoliopsida,Myrtaceae,True,terrestrial,
Melipilla,2440886,1,Equus caballus,Animalia,Mammalia,Equidae,False,terrestrial,
Melipilla,3034922,1,Foeniculum vulgare,Plantae,Magnoliopsida,Apiaceae,False,terrestrial,hinojo
Melipilla,3068153,1,Euphorbia platyphyllos,Plantae,Magnoliopsida,Euphorbiaceae,False,terrestrial,
Melipilla,3172358,1,Fraxinus excelsior,Plantae,Magnoliopsida,Oleaceae,False,terrestrial,
Melipilla,4989904,1,Harmonia axyridis,Animalia,Insecta,Coccinellidae,False,terrestrial,chinita asiática
Melipilla,5531376,1,Fumaria agraria,Plantae,Magnoliopsida,Papaveraceae,False,terrestrial,
Melipilla,9485490,1,Erodium cicutarium,Plantae,Magnoliopsida,Geraniaceae,False,terrestrial,alfilerillo
Melipilla,7886346,7,Hordeum murinum,Plantae,Liliopsida,Poaceae,False,terrestrial,
Melipilla,2926679,4,Lamium amplexicaule,Plantae,Magnoliopsida,Lamiaceae,False,terrestrial,
Melipilla,3140490,4,Lactuca serriola,Plantae,Magnoliopsida,Asteraceae,False,terrestrial,
Melipilla,3152378,4,Malva parviflora,Plantae,Magnoliopsida,Malvaceae,True,terrestrial,
Melipilla,5289762,3,Lamarckia aurea,Plantae,Liliopsida,Poaceae,False,terrestrial,
Melipilla,2434333,2,Lycalopex griseus,Animalia,Mammalia,Canidae,False,terrestrial,
Melipilla,2971016,2,Melilotus indicus,Plantae,Magnoliopsida,Fabaceae,False,terrestrial,trébol de olor
Melipilla,2971095,2,Melilotus albus,Plantae,Magnoliopsida,Fabaceae,True,terrestrial,
Melipilla,3935079,2,Malva dendromorpha,Plantae,Magnoliopsida,Malvaceae,False,terrestrial,
Melipilla,5373358,2,Lobularia maritima,Plantae,Magnoliopsida,Brassicaceae,False,terrestrial,
Melipilla,2706241,1,Lolium perenne,Plantae,Liliopsida,Poaceae,False,terrestrial,ballica
Melipilla,2927069,1,Marrubium vulgare,Plantae,Magnoliopsida,Lamiaceae,True,terrestrial,
Melipilla,3086240,1,Mirabilis jalapa,Plantae,Magnoliopsida,Nyctaginaceae,False,terrestrial,
Melipilla,3093702,1,Hypochaeris radicata,Plantae,Magnoliopsida,Asteraceae,False,terrestrial,
Melipilla,3170819,1,Kickxia elatine,Plantae,Magnoliopsida,Plantaginaceae,False,terrestrial,
Melipilla,3188747,1,Lythrum hyssopifolia,Plantae,Magnoliopsida,Lythraceae,True,terrestrial|freshwater,
Melipilla,4129708,1,Lolium multiflorum,Plantae,Liliopsida,Poaceae,False,terrestrial,
Melipilla,5289906,1,Lophochloa cristata,Plantae,Liliopsida,Poaceae,False,terrestrial,
Melipilla,7515045,1,Lotus tenuis,Plantae,Magnoliopsida,Fabaceae,False,terrestrial,
Melipilla,9151957,1,Medicago sativa,Plantae,Magnoliopsida,Fabaceae,False,terrestrial,
Melipilla,8208358,5,Plantago lanceolata,Plantae,Magnoliopsida,Plantaginaceae,True,terrestrial,llantén
Melipilla,2888439,4,Papaver somniferum,Plantae,Magnoliopsida,Papaveraceae,False,terrestrial,
Melipilla,2891661,4,Oxalis pes-caprae,Plantae,Liliopsida,Oxalidaceae,True,terrestrial,
Melipilla,2928783,4,Nicotiana glauca,Plantae,Magnoliopsida,Solanaceae,True,terrestrial,palqui / tabaco cimarrón
Melipilla,3141855,4,Picris echioides,Plantae,Magnoliopsida,Asteraceae,False,terrestrial,
Melipilla,2484396,2,Molothrus bonariensis,Animalia,Aves,Icteridae,True,terrestrial,mirlo / tordo renegrido
Melipilla,2891664,2,Oxalis articulata,Plantae,Magnoliopsida,Oxalidaceae,True,terrestrial,
Melipilla,3085381,2,Polycarpon tetraphyllum,Plantae,Magnoliopsida,Caryophyllaceae,False,terrestrial,
Melipilla,3188875,2,Oenothera rosea,Plantae,Magnoliopsida,Onagraceae,True,terrestrial,
Melipilla,5231190,2,Passer domesticus,Animalia,Aves,Passeridae,False,terrestrial,gorrión
Melipilla,5828201,2,Pennisetum clandestinum,Plantae,Liliopsida,Poaceae,True,terrestrial,
Melipilla,7821030,2,Polygonum aviculare,Plantae,Magnoliopsida,Polygonaceae,False,terrestrial,
Melipilla,1114246,1,Phoracantha recurva,Animalia,Insecta,Cerambycidae,False,terrestrial,
Melipilla,2704179,1,Poa annua,Plantae,Liliopsida,Poaceae,False,terrestrial,
Melipilla,2705162,1,Panicum capillare,Plantae,Liliopsida,Poaceae,True,terrestrial,
Melipilla,2888443,1,Papaver rhoeas,Plantae,Magnoliopsida,Papaveraceae,True,terrestrial,
Melipilla,2928905,1,Petunia parviflora,Plantae,Magnoliopsida,Solanaceae,False,terrestrial,
Melipilla,3189767,1,Plantago major,Plantae,Magnoliopsida,Plantaginaceae,True,terrestrial,
Melipilla,5290192,1,Pennisetum villosum,Plantae,Liliopsida,Poaceae,True,terrestrial,
Melipilla,5341112,1,Phyla canescens,Plantae,Magnoliopsida,Verbenaceae,False,terrestrial,
Melipilla,5361801,1,Parietaria judaica,Plantae,Magnoliopsida,Urticaceae,True,terrestrial,
Melipilla,8427624,1,Oxalis corniculata,Plantae,Liliopsida,Oxalidaceae,False,terrestrial,
Melipilla,3145214,6,Silybum marianum,Plantae,Magnoliopsida,Asteraceae,False,terrestrial,cardo mariano
Melipilla,5380041,6,Ricinus communis,Plantae,Magnoliopsida,Euphorbiaceae,True,terrestrial,
Melipilla,3046851,4,Sisymbrium irio,Plantae,Magnoliopsida,Brassicaceae,False,terrestrial,
Melipilla,3108983,4,Senecio vulgaris,Plantae,Magnoliopsida,Asteraceae,False,terrestrial,
Melipilla,5373368,4,Rapistrum rugosum,Plantae,Magnoliopsida,Brassicaceae,True,terrestrial,
Melipilla,2888978,3,Rumex pulcher,Plantae,Magnoliopsida,Polygonaceae,False,terrestrial,
Melipilla,2984366,2,Soleirolia soleirolii,Plantae,Magnoliopsida,Rosaceae,False,terrestrial,
Melipilla,3084719,2,Portulaca oleracea,Plantae,Magnoliopsida,Portulacaceae,False,terrestrial,
Melipilla,5289919,2,Polypogon viridis,Plantae,Liliopsida,Poaceae,True,terrestrial,
Melipilla,2439261,1,Rattus norvegicus,Animalia,Mammalia,Muridae,True,terrestrial,rata gris
Melipilla,2705185,1,Sorghum halepense,Plantae,Liliopsida,Poaceae,True,terrestrial,
Melipilla,3033318,1,Ranunculus muricatus,Plantae,Magnoliopsida,Ranunculaceae,True,terrestrial,
Melipilla,3131229,1,Pseudognaphalium luteoalbum,Plantae,Magnoliopsida,Asteraceae,False,terrestrial,
Melipilla,4492199,1,Sirex noctilio,Animalia,Insecta,Siricidae,True,terrestrial,
Melipilla,5384848,1,Silene gallica,Plantae,Magnoliopsida,Caryophyllaceae,False,terrestrial,
Melipilla,7678610,1,Raphanus sativus,Plantae,Magnoliopsida,Brassicaceae,True,terrestrial,
Melipilla,8195144,1,Rumex crispus,Plantae,Magnoliopsida,Polygonaceae,False,terrestrial,
Melipilla,3171954,8,Verbascum virgatum,Plantae,Magnoliopsida,Scrophulariaceae,False,terrestrial,verbasco
Melipilla,5361815,8,Urtica urens,Plantae,Magnoliopsida,Urticaceae,False,terrestrial,
Melipilla,5394163,8,Taraxacum officinale,Plantae,Magnoliopsida,Asteraceae,True,terrestrial,diente de león
Melipilla,5358748,7,Trifolium repens,Plantae,Magnoliopsida,Fabaceae,False,terrestrial,trébol blanco
Melipilla,3089150,4,Xanthium catharticum,Plantae,Magnoliopsida,Asteraceae,False,terrestrial,
Melipilla,3169708,3,Vinca major,Plantae,Magnoliopsida,Apocynaceae,False,terrestrial,
Melipilla,3096624,2,Urospermum picroides,Plantae,Magnoliopsida,Asteraceae,False,terrestrial,
Melipilla,3172077,2,Veronica persica,Plantae,Magnoliopsida,Plantaginaceae,False,terrestrial,
Melipilla,5217334,2,Xenopus laevis,Animalia,Amphibia,Pipidae,True,terrestrial|freshwater,rana africana
Melipilla,5359510,2,Trifolium tomentosum,Plantae,Magnoliopsida,Fabaceae,False,terrestrial,
Melipilla,8311921,2,Stellaria pallida,Plantae,Magnoliopsida,Caryophyllaceae,False,terrestrial,
Melipilla,2889934,1,Tropaeolum majus,Plantae,Magnoliopsida,Tropaeolaceae,False,terrestrial,
Melipilla,3172086,1,Veronica anagallis-aquatica,Plantae,Magnoliopsida,Plantaginaceae,False,terrestrial|freshwater,
Melipilla,5358935,1,Trifolium fragiferum,Plantae,Magnoliopsida,Fabaceae,False,terrestrial,
Melipilla,5359395,1,Trifolium angustifolium,Plantae,Magnoliopsida,Fabaceae,False,terrestrial,
Los Andes,2979474,4,Acacia dealbata,Plantae,Magnoliopsida,Fabaceae,True,terrestrial,aromo australiano
Los Andes,1340503,1,Bombus terrestris,Animalia,Insecta,Apidae,True,terrestrial,abejorro europeo
Los Andes,2495414,2,Columba livia,Animalia,Aves,Columbidae,False,terrestrial,paloma doméstica
Los Andes,5219173,2,Canis lupus,Animalia,Mammalia,Canidae,False,terrestrial,
Los Andes,5228080,2,Callipepla californica,Animalia,Aves,Odontophoridae,False,terrestrial,codorniz de California
Los Andes,5392252,2,Cichorium intybus,Plantae,Magnoliopsida,Asteraceae,True,terrestrial,chicoria
Los Andes,1626096,1,Ceratitis capitata,Animalia,Insecta,Tephritidae,False,terrestrial,
Los Andes,2928390,1,Convolvulus arvensis,Plantae,Magnoliopsida,Convolvulaceae,False,terrestrial,
Los Andes,3112364,1,Cynara cardunculus,Plantae,Magnoliopsida,Asteraceae,False,terrestrial,
Los Andes,9751099,1,Cairina moschata,Animalia,Aves,Anatidae,False,terrestrial|freshwater,
Los Andes,2888380,5,Eschscholzia californica,Plantae,Magnoliopsida,Papaveraceae,True,terrestrial,amapola de California
Los Andes,4989904,4,Harmonia axyridis,Animalia,Insecta,Coccinellidae,False,terrestrial,chinita asiática
Los Andes,3176787,1,Eucalyptus globulus,Plantae,Magnoliopsida,Myrtaceae,True,terrestrial,
Los Andes,5334218,1,Fumaria capreolata,Plantae,Magnoliopsida,Papaveraceae,False,terrestrial,flor de la culebra
Los Andes,7894250,1,Datura ferox,Plantae,Magnoliopsida,Solanaceae,False,terrestrial,
Los Andes,2927069,3,Marrubium vulgare,Plantae,Magnoliopsida,Lamiaceae,True,terrestrial,
Los Andes,2926679,2,Lamium amplexicaule,Plantae,Magnoliopsida,Lamiaceae,False,terrestrial,
Los Andes,2706241,1,Lolium perenne,Plantae,Liliopsida,Poaceae,False,terrestrial,ballica
Los Andes,3935079,1,Malva dendromorpha,Plantae,Magnoliopsida,Malvaceae,False,terrestrial,
Los Andes,5289762,1,Lamarckia aurea,Plantae,Liliopsida,Poaceae,False,terrestrial,
Los Andes,7886346,1,Hordeum murinum,Plantae,Liliopsida,Poaceae,False,terrestrial,
Los Andes,8338793,1,Modiola caroliniana,Plantae,Magnoliopsida,Malvaceae,False,terrestrial,
Los Andes,9151957,1,Medicago sativa,Plantae,Magnoliopsida,Fabaceae,False,terrestrial,
Los Andes,2484396,2,Molothrus bonariensis,Animalia,Aves,Icteridae,True,terrestrial,mirlo / tordo renegrido
Los Andes,3188875,2,Oenothera rosea,Plantae,Magnoliopsida,Onagraceae,True,terrestrial,
Los Andes,1114246,1,Phoracantha recurva,Animalia,Insecta,Cerambycidae,False,terrestrial,
Los Andes,2436940,1,Oryctolagus cuniculus,Animalia,Mammalia,Leporidae,True,terrestrial,conejo europeo
Los Andes,2888439,1,Papaver somniferum,Plantae,Magnoliopsida,Papaveraceae,False,terrestrial,
Los Andes,2928783,1,Nicotiana glauca,Plantae,Magnoliopsida,Solanaceae,True,terrestrial,palqui / tabaco cimarrón
Los Andes,3084719,2,Portulaca oleracea,Plantae,Magnoliopsida,Portulacaceae,False,terrestrial,
Los Andes,3040983,1,Raphanus raphanistrum,Plantae,Magnoliopsida,Brassicaceae,True,terrestrial,
Los Andes,3171954,3,Verbascum virgatum,Plantae,Magnoliopsida,Scrophulariaceae,False,terrestrial,verbasco
Los Andes,5421116,1,Tribulus terrestris,Plantae,Magnoliopsida,Zygophyllaceae,True,terrestrial,
Angol,1340503,2,Bombus terrestris,Animalia,Insecta,Apidae,True,terrestrial,abejorro europeo
Angol,2979474,1,Acacia dealbata,Plantae,Magnoliopsida,Fabaceae,True,terrestrial,aromo australiano
Angol,3120060,1,Achillea millefolium,Plantae,Magnoliopsida,Asteraceae,True,terrestrial,
Angol,5858758,2,Cornu aspersum,Animalia,Gastropoda,Helicidae,True,terrestrial,caracol de jardín
Angol,2702792,1,Briza maxima,Plantae,Liliopsida,Poaceae,True,terrestrial,
Angol,2702793,1,Briza minor,Plantae,Liliopsida,Poaceae,True,terrestrial,
Angol,4064467,1,Cynoglossum creticum,Plantae,Magnoliopsida,Boraginaceae,False,terrestrial,
Angol,2925895,2,Echium plantagineum,Plantae,Magnoliopsida,Boraginaceae,True,terrestrial,
Angol,4989904,2,Harmonia axyridis,Animalia,Insecta,Coccinellidae,False,terrestrial,chinita asiática
Angol,2888380,1,Eschscholzia californica,Plantae,Magnoliopsida,Papaveraceae,True,terrestrial,amapola de California
Angol,2975667,1,Galega officinalis,Plantae,Magnoliopsida,Fabaceae,False,terrestrial,galega
Angol,2964025,2,Lupinus angustifolius,Plantae,Magnoliopsida,Fabaceae,True,terrestrial,
Angol,2927189,1,Mentha pulegium,Plantae,Magnoliopsida,Lamiaceae,True,terrestrial,
Angol,3086240,1,Mirabilis jalapa,Plantae,Magnoliopsida,Nyctaginaceae,False,terrestrial,
Angol,6413649,1,Juncus bufonius,Plantae,Liliopsida,Juncaceae,False,terrestrial|freshwater,
Angol,5231190,2,Passer domesticus,Animalia,Aves,Passeridae,False,terrestrial,gorrión
Angol,2477581,1,Nothoprocta perdicaria,Animalia,Aves,Tinamidae,False,terrestrial,
Angol,2888443,1,Papaver rhoeas,Plantae,Magnoliopsida,Papaveraceae,True,terrestrial,
Angol,5341112,1,Phyla canescens,Plantae,Magnoliopsida,Verbenaceae,False,terrestrial,
Angol,8208358,1,Plantago lanceolata,Plantae,Magnoliopsida,Plantaginaceae,True,terrestrial,llantén
Angol,2888995,2,Rumex acetosella,Plantae,Magnoliopsida,Polygonaceae,False,terrestrial,
Angol,3040983,1,Raphanus raphanistrum,Plantae,Magnoliopsida,Brassicaceae,True,terrestrial,
Angol,3145214,1,Silybum marianum,Plantae,Magnoliopsida,Asteraceae,False,terrestrial,cardo mariano
Angol,5289684,1,Setaria viridis,Plantae,Liliopsida,Poaceae,False,terrestrial,
Angol,8174785,1,Rosa rubiginosa,Plantae,Magnoliopsida,Rosaceae,False,terrestrial,rosa mosqueta
Angol,2702740,1,Vulpia bromoides,Plantae,Liliopsida,Poaceae,False,terrestrial,
Castro,1340503,7,Bombus terrestris,Animalia,Insecta,Apidae,True,terrestrial,abejorro europeo
Castro,1340383,4,Bombus ruderatus,Animalia,Insecta,Apidae,True,terrestrial,
Castro,2979474,4,Acacia dealbata,Plantae,Magnoliopsida,Fabaceae,True,terrestrial,aromo australiano
Castro,2979000,3,Acacia melanoxylon,Plantae,Magnoliopsida,Fabaceae,False,terrestrial,aromo negro
Castro,5325855,1,Amaryllis belladonna,Plantae,Liliopsida,Amaryllidaceae,False,terrestrial,
Castro,5858758,6,Cornu aspersum,Animalia,Gastropoda,Helicidae,True,terrestrial,caracol de jardín
Castro,2495414,4,Columba livia,Animalia,Aves,Columbidae,False,terrestrial,paloma doméstica
Castro,5391480,3,Calendula officinalis,Plantae,Magnoliopsida,Asteraceae,True,terrestrial,
Castro,3085440,1,Cerastium glomeratum,Plantae,Magnoliopsida,Caryophyllaceae,True,terrestrial,
Castro,3103791,1,Chamomilla suaveolens,Plantae,Magnoliopsida,Asteraceae,True,terrestrial,
Castro,5219173,1,Canis lupus,Animalia,Mammalia,Canidae,False,terrestrial,
Castro,5375388,1,Capsella bursa-pastoris,Plantae,Magnoliopsida,Brassicaceae,True,terrestrial,
Castro,7903057,1,Brassica rapa,Plantae,Magnoliopsida,Brassicaceae,True,terrestrial,yuyo
Castro,5414995,5,Digitalis purpurea,Plantae,Magnoliopsida,Plantaginaceae,False,terrestrial,
Castro,3034922,4,Foeniculum vulgare,Plantae,Magnoliopsida,Apiaceae,False,terrestrial,hinojo
Castro,2435035,2,Felis catus,Animalia,Mammalia,Felidae,True,terrestrial,
Castro,2925892,1,Echium vulgare,Plantae,Magnoliopsida,Boraginaceae,False,terrestrial,
Castro,3147168,1,Erigeron karvinskianus,Plantae,Magnoliopsida,Asteraceae,True,terrestrial,
Castro,2965201,2,Medicago lupulina,Plantae,Magnoliopsida,Fabaceae,True,terrestrial,
Castro,2963807,1,Lupinus arboreus,Plantae,Magnoliopsida,Fabaceae,True,terrestrial,
Castro,5231190,12,Passer domesticus,Animalia,Aves,Passeridae,False,terrestrial,gorrión
Castro,2484396,2,Molothrus bonariensis,Animalia,Aves,Icteridae,True,terrestrial,mirlo / tordo renegrido
Castro,2704179,1,Poa annua,Plantae,Liliopsida,Poaceae,False,terrestrial,
Castro,2891664,1,Oxalis articulata,Plantae,Magnoliopsida,Oxalidaceae,True,terrestrial,
Castro,5190769,1,Oxychilus alliarius,Animalia,Gastropoda,Zonitidae,False,terrestrial,
Castro,5341183,1,Myosotis latifolia,Plantae,Magnoliopsida,Boraginaceae,False,terrestrial,
Castro,7733140,1,Parentucellia viscosa,Plantae,Magnoliopsida,Orobanchaceae,False,terrestrial,
Castro,8262702,1,Pastinaca sativa,Plantae,Magnoliopsida,Apiaceae,True,terrestrial,
Castro,3108983,2,Senecio vulgaris,Plantae,Magnoliopsida,Asteraceae,False,terrestrial,
Castro,2439261,1,Rattus norvegicus,Animalia,Mammalia,Muridae,True,terrestrial,rata gris
Castro,2889011,1,Rumex obtusifolius,Plantae,Magnoliopsida,Polygonaceae,True,terrestrial,
Castro,2996929,1,Rubus ulmifolius,Plantae,Magnoliopsida,Rosaceae,True,terrestrial,zarzamora
Castro,5341297,1,Prunella vulgaris,Plantae,Magnoliopsida,Lamiaceae,False,terrestrial,
Castro,5384848,1,Silene gallica,Plantae,Magnoliopsida,Caryophyllaceae,False,terrestrial,
Castro,1311649,3,Vespula germanica,Animalia,Insecta,Vespidae,True,terrestrial,avispa chaqueta amarilla
Castro,2951984,3,Ulex europaeus,Plantae,Magnoliopsida,Fabaceae,True,terrestrial,espinillo
Castro,5358748,3,Trifolium repens,Plantae,Magnoliopsida,Fabaceae,False,terrestrial,trébol blanco
Castro,5394163,2,Taraxacum officinale,Plantae,Magnoliopsida,Asteraceae,True,terrestrial,diente de león
Castro,3169708,1,Vinca major,Plantae,Magnoliopsida,Apocynaceae,False,terrestrial,
Castro,3171954,1,Verbascum virgatum,Plantae,Magnoliopsida,Scrophulariaceae,False,terrestrial,verbasco
Castro,3172062,1,Veronica beccabunga,Plantae,Magnoliopsida,Plantaginaceae,False,terrestrial,
Castro,8324121,1,Trifolium pratense,Plantae,Liliopsida,Fabaceae,False,terrestrial,
Villarrica,1340503,9,Bombus terrestris,Animalia,Insecta,Apidae,True,terrestrial,abejorro europeo
Villarrica,2876213,3,Alnus glutinosa,Plantae,Magnoliopsida,Betulaceae,False,terrestrial,
Villarrica,1340383,2,Bombus ruderatus,Animalia,Insecta,Apidae,True,terrestrial,
Villarrica,2979474,2,Acacia dealbata,Plantae,Magnoliopsida,Fabaceae,True,terrestrial,aromo australiano
Villarrica,2979000,1,Acacia melanoxylon,Plantae,Magnoliopsida,Fabaceae,False,terrestrial,aromo negro
Villarrica,3120060,1,Achillea millefolium,Plantae,Magnoliopsida,Asteraceae,True,terrestrial,
Villarrica,2480830,6,Bubulcus ibis,Animalia,Aves,Ardeidae,True,terrestrial|freshwater,garza boyera
Villarrica,2495414,4,Columba livia,Animalia,Aves,Columbidae,False,terrestrial,paloma doméstica
Villarrica,5228080,3,Callipepla californica,Animalia,Aves,Odontophoridae,False,terrestrial,codorniz de California
Villarrica,2747939,1,Crocosmia crocosmiiflora,Plantae,Liliopsida,Iridaceae,False,terrestrial,
Villarrica,3034807,1,Conium maculatum,Plantae,Magnoliopsida,Apiaceae,False,terrestrial,cicuta
Villarrica,3112801,1,Cirsium vulgare,Plantae,Magnoliopsida,Asteraceae,True,terrestrial,
Villarrica,5219173,1,Canis lupus,Animalia,Mammalia,Canidae,False,terrestrial,
Villarrica,5392252,1,Cichorium intybus,Plantae,Magnoliopsida,Asteraceae,True,terrestrial,chicoria
Villarrica,4989904,9,Harmonia axyridis,Animalia,Insecta,Coccinellidae,False,terrestrial,chinita asiática
Villarrica,2925892,4,Echium vulgare,Plantae,Magnoliopsida,Boraginaceae,False,terrestrial,
Villarrica,3034742,3,Daucus carota,Plantae,Magnoliopsida,Apiaceae,False,terrestrial,
Villarrica,2705308,1,Dactylis glomerata,Plantae,Liliopsida,Poaceae,False,terrestrial,
Villarrica,2715482,1,Cyperus eragrostis,Plantae,Liliopsida,Cyperaceae,False,terrestrial|freshwater,
Villarrica,2888380,1,Eschscholzia californica,Plantae,Magnoliopsida,Papaveraceae,True,terrestrial,amapola de California
Villarrica,2975667,1,Galega officinalis,Plantae,Magnoliopsida,Fabaceae,False,terrestrial,galega
Villarrica,3147168,1,Erigeron karvinskianus,Plantae,Magnoliopsida,Asteraceae,True,terrestrial,
Villarrica,3189152,1,Epilobium obscurum,Plantae,Magnoliopsida,Onagraceae,False,terrestrial,
Villarrica,3189525,3,Hypericum androsaemum,Plantae,Magnoliopsida,Hypericaceae,False,terrestrial,
Villarrica,8338793,3,Modiola caroliniana,Plantae,Magnoliopsida,Malvaceae,False,terrestrial,
Villarrica,2434333,1,Lycalopex griseus,Animalia,Mammalia,Canidae,False,terrestrial,
Villarrica,2701311,1,Juncus effusus,Plantae,Liliopsida,Juncaceae,False,terrestrial|freshwater,
Villarrica,2706026,1,Miscanthus sinensis,Plantae,Liliopsida,Poaceae,False,terrestrial,
Villarrica,2873896,1,Linum bienne,Plantae,Magnoliopsida,Linaceae,False,terrestrial,
Villarrica,3935079,1,Malva dendromorpha,Plantae,Magnoliopsida,Malvaceae,False,terrestrial,
Villarrica,5341501,1,Melissa officinalis,Plantae,Magnoliopsida,Lamiaceae,True,terrestrial,
Villarrica,5231190,5,Passer domesticus,Animalia,Aves,Passeridae,False,terrestrial,gorrión
Villarrica,7733140,2,Parentucellia viscosa,Plantae,Magnoliopsida,Orobanchaceae,False,terrestrial,
Villarrica,2436940,1,Oryctolagus cuniculus,Animalia,Mammalia,Leporidae,True,terrestrial,conejo europeo
Villarrica,2477581,1,Nothoprocta perdicaria,Animalia,Aves,Tinamidae,False,terrestrial,
Villarrica,3189767,1,Plantago major,Plantae,Magnoliopsida,Plantaginaceae,True,terrestrial,
Villarrica,5190769,1,Oxychilus alliarius,Animalia,Gastropoda,Zonitidae,False,terrestrial,
Villarrica,5204019,1,Oncorhynchus mykiss,Animalia,Actinopterygii,Salmonidae,True,freshwater|brackish|marine,
Villarrica,3033339,4,Ranunculus repens,Plantae,Magnoliopsida,Ranunculaceae,True,terrestrial,
Villarrica,5341297,3,Prunella vulgaris,Plantae,Magnoliopsida,Lamiaceae,False,terrestrial,
Villarrica,2439261,1,Rattus norvegicus,Animalia,Mammalia,Muridae,True,terrestrial,rata gris
Villarrica,3108983,1,Senecio vulgaris,Plantae,Magnoliopsida,Asteraceae,False,terrestrial,
Villarrica,5384848,1,Silene gallica,Plantae,Magnoliopsida,Caryophyllaceae,False,terrestrial,
Villarrica,7678610,1,Raphanus sativus,Plantae,Magnoliopsida,Brassicaceae,True,terrestrial,
Villarrica,8174785,1,Rosa rubiginosa,Plantae,Magnoliopsida,Rosaceae,False,terrestrial,rosa mosqueta
Villarrica,8324121,4,Trifolium pratense,Plantae,Liliopsida,Fabaceae,False,terrestrial,
Villarrica,3171949,2,Verbascum thapsus,Plantae,Magnoliopsida,Scrophulariaceae,True,terrestrial,
Villarrica,3172086,2,Veronica anagallis-aquatica,Plantae,Magnoliopsida,Plantaginaceae,False,terrestrial|freshwater,
Villarrica,5358748,2,Trifolium repens,Plantae,Magnoliopsida,Fabaceae,False,terrestrial,trébol blanco
Villarrica,2868827,1,Zantedeschia aethiopica,Plantae,Liliopsida,Araceae,False,terrestrial|freshwater,
Villarrica,3118274,1,Tanacetum vulgare,Plantae,Magnoliopsida,Asteraceae,False,terrestrial,
Villarrica,3169708,1,Vinca major,Plantae,Magnoliopsida,Apocynaceae,False,terrestrial,
Villarrica,3171954,1,Verbascum virgatum,Plantae,Magnoliopsida,Scrophulariaceae,False,terrestrial,verbasco
Puerto Varas,1340503,12,Bombus terrestris,Animalia,Insecta,Apidae,True,terrestrial,abejorro europeo
Puerto Varas,2876213,7,Alnus glutinosa,Plantae,Magnoliopsida,Betulaceae,False,terrestrial,
Puerto Varas,2979000,5,Acacia melanoxylon,Plantae,Magnoliopsida,Fabaceae,False,terrestrial,aromo negro
Puerto Varas,1340383,4,Bombus ruderatus,Animalia,Insecta,Apidae,True,terrestrial,
Puerto Varas,3120060,4,Achillea millefolium,Plantae,Magnoliopsida,Asteraceae,True,terrestrial,
Puerto Varas,2979474,3,Acacia dealbata,Plantae,Magnoliopsida,Fabaceae,True,terrestrial,aromo australiano
Puerto Varas,3117424,3,Bellis perennis,Plantae,Magnoliopsida,Asteraceae,True,terrestrial,
Puerto Varas,3042845,2,Brassica oleracea,Plantae,Magnoliopsida,Brassicaceae,True,terrestrial,
Puerto Varas,8184903,2,Anagallis arvensis,Plantae,Magnoliopsida,Primulaceae,True,terrestrial,
Puerto Varas,2441022,1,Bos taurus,Animalia,Mammalia,Bovidae,True,terrestrial,
Puerto Varas,2926110,1,Borago officinalis,Plantae,Magnoliopsida,Boraginaceae,True,terrestrial,
Puerto Varas,5325855,1,Amaryllis belladonna,Plantae,Liliopsida,Amaryllidaceae,False,terrestrial,
Puerto Varas,5391802,1,Bidens aurea,Plantae,Magnoliopsida,Asteraceae,False,terrestrial,
Puerto Varas,2747939,13,Crocosmia crocosmiiflora,Plantae,Liliopsida,Iridaceae,False,terrestrial,
Puerto Varas,2495414,10,Columba livia,Animalia,Aves,Columbidae,False,terrestrial,paloma doméstica
Puerto Varas,5858758,9,Cornu aspersum,Animalia,Gastropoda,Helicidae,True,terrestrial,caracol de jardín
Puerto Varas,8200663,5,Cymbalaria muralis,Plantae,Magnoliopsida,Plantaginaceae,False,terrestrial,
Puerto Varas,3034807,4,Conium maculatum,Plantae,Magnoliopsida,Apiaceae,False,terrestrial,cicuta
Puerto Varas,3112801,3,Cirsium vulgare,Plantae,Magnoliopsida,Asteraceae,True,terrestrial,
Puerto Varas,9751099,3,Cairina moschata,Animalia,Aves,Anatidae,False,terrestrial|freshwater,
Puerto Varas,2480830,2,Bubulcus ibis,Animalia,Aves,Ardeidae,True,terrestrial|freshwater,garza boyera
Puerto Varas,5392252,2,Cichorium intybus,Plantae,Magnoliopsida,Asteraceae,True,terrestrial,chicoria
Puerto Varas,3034871,1,Coriandrum sativum,Plantae,Magnoliopsida,Apiaceae,False,terrestrial,
Puerto Varas,3103791,1,Chamomilla suaveolens,Plantae,Magnoliopsida,Asteraceae,True,terrestrial,
Puerto Varas,4408321,1,Craspedacusta sowerbii,Animalia,Hydrozoa,Olindiidae,False,freshwater,
Puerto Varas,5219173,1,Canis lupus,Animalia,Mammalia,Canidae,False,terrestrial,
Puerto Varas,5414995,9,Digitalis purpurea,Plantae,Magnoliopsida,Plantaginaceae,False,terrestrial,
Puerto Varas,4989904,7,Harmonia axyridis,Animalia,Insecta,Coccinellidae,False,terrestrial,chinita asiática
Puerto Varas,3034922,6,Foeniculum vulgare,Plantae,Magnoliopsida,Apiaceae,False,terrestrial,hinojo
Puerto Varas,2925892,4,Echium vulgare,Plantae,Magnoliopsida,Boraginaceae,False,terrestrial,
Puerto Varas,2888380,2,Eschscholzia californica,Plantae,Magnoliopsida,Papaveraceae,True,terrestrial,amapola de California
Puerto Varas,3147168,2,Erigeron karvinskianus,Plantae,Magnoliopsida,Asteraceae,True,terrestrial,
Puerto Varas,5354656,2,Cytisus scoparius,Plantae,Magnoliopsida,Fabaceae,True,terrestrial,
Puerto Varas,2435035,1,Felis catus,Animalia,Mammalia,Felidae,True,terrestrial,
Puerto Varas,2440886,1,Equus caballus,Animalia,Mammalia,Equidae,False,terrestrial,
Puerto Varas,3066386,1,Euphorbia peplus,Plantae,Magnoliopsida,Euphorbiaceae,False,terrestrial,
Puerto Varas,5334218,1,Fumaria capreolata,Plantae,Magnoliopsida,Papaveraceae,False,terrestrial,flor de la culebra
Puerto Varas,5354707,1,Cytisus striatus,Plantae,Magnoliopsida,Fabaceae,False,terrestrial,
Puerto Varas,3189525,10,Hypericum androsaemum,Plantae,Magnoliopsida,Hypericaceae,False,terrestrial,
Puerto Varas,2434333,3,Lycalopex griseus,Animalia,Mammalia,Canidae,False,terrestrial,
Puerto Varas,2963807,3,Lupinus arboreus,Plantae,Magnoliopsida,Fabaceae,True,terrestrial,
Puerto Varas,3189486,2,Hypericum perforatum,Plantae,Magnoliopsida,Hypericaceae,True,terrestrial,
Puerto Varas,2701311,1,Juncus effusus,Plantae,Liliopsida,Juncaceae,False,terrestrial|freshwater,
Puerto Varas,2706164,1,Holcus lanatus,Plantae,Liliopsida,Poaceae,False,terrestrial,
Puerto Varas,2928576,1,Ipomoea purpurea,Plantae,Magnoliopsida,Convolvulaceae,False,terrestrial,
Puerto Varas,3093702,1,Hypochaeris radicata,Plantae,Magnoliopsida,Asteraceae,False,terrestrial,
Puerto Varas,5341501,1,Melissa officinalis,Plantae,Magnoliopsida,Lamiaceae,True,terrestrial,
Puerto Varas,5373358,1,Lobularia maritima,Plantae,Magnoliopsida,Brassicaceae,False,terrestrial,
Puerto Varas,7515045,1,Lotus tenuis,Plantae,Magnoliopsida,Fabaceae,False,terrestrial,
Puerto Varas,7952072,1,Lepus europaeus,Animalia,Mammalia,Leporidae,True,terrestrial,
Puerto Varas,8848598,1,Leucanthemum vulgare,Plantae,Magnoliopsida,Asteraceae,True,terrestrial,
Puerto Varas,5231190,34,Passer domesticus,Animalia,Aves,Passeridae,False,terrestrial,gorrión
Puerto Varas,8208358,5,Plantago lanceolata,Plantae,Magnoliopsida,Plantaginaceae,True,terrestrial,llantén
Puerto Varas,2484396,2,Molothrus bonariensis,Animalia,Aves,Icteridae,True,terrestrial,mirlo / tordo renegrido
Puerto Varas,7733140,2,Parentucellia viscosa,Plantae,Magnoliopsida,Orobanchaceae,False,terrestrial,
Puerto Varas,2477581,1,Nothoprocta perdicaria,Animalia,Aves,Tinamidae,False,terrestrial,
Puerto Varas,2704179,1,Poa annua,Plantae,Liliopsida,Poaceae,False,terrestrial,
Puerto Varas,2888443,1,Papaver rhoeas,Plantae,Magnoliopsida,Papaveraceae,True,terrestrial,
Puerto Varas,5204019,1,Oncorhynchus mykiss,Animalia,Actinopterygii,Salmonidae,True,freshwater|brackish|marine,
Puerto Varas,9018536,1,Polygonum campanulatum,Plantae,Magnoliopsida,Polygonaceae,False,terrestrial,
Puerto Varas,3033339,7,Ranunculus repens,Plantae,Magnoliopsida,Ranunculaceae,True,terrestrial,
Puerto Varas,5341297,6,Prunella vulgaris,Plantae,Magnoliopsida,Lamiaceae,False,terrestrial,
Puerto Varas,5384848,2,Silene gallica,Plantae,Magnoliopsida,Caryophyllaceae,False,terrestrial,
Puerto Varas,2439261,1,Rattus norvegicus,Animalia,Mammalia,Muridae,True,terrestrial,rata gris
Puerto Varas,2888951,1,Rumex acetosa,Plantae,Magnoliopsida,Polygonaceae,False,terrestrial,
Puerto Varas,2889011,1,Rumex obtusifolius,Plantae,Magnoliopsida,Polygonaceae,True,terrestrial,
Puerto Varas,2984366,1,Soleirolia soleirolii,Plantae,Magnoliopsida,Rosaceae,False,terrestrial,
Puerto Varas,2996929,1,Rubus ulmifolius,Plantae,Magnoliopsida,Rosaceae,True,terrestrial,zarzamora
Puerto Varas,3085360,1,Saponaria officinalis,Plantae,Magnoliopsida,Caryophyllaceae,False,terrestrial,
Puerto Varas,5372639,1,Salix babylonica,Plantae,Magnoliopsida,Salicaceae,False,terrestrial,sauce llorón
Puerto Varas,7678610,1,Raphanus sativus,Plantae,Magnoliopsida,Brassicaceae,True,terrestrial,
Puerto Varas,2951984,9,Ulex europaeus,Plantae,Magnoliopsida,Fabaceae,True,terrestrial,espinillo
Puerto Varas,8324121,8,Trifolium pratense,Plantae,Liliopsida,Fabaceae,False,terrestrial,
Puerto Varas,3169708,4,Vinca major,Plantae,Magnoliopsida,Apocynaceae,False,terrestrial,
Puerto Varas,1311649,2,Vespula germanica,Animalia,Insecta,Vespidae,True,terrestrial,avispa chaqueta amarilla
Puerto Varas,3172086,2,Veronica anagallis-aquatica,Plantae,Magnoliopsida,Plantaginaceae,False,terrestrial|freshwater,
Puerto Varas,5347796,2,Teline monspessulana,Plantae,Magnoliopsida,Fabaceae,True,terrestrial,
Puerto Varas,5358748,2,Trifolium repens,Plantae,Magnoliopsida,Fabaceae,False,terrestrial,trébol blanco
Puerto Varas,2868827,1,Zantedeschia aethiopica,Plantae,Liliopsida,Araceae,False,terrestrial|freshwater,
Puerto Varas,5394163,1,Taraxacum officinale,Plantae,Magnoliopsida,Asteraceae,True,terrestrial,diente de león
Quillota,1340503,3,Bombus terrestris,Animalia,Insecta,Apidae,True,terrestrial,abejorro europeo
Quillota,5371743,2,Anthriscus caucalis,Plantae,Magnoliopsida,Apiaceae,True,terrestrial,
Quillota,8971274,2,Beta vulgaris,Plantae,Magnoliopsida,Chenopodiaceae,False,terrestrial,
Quillota,2441022,1,Bos taurus,Animalia,Mammalia,Bovidae,True,terrestrial,
Quillota,2926110,1,Borago officinalis,Plantae,Magnoliopsida,Boraginaceae,True,terrestrial,
Quillota,3120060,1,Achillea millefolium,Plantae,Magnoliopsida,Asteraceae,True,terrestrial,
Quillota,3974754,1,Acacia karroo,Plantae,Magnoliopsida,Fabaceae,False,terrestrial,
Quillota,5219173,5,Canis lupus,Animalia,Mammalia,Canidae,False,terrestrial,
Quillota,5228080,3,Callipepla californica,Animalia,Aves,Odontophoridae,False,terrestrial,codorniz de California
Quillota,5858758,3,Cornu aspersum,Animalia,Gastropoda,Helicidae,True,terrestrial,caracol de jardín
Quillota,3034807,2,Conium maculatum,Plantae,Magnoliopsida,Apiaceae,False,terrestrial,cicuta
Quillota,3128091,2,Centaurea melitensis,Plantae,Magnoliopsida,Asteraceae,True,terrestrial,
Quillota,5392252,2,Cichorium intybus,Plantae,Magnoliopsida,Asteraceae,True,terrestrial,chicoria
Quillota,2928390,1,Convolvulus arvensis,Plantae,Magnoliopsida,Convolvulaceae,False,terrestrial,
Quillota,3083838,1,Chenopodium album,Plantae,Magnoliopsida,Chenopodiaceae,True,terrestrial,
Quillota,5375388,1,Capsella bursa-pastoris,Plantae,Magnoliopsida,Brassicaceae,True,terrestrial,
Quillota,5376961,1,Cardaria draba,Plantae,Magnoliopsida,Brassicaceae,True,terrestrial,
Quillota,7627205,1,Chrysanthemum coronarium,Plantae,Magnoliopsida,Asteraceae,True,terrestrial,
Quillota,8149099,1,Chenopodium murale,Plantae,Liliopsida,Chenopodiaceae,True,terrestrial,
Quillota,2888380,9,Eschscholzia californica,Plantae,Magnoliopsida,Papaveraceae,True,terrestrial,amapola de California
Quillota,4989904,6,Harmonia axyridis,Animalia,Insecta,Coccinellidae,False,terrestrial,chinita asiática
Quillota,2890212,1,Geranium pusillum,Plantae,Magnoliopsida,Geraniaceae,False,terrestrial,
Quillota,2913548,1,Galium aparine,Plantae,Magnoliopsida,Rubiaceae,False,terrestrial,
Quillota,3066386,1,Euphorbia peplus,Plantae,Magnoliopsida,Euphorbiaceae,False,terrestrial,
Quillota,3068153,1,Euphorbia platyphyllos,Plantae,Magnoliopsida,Euphorbiaceae,False,terrestrial,
Quillota,5334218,1,Fumaria capreolata,Plantae,Magnoliopsida,Papaveraceae,False,terrestrial,flor de la culebra
Quillota,5531376,1,Fumaria agraria,Plantae,Magnoliopsida,Papaveraceae,False,terrestrial,
Quillota,7894250,1,Datura ferox,Plantae,Magnoliopsida,Solanaceae,False,terrestrial,
Quillota,9297163,1,Erodium malacoides,Plantae,Magnoliopsida,Geraniaceae,False,terrestrial,
Quillota,2434333,3,Lycalopex griseus,Animalia,Mammalia,Canidae,False,terrestrial,
Quillota,2926679,2,Lamium amplexicaule,Plantae,Magnoliopsida,Lamiaceae,False,terrestrial,
Quillota,5289762,2,Lamarckia aurea,Plantae,Liliopsida,Poaceae,False,terrestrial,
Quillota,2965527,1,Medicago arabica,Plantae,Magnoliopsida,Fabaceae,False,terrestrial,
Quillota,2971016,1,Melilotus indicus,Plantae,Magnoliopsida,Fabaceae,False,terrestrial,trébol de olor
Quillota,3152367,1,Malva nicaeensis,Plantae,Magnoliopsida,Malvaceae,True,terrestrial,
Quillota,3152378,1,Malva parviflora,Plantae,Magnoliopsida,Malvaceae,True,terrestrial,
Quillota,2891661,3,Oxalis pes-caprae,Plantae,Liliopsida,Oxalidaceae,True,terrestrial,
Quillota,2888439,2,Papaver somniferum,Plantae,Magnoliopsida,Papaveraceae,False,terrestrial,
Quillota,8427624,2,Oxalis corniculata,Plantae,Liliopsida,Oxalidaceae,False,terrestrial,
Quillota,2479407,1,Myiopsitta monachus,Animalia,Aves,Psittacidae,True,terrestrial,cotorra argentina
Quillota,2928774,1,Nicotiana tabacum,Plantae,Liliopsida,Solanaceae,False,terrestrial,
Quillota,2928783,1,Nicotiana glauca,Plantae,Magnoliopsida,Solanaceae,True,terrestrial,palqui / tabaco cimarrón
Quillota,3189767,1,Plantago major,Plantae,Magnoliopsida,Plantaginaceae,True,terrestrial,
Quillota,5231190,1,Passer domesticus,Animalia,Aves,Passeridae,False,terrestrial,gorrión
Quillota,5289744,1,Phalaris canariensis,Plantae,Liliopsida,Poaceae,True,terrestrial|freshwater,
Quillota,5361801,1,Parietaria judaica,Plantae,Magnoliopsida,Urticaceae,True,terrestrial,
Quillota,8208358,1,Plantago lanceolata,Plantae,Magnoliopsida,Plantaginaceae,True,terrestrial,llantén
Quillota,3145214,3,Silybum marianum,Plantae,Magnoliopsida,Asteraceae,False,terrestrial,cardo mariano
Quillota,5380041,3,Ricinus communis,Plantae,Magnoliopsida,Euphorbiaceae,True,terrestrial,
Quillota,2996929,1,Rubus ulmifolius,Plantae,Magnoliopsida,Rosaceae,True,terrestrial,zarzamora
Quillota,3033318,1,Ranunculus muricatus,Plantae,Magnoliopsida,Ranunculaceae,True,terrestrial,
Quillota,3033374,1,Ranunculus sceleratus,Plantae,Magnoliopsida,Ranunculaceae,True,terrestrial,
Quillota,3040983,1,Raphanus raphanistrum,Plantae,Magnoliopsida,Brassicaceae,True,terrestrial,
Quillota,7538163,1,Solanum marginatum,Plantae,Magnoliopsida,Solanaceae,False,terrestrial,
Quillota,3172077,4,Veronica persica,Plantae,Magnoliopsida,Plantaginaceae,False,terrestrial,
Quillota,3171954,3,Verbascum virgatum,Plantae,Magnoliopsida,Scrophulariaceae,False,terrestrial,verbasco
Quillota,5331181,3,Viola odorata,Plantae,Magnoliopsida,Violaceae,False,terrestrial,
Quillota,5359378,3,Trifolium incarnatum,Plantae,Magnoliopsida,Fabaceae,False,terrestrial,
Quillota,1311649,2,Vespula germanica,Animalia,Insecta,Vespidae,True,terrestrial,avispa chaqueta amarilla
Quillota,5361815,2,Urtica urens,Plantae,Magnoliopsida,Urticaceae,False,terrestrial,
Quillota,2868827,1,Zantedeschia aethiopica,Plantae,Liliopsida,Araceae,False,terrestrial|freshwater,
Quillota,3169708,1,Vinca major,Plantae,Magnoliopsida,Apocynaceae,False,terrestrial,
Quillota,3172086,1,Veronica anagallis-aquatica,Plantae,Magnoliopsida,Plantaginaceae,False,terrestrial|freshwater,
Quillota,5358748,1,Trifolium repens,Plantae,Magnoliopsida,Fabaceae,False,terrestrial,trébol blanco
Quillota,5384604,1,Stellaria media,Plantae,Magnoliopsida,Caryophyllaceae,False,terrestrial,
Quillota,5394163,1,Taraxacum officinale,Plantae,Magnoliopsida,Asteraceae,True,terrestrial,diente de león
