id,taxonID,scientificName,acceptedNameUsage,kingdom,phylum,class,order,family,taxonRank,taxonomicStatus,isInvasive,habitat,countryCode,occurrenceStatus,establishmentMeans,binomio,invasora,speciesKey,matchType,confidence,nombre_gbif
1910,1910,Abutilon grandifolium (Willd.) Sweet,,Plantae,Tracheophyta,Magnoliopsida,Malvales,Malvaceae,species,ACCEPTED,,terrestrial,CL,present,alien,Abutilon grandifolium,False,3152633,EXACT,100,Abutilon grandifolium (Willd.) Sweet
1911,1911,Acacia aroma Gillies ex Hook. & Arn.,Vachellia aroma (Gillies ex Hook. & Arn.) Seigler & Ebinger,Plantae,Tracheophyta,Magnoliopsida,Fabales,Fabaceae,species,SYNONYM,invasive,terrestrial,CL,present,alien,Acacia aroma,True,7266132,EXACT,99,Acacia aroma Gillies ex Hook. & Arn.
1912,1912,Acacia dealbata Link,,Plantae,Tracheophyta,Magnoliopsida,Fabales,Fabaceae,species,ACCEPTED,invasive,terrestrial,CL,present,alien,Acacia dealbata,True,2979474,EXACT,99,Acacia dealbata Link
1913,1913,Acacia horrida (L.) Willd.,Vachellia horrida (L.f.) Kyal. & Boatwr.,Plantae,Tracheophyta,Magnoliopsida,Fabales,Fabaceae,species,SYNONYM,,terrestrial,CL,present,alien,Acacia horrida,False,10709698,EXACT,99,Acacia horrida Span.
1914,1914,Acacia karroo Hayne,Vachellia karroo (Hayne) Banfi & Galasso,Plantae,Tracheophyta,Magnoliopsida,Fabales,Fabaceae,species,SYNONYM,,terrestrial,CL,present,alien,Acacia karroo,False,3974754,EXACT,100,Acacia karroo Hayne
1915,1915,Acacia macracantha Humb. & Bonpl. ex Willd.,Vachellia macracantha (Humb. & Bonpl. ex Willd.) Seigler & Ebinger,Plantae,Tracheophyta,Magnoliopsida,Fabales,Fabaceae,species,SYNONYM,,terrestrial,CL,present,alien,Acacia macracantha,False,3795445,EXACT,99,Acacia macracantha Humb. & Bonpl. ex Willd.
1916,1916,Acacia melanoxylon R.Br.,,Plantae,Tracheophyta,Magnoliopsida,Fabales,Fabaceae,species,ACCEPTED,,terrestrial,CL,present,alien,Acacia melanoxylon,False,2979000,EXACT,100,Acacia melanoxylon R.Br.
1917,1917,Acacia paradoxa DC.,,Plantae,Tracheophyta,Magnoliopsida,Fabales,Fabaceae,species,ACCEPTED,,terrestrial,CL,present,alien,Acacia paradoxa,False,2981159,EXACT,99,Acacia paradoxa DC.
1918,1918,Acacia visco Lorentz ex Griseb.,Senegalia visco (Lorentz ex Griseb.) Seigler & Ebinger,Plantae,Tracheophyta,Magnoliopsida,Fabales,Fabaceae,species,SYNONYM,,terrestrial,CL,present,alien,Acacia visco,False,9657641,EXACT,99,Acacia visco Lorentz ex Griseb.
1919,1919,Achillea millefolium,Achillea millefolium,Plantae,Tracheophyta,Magnoliopsida,Asterales,Asteraceae,species,SYNONYM,invasive,terrestrial,CL,present,alien,Achillea millefolium,True,3120060,EXACT,99,Achillea millefolium L.
1920,1920,Achillea ptarmica L.,,Plantae,Tracheophyta,Magnoliopsida,Asterales,Asteraceae,species,DOUBTFUL,invasive,terrestrial,CL,present,alien,Achillea ptarmica,True,3120333,EXACT,99,Achillea ptarmica L.
1921,1921,"Acipenser baerii Brandt, 1869",,Animalia,Chordata,Actinopterygii,Acipenseriformes,Acipenseridae,species,ACCEPTED,invasive,freshwater|brackish|marine,CL,present,alien,Acipenser baerii,True,4287131,EXACT,100,"Acipenser baerii Brandt, 1869"
1922,1922,"Acipenser transmontanus Richardson, 1836",,Animalia,Chordata,Actinopterygii,Acipenseriformes,Acipenseridae,species,ACCEPTED,invasive,freshwater|brackish|marine,CL,present,alien,Acipenser transmontanus,True,2402122,EXACT,100,"Acipenser transmontanus Richardson, 1836"
1923,1923,Acmella glaberrima (Hassl.) R.K.Jansen,,Plantae,Tracheophyta,Magnoliopsida,Asterales,Asteraceae,species,DOUBTFUL,,terrestrial,CL,present,alien,Acmella glaberrima,False,5386736,EXACT,100,Acmella glaberrima (Hassl.) R.K.Jansen
1924,1924,"Adelges piceae (Ratzeburg, 1844)",,Animalia,Arthropoda,Insecta,Hemiptera,Adelgidae,species,ACCEPTED,invasive,terrestrial,CL,present,alien,Adelges piceae,True,2049681,EXACT,100,"Adelges piceae (Ratzeburg, 1844)"
1925,1925,Adiantum capillus-veneris L.,,Plantae,Pteridophyta,Polypodiopsida,Polypodiales,Pteridaceae,species,ACCEPTED,invasive,terrestrial,CL,present,alien,Adiantum capillus-veneris,True,2651816,EXACT,100,Adiantum capillus-veneris L.
1926,1926,Agropyron cristatum (L.) Gaertn.,,Plantae,Tracheophyta,Liliopsida,Poales,Poaceae,species,ACCEPTED,,terrestrial,CL,present,alien,Agropyron cristatum,False,2705196,EXACT,99,Agropyron cristatum (L.) Gaertn.
1927,1927,Agrostemma githago L.,,Plantae,Tracheophyta,Magnoliopsida,Caryophyllales,Caryophyllaceae,species,ACCEPTED,invasive,terrestrial,CL,present,alien,Agrostemma githago,True,3085368,EXACT,100,Agrostemma githago L.
1928,1928,Agrostis capillaris L.,,Plantae,Tracheophyta,Liliopsida,Poales,Poaceae,species,ACCEPTED,invasive,terrestrial,CL,present,alien,Agrostis capillaris,True,2706490,EXACT,99,Agrostis capillaris L.
1929,1929,Agrostis castellana Boiss. & Reut.,,Plantae,Tracheophyta,Liliopsida,Poales,Poaceae,species,ACCEPTED,invasive,terrestrial,CL,present,alien,Agrostis castellana,True,2706501,EXACT,99,Agrostis castellana Boiss. & Reut.
1930,1930,Agrostis gigantea Roth,,Plantae,Tracheophyta,Liliopsida,Poales,Poaceae,species,ACCEPTED,invasive,terrestrial,CL,present,alien,Agrostis gigantea,True,2706541,EXACT,100,Agrostis gigantea Roth
1931,1931,Agrostis scabra Willd.,,Plantae,Tracheophyta,Liliopsida,Poales,Poaceae,species,ACCEPTED,,terrestrial,CL,present,alien,Agrostis scabra,False,2706444,EXACT,99,Agrostis scabra Willd.
1932,1932,Agrostis stolonifera var. palustris (Huds.) Farw.,Agrostis stolonifera L.,Plantae,Tracheophyta,Liliopsida,Poales,Poaceae,variety,SYNONYM,invasive,terrestrial,CL,present,alien,Agrostis stolonifera,True,2706435,EXACT,99,Agrostis stolonifera L.
1934,1934,Agrostis vinealis Schreb.,,Plantae,Tracheophyta,Liliopsida,Poales,Poaceae,species,ACCEPTED,,terrestrial,CL,present,alien,Agrostis vinealis,False,2706458,EXACT,99,Agrostis vinealis Schreb.
1935,1935,Ailanthus altissima (Miller) Swingle,,Plantae,Tracheophyta,Magnoliopsida,Sapindales,Simaroubaceae,species,ACCEPTED,,terrestrial,CL,present,alien,Ailanthus altissima,False,3190653,EXACT,100,Ailanthus altissima (Mill.) Swingle
1936,1936,Aira caryophyllea L.,,Plantae,Tracheophyta,Liliopsida,Poales,Poaceae,species,ACCEPTED,,terrestrial,CL,present,alien,Aira caryophyllea,False,7747216,EXACT,99,Aira caryophyllea L.
1937,1937,Aira elegantissima Schur,,Plantae,Tracheophyta,Liliopsida,Poales,Poaceae,species,ACCEPTED,,terrestrial,CL,present,alien,Aira elegantissima,False,7948459,EXACT,100,Aira elegantissima Schur
1938,1938,Aira praecox L.,,Plantae,Tracheophyta,Liliopsida,Poales,Poaceae,species,ACCEPTED,,terrestrial,CL,present,alien,Aira praecox,False,5289582,EXACT,100,Aira praecox L.
1939,1939,"Alexandrium tamarense (Lebour, 1925) Balech, 1995",,Chromista,Myzozoa,Dinophyceae,Gonyaulacales,Gonyaulacaceae,species,ACCEPTED,invasive,marine,CL,present,alien,Alexandrium tamarense,True,7632200,EXACT,100,Alexandrium tamarense (Lebour) Balech
1940,1940,Alisma lanceolatum With.,,Plantae,Tracheophyta,Liliopsida,Alismatales,Alismataceae,species,ACCEPTED,,freshwater,CL,present,alien,Alisma lanceolatum,False,2865125,EXACT,99,Alisma lanceolatum With.
1941,1941,Alisma plantago-aquatica L.,,Plantae,Tracheophyta,Liliopsida,Alismatales,Alismataceae,species,ACCEPTED,,freshwater,CL,present,alien,Alisma plantago-aquatica,False,2865100,EXACT,100,Alisma plantago-aquatica L.
1942,1942,Allium vineale var. compactum (Thuill.) Lej. & Courtois,Allium vineale L.,Plantae,Tracheophyta,Liliopsida,Asparagales,Amaryllidaceae,variety,HETEROTYPIC_SYNONYM,invasive,terrestrial,CL,present,alien,Allium vineale,True,7792960,EXACT,99,Allium vineale L.
1944,1944,Alnus glutinosa (L.) Gaertn.,,Plantae,Tracheophyta,Magnoliopsida,Fagales,Betulaceae,species,ACCEPTED,,terrestrial,CL,present,alien,Alnus glutinosa,False,2876213,EXACT,99,Alnus glutinosa (L.) Gaertn.
1945,1945,Alopecurus aequalis Sobol.,,Plantae,Tracheophyta,Liliopsida,Poales,Poaceae,species,ACCEPTED,invasive,terrestrial,CL,present,alien,Alopecurus aequalis,True,5290083,EXACT,99,Alopecurus aequalis Sobol.
1946,1946,Alopecurus geniculatus L.,,Plantae,Tracheophyta,Liliopsida,Poales,Poaceae,species,ACCEPTED,,terrestrial,CL,present,alien,Alopecurus geniculatus,False,5290090,EXACT,99,Alopecurus geniculatus L.
1947,1947,Alopecurus myosuroides Huds.,,Plantae,Tracheophyta,Liliopsida,Poales,Poaceae,species,ACCEPTED,,terrestrial,CL,present,alien,Alopecurus myosuroides,False,5290097,EXACT,100,Alopecurus myosuroides Huds.
1948,1948,Alopecurus pratensis L.,,Plantae,Tracheophyta,Liliopsida,Poales,Poaceae,species,ACCEPTED,invasive,terrestrial,CL,present,alien,Alopecurus pratensis,True,5290081,EXACT,99,Alopecurus pratensis L.
1949,1949,Alternanthera philoxeroides (Mart.) Griseb.,,Plantae,Tracheophyta,Magnoliopsida,Caryophyllales,Amaranthaceae,species,ACCEPTED,invasive,terrestrial|freshwater,CL,present,alien,Alternanthera philoxeroides,True,3084923,EXACT,100,Alternanthera philoxeroides (Mart.) Griseb.
1950,1950,Alyssum alyssoides (L.) L.,,Plantae,Tracheophyta,Magnoliopsida,Brassicales,Brassicaceae,species,ACCEPTED,,terrestrial,CL,present,alien,Alyssum alyssoides,False,3044855,EXACT,100,Alyssum alyssoides (L.) L.
1951,1951,Amaranthus albus L.,,Plantae,Tracheophyta,Magnoliopsida,Caryophyllales,Amaranthaceae,species,ACCEPTED,invasive,terrestrial,CL,present,alien,Amaranthus albus,True,7905507,EXACT,99,Amaranthus albus L.
1952,1952,"Amaranthus blitum subsp. emarginatus (Salzm. ex Uline & W. L. Bray) Carretero, Muñoz Ga",,Plantae,Tracheophyta,Magnoliopsida,Caryophyllales,Amaranthaceae,subspecies,ACCEPTED,,terrestrial,CL,present,alien,Amaranthus blitum,False,8911082,EXACT,99,Amaranthus blitum L.
1953,1953,Amaranthus cruentus Willd. ex Roxb.,,Plantae,Tracheophyta,Magnoliopsida,Caryophyllales,Amaranthaceae,species,ACCEPTED,,terrestrial,CL,present,alien,Amaranthus cruentus,False,5384390,EXACT,99,Amaranthus cruentus L.
1954,1954,Amaranthus deflexus L.,,Plantae,Tracheophyta,Magnoliopsida,Caryophyllales,Amaranthaceae,species,ACCEPTED,,terrestrial,CL,present,alien,Amaranthus deflexus,False,5384396,EXACT,100,Amaranthus deflexus L.
1955,1955,Amaranthus emarginatus Salzm. ex Uline & W. L. Bray,,Plantae,Tracheophyta,Magnoliopsida,Caryophyllales,Amaranthaceae,species,ACCEPTED,,terrestrial,CL,present,alien,Amaranthus emarginatus,False,7323250,EXACT,99,Amaranthus emarginatus Salzm. ex Uline & W.L.Bray
1956,1956,Amaranthus hybridus L.,,Plantae,Tracheophyta,Magnoliopsida,Caryophyllales,Amaranthaceae,species,ACCEPTED,invasive,terrestrial,CL,present,alien,Amaranthus hybridus,True,5384364,EXACT,99,Amaranthus hybridus L.
1957,1957,Amaranthus retroflexus L.,,Plantae,Tracheophyta,Magnoliopsida,Caryophyllales,Amaranthaceae,species,ACCEPTED,invasive,terrestrial,CL,present,alien,Amaranthus retroflexus,True,6109534,EXACT,100,Amaranthus retroflexus L.
1958,1958,Amaranthus viridis L.,,Plantae,Tracheophyta,Magnoliopsida,Caryophyllales,Amaranthaceae,species,ACCEPTED,,terrestrial,CL,present,alien,Amaranthus viridis,False,5384334,EXACT,99,Amaranthus viridis L.
1959,1959,Amaryllis belladonna L.,,Plantae,Tracheophyta,Liliopsida,Asparagales,Amaryllidaceae,species,ACCEPTED,,terrestrial,CL,present,alien,Amaryllis belladonna,False,5325855,EXACT,99,Amaryllis belladonna L.
1960,1960,Ambrosia arborescens Lam.,Ambrosia artemisioides Willd.,Plantae,Tracheophyta,Magnoliopsida,Asterales,Asteraceae,species,SYNONYM,,terrestrial,CL,present,alien,Ambrosia arborescens,False,8424273,EXACT,99,Ambrosia arborescens Mill.
1962,1962,Ambrosia tenuifolia Gren. & Godr.,,Plantae,Tracheophyta,Magnoliopsida,Asterales,Asteraceae,species,ACCEPTED,invasive,terrestrial,CL,present,alien,Ambrosia tenuifolia,True,3110580,EXACT,99,Ambrosia tenuifolia Spreng.
1963,1963,"Ameiurus melas (Rafinesque, 1820)",,Animalia,Chordata,Actinopterygii,Siluriformes,Ictaluridae,species,ACCEPTED,,freshwater|brackish|marine,CL,present,alien,Ameiurus melas,False,2340977,EXACT,100,"Ameiurus melas (Rafinesque, 1820)"
1964,1964,"Ameiurus nebulosus (Lesueur, 1819)",,Animalia,Chordata,Actinopterygii,Siluriformes,Ictaluridae,species,ACCEPTED,invasive,freshwater|brackish,CL,present,alien,Ameiurus nebulosus,True,2340989,EXACT,100,"Ameiurus nebulosus (Lesueur, 1819)"
1965,1965,Ammannia coccinea Rottb.,,Plantae,Tracheophyta,Magnoliopsida,Myrtales,Lythraceae,species,ACCEPTED,invasive,terrestrial,CL,present,alien,Ammannia coccinea,True,3188711,EXACT,99,Ammannia coccinea Rottb.
1966,1966,Ammannia latifolia L.,,Plantae,Tracheophyta,Magnoliopsida,Myrtales,Lythraceae,species,ACCEPTED,invasive,terrestrial,CL,present,alien,Ammannia latifolia,True,3188717,EXACT,99,Ammannia latifolia L.
1967,1967,Ammi majus L.,,Plantae,Tracheophyta,Magnoliopsida,Apiales,Apiaceae,species,ACCEPTED,invasive,terrestrial,CL,present,alien,Ammi majus,True,3034182,EXACT,99,Ammi majus L.
1968,1968,Ammi visnaga (L.) Lam.,Visnaga daucoides Gaertn.,Plantae,Tracheophyta,Magnoliopsida,Apiales,Apiaceae,species,SYNONYM,invasive,terrestrial,CL,present,alien,Ammi visnaga,True,5371753,EXACT,100,Ammi visnaga (L.) Lam.
1969,1969,Ammophila arenaria (L.) Link,,Plantae,Tracheophyta,Liliopsida,Poales,Poaceae,species,ACCEPTED,invasive,terrestrial,CL,present,alien,Ammophila arenaria,True,4126489,EXACT,100,Ammophila arenaria (L.) Link
1970,1970,Anagallis arvensis L.,,Plantae,Tracheophyta,Magnoliopsida,Ericales,Primulaceae,species,ACCEPTED,invasive,terrestrial,CL,present,alien,Anagallis arvensis,True,8184903,EXACT,100,Anagallis arvensis L.
1971,1971,"Anas poecilorhyncha J. R. Forster, 1781",,Animalia,Chordata,Aves,Anseriformes,Anatidae,species,ACCEPTED,,terrestrial|freshwater,CL,present,alien,Anas poecilorhyncha,False,9450106,EXACT,99,"Anas poecilorhyncha J.R.Forster, 1781"
1972,1972,Anoda cristata (L.) Schltdl.,,Plantae,Tracheophyta,Magnoliopsida,Malvales,Malvaceae,species,ACCEPTED,invasive,terrestrial,CL,present,alien,Anoda cristata,True,3152493,EXACT,100,Anoda cristata (L.) Schltdl.
1973,1973,"Anoplolepis gracilipes (Smith, 1857)",,Animalia,Arthropoda,Insecta,Hymenoptera,Formicidae,species,ACCEPTED,,terrestrial,CL,present,alien,Anoplolepis gracilipes,False,1317433,EXACT,100,"Anoplolepis gracilipes (Smith, 1857)"
1974,1974,Anthemis arvensis Pall. ex M.Bieb.,Cota coelopoda (Boiss.) Boiss.,Plantae,Tracheophyta,Magnoliopsida,Asterales,Asteraceae,species,SYNONYM,invasive,terrestrial,CL,present,alien,Anthemis arvensis,True,3102781,EXACT,99,Anthemis arvensis L.
1975,1975,Anthemis cotula Blanco,Eclipta prostrata Lour.,Plantae,Tracheophyta,Magnoliopsida,Asterales,Asteraceae,species,SYNONYM,invasive,terrestrial,CL,present,alien,Anthemis cotula,True,8035698,EXACT,99,Anthemis cotula L.
1976,1976,Anthoxanthum odoratum L.,,Plantae,Tracheophyta,Liliopsida,Poales,Poaceae,species,ACCEPTED,invasive,terrestrial,CL,present,alien,Anthoxanthum odoratum,True,2705975,EXACT,100,Anthoxanthum odoratum L.
1977,1977,Anthriscus caucalis M. Bieb.,,Plantae,Tracheophyta,Magnoliopsida,Apiales,Apiaceae,species,ACCEPTED,invasive,terrestrial,CL,present,alien,Anthriscus caucalis,True,5371743,EXACT,100,Anthriscus caucalis M.Bieb.
1978,1978,Anthriscus sylvestris (L.) Hoffm.,,Plantae,Tracheophyta,Magnoliopsida,Apiales,Apiaceae,species,ACCEPTED,invasive,terrestrial,CL,present,alien,Anthriscus sylvestris,True,5371742,EXACT,100,Anthriscus sylvestris (L.) Hoffm.
1979,1979,Apera interrupta (L.) P.Beauv.,,Plantae,Tracheophyta,Liliopsida,Poales,Poaceae,species,ACCEPTED,,terrestrial,CL,present,alien,Apera interrupta,False,5289643,EXACT,100,Apera interrupta (L.) P.Beauv.
1980,1980,Aphanes arvensis L.,,Plantae,Tracheophyta,Magnoliopsida,Rosales,Rosaceae,species,ACCEPTED,,terrestrial,CL,present,alien,Aphanes arvensis,False,5365013,EXACT,99,Aphanes arvensis L.
1981,1981,Apium graveolens L.,,Plantae,Tracheophyta,Magnoliopsida,Apiales,Apiaceae,species,ACCEPTED,,terrestrial,CL,present,alien,Apium graveolens,False,5371879,EXACT,99,Apium graveolens L.
1982,1982,Apium nodiflorum (L.) Rchb. fil.,Helosciadium nodiflorum (L.) Koch,Plantae,Tracheophyta,Magnoliopsida,Apiales,Apiaceae,species,HETEROTYPIC_SYNONYM,invasive,terrestrial,CL,present,alien,Apium nodiflorum,True,3631293,EXACT,99,Apium nodiflorum (L.) Rchb.fil.
1983,1983,Aponogeton distachyos L.f.,,Plantae,Tracheophyta,Liliopsida,Alismatales,Aponogetonaceae,species,ACCEPTED,invasive,terrestrial,CL,present,alien,Aponogeton distachyos,True,5328593,EXACT,100,Aponogeton distachyos L.f.
1984,1984,Aquilegia vulgaris L.,,Plantae,Tracheophyta,Magnoliopsida,Ranunculales,Ranunculaceae,species,ACCEPTED,,terrestrial,CL,present,alien,Aquilegia vulgaris,False,3033191,EXACT,99,Aquilegia vulgaris L.
1985,1985,Arabidopsis thaliana (L.) Heynh.,,Plantae,Tracheophyta,Magnoliopsida,Brassicales,Brassicaceae,species,ACCEPTED,,terrestrial,CL,present,alien,Arabidopsis thaliana,False,3052436,EXACT,99,Arabidopsis thaliana (L.) Heynh.
1986,1986,Arctium minus (Hill) Bernh.,,Plantae,Tracheophyta,Magnoliopsida,Asterales,Asteraceae,species,DOUBTFUL,invasive,terrestrial,CL,present,alien,Arctium minus,True,5393103,EXACT,99,Arctium minus (Hill) Bernh.
1987,1987,Arctotheca calendula (L.) Levyns,,Plantae,Tracheophyta,Magnoliopsida,Asterales,Asteraceae,species,DOUBTFUL,invasive,terrestrial,CL,present,alien,Arctotheca calendula,True,3114986,EXACT,99,Arctotheca calendula (L.) Levyns
1988,1988,Arenaria serpyllifolia Linnaeus,,Plantae,Tracheophyta,Magnoliopsida,Caryophyllales,Caryophyllaceae,species,ACCEPTED,invasive,terrestrial,CL,present,alien,Arenaria serpyllifolia,True,8089871,EXACT,99,Arenaria serpyllifolia L.
1989,1989,Arnica angustifolia Vahl,,Plantae,Tracheophyta,Magnoliopsida,Asterales,Asteraceae,species,DOUBTFUL,,terrestrial,CL,present,alien,Arnica angustifolia,False,8138466,EXACT,99,Arnica angustifolia Vahl
1990,1990,Arrhenatherum elatius subsp. bulbosum (Willd.) Schübl. & G.Martens,,Plantae,Tracheophyta,Magnoliopsida,Rosales,Rosaceae,subspecies,ACCEPTED,,terrestrial,CL,present,alien,Arrhenatherum elatius,False,2704505,EXACT,99,Arrhenatherum elatius (L.) P.Beauv. ex J.Presl & C.Presl
1992,1992,Artemisia absinthium L.,,Plantae,Tracheophyta,Magnoliopsida,Asterales,Asteraceae,species,DOUBTFUL,,terrestrial,CL,present,alien,Artemisia absinthium,False,3121319,EXACT,100,Artemisia absinthium L.
1993,1993,Arundo donax L.,,Plantae,Tracheophyta,Liliopsida,Poales,Poaceae,species,ACCEPTED,invasive,terrestrial,CL,present,alien,Arundo donax,True,2703041,EXACT,99,Arundo donax L.
1994,1994,Asclepias curassavica L.,,Plantae,Tracheophyta,Magnoliopsida,Gentianales,Apocynaceae,species,ACCEPTED,,terrestrial,CL,present,alien,Asclepias curassavica,False,3170241,EXACT,99,Asclepias curassavica L.
1995,1995,Asperugo procumbens L.,,Plantae,Tracheophyta,Magnoliopsida,Boraginales,Boraginaceae,species,ACCEPTED,invasive,terrestrial,CL,present,alien,Asperugo procumbens,True,2926055,EXACT,100,Asperugo procumbens L.
1996,1996,Asphodelus fistulosus L.,,Plantae,Tracheophyta,Liliopsida,Asparagales,Xanthorrhoeaceae,species,ACCEPTED,invasive,terrestrial,CL,present,alien,Asphodelus fistulosus,True,2778437,EXACT,100,Asphodelus fistulosus L.
1997,1997,Atriplex hortensis L.,,Plantae,Tracheophyta,Magnoliopsida,Caryophyllales,Chenopodiaceae,species,ACCEPTED,,terrestrial,CL,present,alien,Atriplex hortensis,False,3083761,EXACT,100,Atriplex hortensis L.
1998,1998,Atriplex nummularia Lindl.,,Plantae,Tracheophyta,Magnoliopsida,Caryophyllales,Chenopodiaceae,species,ACCEPTED,,terrestrial,CL,present,alien,Atriplex nummularia,False,3083652,EXACT,100,Atriplex nummularia Lindl.
1999,1999,Atriplex patula L.,,Plantae,Tracheophyta,Magnoliopsida,Caryophyllales,Chenopodiaceae,species,ACCEPTED,invasive,terrestrial,CL,present,alien,Atriplex patula,True,3083728,EXACT,99,Atriplex patula L.
2000,2000,Atriplex prostrata Boucher ex DC.,,Plantae,Tracheophyta,Magnoliopsida,Caryophyllales,Chenopodiaceae,species,ACCEPTED,,terrestrial,CL,present,alien,Atriplex prostrata,False,3083786,EXACT,99,Atriplex prostrata DC.
2001,2001,Atriplex rosea L.,,Plantae,Tracheophyta,Magnoliopsida,Caryophyllales,Chenopodiaceae,species,ACCEPTED,invasive,terrestrial,CL,present,alien,Atriplex rosea,True,3083745,EXACT,99,Atriplex rosea L.
2002,2002,Atriplex semibaccata R. Br.,,Plantae,Tracheophyta,Magnoliopsida,Caryophyllales,Chenopodiaceae,species,ACCEPTED,invasive,terrestrial,CL,present,alien,Atriplex semibaccata,True,3083667,EXACT,99,Atriplex semibaccata R.Br.
2003,2003,Atriplex suberecta I. Verd.,,Plantae,Tracheophyta,Magnoliopsida,Caryophyllales,Chenopodiaceae,species,ACCEPTED,,terrestrial,CL,present,alien,Atriplex suberecta,False,3083771,EXACT,100,Atriplex suberecta I.Verd.
2004,2004,Atriplex tatarica L.,,Plantae,Tracheophyta,Magnoliopsida,Caryophyllales,Chenopodiaceae,species,ACCEPTED,invasive,terrestrial,CL,present,alien,Atriplex tatarica,True,3083702,EXACT,99,Atriplex tatarica L.
2005,2005,Avena barbata Pott ex Link,,Plantae,Tracheophyta,Liliopsida,Poales,Poaceae,species,ACCEPTED,,terrestrial,CL,present,alien,Avena barbata,False,2705300,EXACT,99,Avena barbata Pott ex Link
2006,2006,Avena fatua L.,,Plantae,Tracheophyta,Liliopsida,Poales,Poaceae,species,ACCEPTED,,terrestrial,CL,present,alien,Avena fatua,False,2705297,EXACT,99,Avena fatua L.
2007,2007,Avena sativa L.,,Plantae,Tracheophyta,Liliopsida,Poales,Poaceae,species,ACCEPTED,,terrestrial,CL,present,alien,Avena sativa,False,2705290,EXACT,100,Avena sativa L.
2008,2008,Avena sterilis L.,,Plantae,Tracheophyta,Liliopsida,Poales,Poaceae,species,ACCEPTED,,terrestrial,CL,present,alien,Avena sterilis,False,2705286,EXACT,99,Avena sterilis L.
2009,2009,Avena strigosa Schreb.,,Plantae,Tracheophyta,Liliopsida,Poales,Poaceae,species,ACCEPTED,,terrestrial,CL,present,alien,Avena strigosa,False,2705295,EXACT,99,Avena strigosa Schreb.
2010,2010,Barbarea verna (Mill.) Asch.,,Plantae,Tracheophyta,Magnoliopsida,Brassicales,Brassicaceae,species,ACCEPTED,,terrestrial,CL,present,alien,Barbarea verna,False,5374672,EXACT,100,Barbarea verna (Mill.) Asch.
2011,2011,Bartsia trixago L.,,Plantae,Tracheophyta,Magnoliopsida,Lamiales,Orobanchaceae,species,ACCEPTED,,terrestrial,CL,present,alien,Bartsia trixago,False,5414976,EXACT,100,Bartsia trixago L.
2012,2012,Bassia hyssopifolia (Pall.) Kuntze,,Plantae,Tracheophyta,Magnoliopsida,Caryophyllales,Chenopodiaceae,species,ACCEPTED,invasive,terrestrial,CL,present,alien,Bassia hyssopifolia,True,5383909,EXACT,100,Bassia hyssopifolia (Pall.) Kuntze
2013,2013,Bellis perennis L.,,Plantae,Tracheophyta,Magnoliopsida,Asterales,Asteraceae,species,DOUBTFUL,invasive,terrestrial,CL,present,alien,Bellis perennis,True,3117424,EXACT,100,Bellis perennis L.
2014,2014,Beta vulgaris L.,,Plantae,Tracheophyta,Magnoliopsida,Caryophyllales,Chenopodiaceae,species,ACCEPTED,,terrestrial,CL,present,alien,Beta vulgaris,False,8971274,EXACT,100,Beta vulgaris L.
2016,2016,Bidens aurea (Aiton) Sherff,,Plantae,Tracheophyta,Magnoliopsida,Asterales,Asteraceae,species,DOUBTFUL,,terrestrial,CL,present,alien,Bidens aurea,False,5391802,EXACT,100,Bidens aurea (Aiton) Sherff
2017,2017,Bidens laevis (L.) B.S.P.,,Plantae,Tracheophyta,Magnoliopsida,Asterales,Asteraceae,species,ACCEPTED,,terrestrial,CL,present,alien,Bidens laevis,False,5391813,EXACT,100,"Bidens laevis (L.) Britton, Sterns & Poggenb."
2018,2018,Bidens pilosa L.,,Plantae,Tracheophyta,Magnoliopsida,Asterales,Asteraceae,species,DOUBTFUL,,terrestrial,CL,present,alien,Bidens pilosa,False,5391845,EXACT,100,Bidens pilosa L.
2019,2019,Bidens pseudocosmos Sherff,,Plantae,Tracheophyta,Magnoliopsida,Asterales,Asteraceae,species,DOUBTFUL,,terrestrial,CL,present,alien,Bidens pseudocosmos,False,5391766,EXACT,100,Bidens pseudocosmos Sherff
2020,2020,Bidens subalternans DC.,,Plantae,Tracheophyta,Magnoliopsida,Asterales,Asteraceae,species,DOUBTFUL,invasive,terrestrial,CL,present,alien,Bidens subalternans,True,5391882,EXACT,100,Bidens subalternans DC.
2021,2021,"Bimeria vestita Wright, 1859",,Animalia,Cnidaria,Hydrozoa,Anthoathecata,Bougainvilliidae,species,ACCEPTED,,marine,CL,present,cryptogenic|uncertain,Bimeria vestita,False,2266541,EXACT,100,"Bimeria vestita Wright, 1859"
2022,2022,Boerhavia diffusa L.,,Plantae,Tracheophyta,Magnoliopsida,Caryophyllales,Nyctagineceae,species,ACCEPTED,,terrestrial,CL,present,alien,Boerhavia diffusa,False,3086282,EXACT,99,Boerhavia diffusa L.
2023,2023,Bolboschoenus maritimus (L.) Palla,,Plantae,Tracheophyta,Liliopsida,Poales,Cyperaceae,species,ACCEPTED,invasive,terrestrial|freshwater,CL,present,alien,Bolboschoenus maritimus,True,2718307,EXACT,100,Bolboschoenus maritimus (L.) Palla
2024,2024,"Bombus ruderatus (Fabricius, 1775)",,Animalia,Arthropoda,Insecta,Hymenoptera,Apidae,species,ACCEPTED,invasive,terrestrial,CL,present,alien,Bombus ruderatus,True,1340383,EXACT,100,"Bombus ruderatus (Fabricius, 1775)"
2025,2025,"Bombus terrestris (Linnaeus, 1758)",,Animalia,Arthropoda,Insecta,Hymenoptera,Apidae,species,ACCEPTED,invasive,terrestrial,CL,present,alien,Bombus terrestris,True,1340503,EXACT,100,"Bombus terrestris (Linnaeus, 1758)"
2026,2026,Borago officinalis L.,,Plantae,Tracheophyta,Magnoliopsida,Boraginales,Boraginaceae,species,ACCEPTED,invasive,terrestrial,CL,present,alien,Borago officinalis,True,2926110,EXACT,100,Borago officinalis L.
2027,2027,"Bos taurus Linnaeus, 1758",,Animalia,Chordata,Mammalia,Artiodactyla,Bovidae,species,ACCEPTED,invasive,terrestrial,CL,present,alien,Bos taurus,True,2441022,EXACT,100,"Bos taurus Linnaeus, 1758"
2028,2028,Bothriochloa laguroides (DC.) Herter,,Plantae,Tracheophyta,Liliopsida,Poales,Poaceae,species,ACCEPTED,,terrestrial,CL,present,alien,Bothriochloa laguroides,False,2704111,EXACT,99,Bothriochloa laguroides (DC.) Herter
2029,2029,Bothriochloa saccharoides (Sw.) Rydb.,,Plantae,Tracheophyta,Liliopsida,Poales,Poaceae,species,ACCEPTED,,terrestrial,CL,present,alien,Bothriochloa saccharoides,False,2704103,EXACT,100,Bothriochloa saccharoides (Sw.) Rydb.
2030,2030,"Botryllus schlosseri (Pallas, 1766)",,Animalia,Chordata,Ascidiacea,Pleurogona,Styelidae,species,ACCEPTED,,marine,CL,present,alien,Botryllus schlosseri,False,5200757,EXACT,100,"Botryllus schlosseri (Pallas, 1766)"
2031,2031,Brachypodium distachyon (L.) P.Beauv.,,Plantae,Tracheophyta,Liliopsida,Poales,Poaceae,species,ACCEPTED,,terrestrial,CL,present,alien,Brachypodium distachyon,False,5290143,EXACT,99,Brachypodium distachyon (L.) P.Beauv.
2032,2032,Brassica napus L.,,Plantae,Tracheophyta,Magnoliopsida,Brassicales,Brassicaceae,species,ACCEPTED,invasive,terrestrial,CL,present,alien,Brassica napus,True,3042636,EXACT,100,Brassica napus L.
2033,2033,Brassica nigra (L.) W.D.J. Koch,,Plantae,Tracheophyta,Magnoliopsida,Brassicales,Brassicaceae,species,ACCEPTED,invasive,terrestrial,CL,present,alien,Brassica nigra,True,3042658,EXACT,99,Brassica nigra (L.) W.D.J.Koch
2034,2034,Brassica oleracea L.,,Plantae,Tracheophyta,Magnoliopsida,Brassicales,Brassicaceae,species,ACCEPTED,invasive,terrestrial,CL,present,alien,Brassica oleracea,True,3042845,EXACT,99,Brassica oleracea L.
2035,2035,Brassica rapa L.,,Plantae,Tracheophyta,Magnoliopsida,Brassicales,Brassicaceae,species,ACCEPTED,invasive,terrestrial,CL,present,alien,Brassica rapa,True,7903057,EXACT,99,Brassica rapa L.
2036,2036,Briza maxima L.,,Plantae,Tracheophyta,Liliopsida,Poales,Poaceae,species,ACCEPTED,invasive,terrestrial,CL,present,alien,Briza maxima,True,2702792,EXACT,100,Briza maxima L.
2037,2037,Briza minor L.,,Plantae,Tracheophyta,Liliopsida,Poales,Poaceae,species,ACCEPTED,invasive,terrestrial,CL,present,alien,Briza minor,True,2702793,EXACT,99,Briza minor L.
2038,2038,Bromus catharticus Vahl,,Plantae,Tracheophyta,Liliopsida,Poales,Poaceae,species,ACCEPTED,,terrestrial,CL,present,alien,Bromus catharticus,False,2703723,EXACT,100,Bromus catharticus Vahl
2039,2039,Bromus erectus Huds.,,Plantae,Tracheophyta,Liliopsida,Poales,Poaceae,species,ACCEPTED,,terrestrial,CL,present,alien,Bromus erectus,False,7647071,EXACT,99,Bromus erectus Huds.
2040,2040,Bromus hordeaceus L.,,Plantae,Tracheophyta,Liliopsida,Poales,Poaceae,species,ACCEPTED,invasive,terrestrial,CL,present,alien,Bromus hordeaceus,True,2703777,EXACT,99,Bromus hordeaceus L.
2041,2041,Bromus lanceolatus Roth,,Plantae,Tracheophyta,Liliopsida,Poales,Poaceae,species,ACCEPTED,,terrestrial,CL,present,alien,Bromus lanceolatus,False,2703733,EXACT,100,Bromus lanceolatus Roth
2042,2042,Bromus madritensis L.,,Plantae,Tracheophyta,Liliopsida,Poales,Poaceae,species,ACCEPTED,invasive,terrestrial,CL,present,alien,Bromus madritensis,True,2703721,EXACT,99,Bromus madritensis L.
2043,2043,Bromus racemosus L.,,Plantae,Tracheophyta,Liliopsida,Poales,Poaceae,species,ACCEPTED,invasive,terrestrial,CL,present,alien,Bromus racemosus,True,2703764,EXACT,100,Bromus racemosus L.
2044,2044,Bromus rigidus Roth,,Plantae,Tracheophyta,Liliopsida,Poales,Poaceae,species,ACCEPTED,invasive,terrestrial,CL,present,alien,Bromus rigidus,True,2703663,EXACT,99,Bromus rigidus Roth
2045,2045,Bromus scoparius L.,,Plantae,Tracheophyta,Liliopsida,Poales,Poaceae,species,ACCEPTED,,terrestrial,CL,present,alien,Bromus scoparius,False,2703720,EXACT,99,Bromus scoparius L.
2046,2046,Bromus secalinus L.,,Plantae,Tracheophyta,Liliopsida,Poales,Poaceae,species,ACCEPTED,invasive,terrestrial,CL,present,alien,Bromus secalinus,True,2703717,EXACT,99,Bromus secalinus L.
2047,2047,Bromus squarrosus L.,,Plantae,Tracheophyta,Liliopsida,Poales,Poaceae,species,ACCEPTED,invasive,terrestrial,CL,present,alien,Bromus squarrosus,True,2703700,EXACT,99,Bromus squarrosus L.
2048,2048,Bromus sterilis L.,,Plantae,Tracheophyta,Liliopsida,Poales,Poaceae,species,ACCEPTED,invasive,terrestrial,CL,present,alien,Bromus sterilis,True,2703647,EXACT,99,Bromus sterilis L.
2049,2049,Bromus tectorum L.,,Plantae,Tracheophyta,Liliopsida,Poales,Poaceae,species,ACCEPTED,invasive,terrestrial,CL,present,alien,Bromus tectorum,True,2703746,EXACT,100,Bromus tectorum L.
2050,2050,"Bubulcus ibis (Linnaeus, 1758)",,Animalia,Chordata,Aves,Pelecaniformes,Ardeidae,species,ACCEPTED,invasive,terrestrial|freshwater,CL,present,alien,Bubulcus ibis,True,2480830,EXACT,100,"Bubulcus ibis (Linnaeus, 1758)"
2051,2051,"Bugula flabellata (Thompson in Gray, 1848)","Bugulina flabellata (Thompson in Gray, 1848)",Animalia,Bryozoa,Gymnolaemata,Cheilostomatida,Bugulidae,species,SYNONYM,invasive,marine,CL,present,alien,Bugula flabellata,True,8181293,EXACT,100,"Bugula flabellata (Thompson, 1848)"
2052,2052,"Bugula neritina (Linnaeus, 1758)",,Animalia,Bryozoa,Gymnolaemata,Cheilostomatida,Bugulidae,species,ACCEPTED,invasive,marine,CL,present,alien,Bugula neritina,True,4984851,EXACT,100,"Bugula neritina (Linnaeus, 1758)"
2053,2053,"Cairina moschata (Linnaeus, 1758)",,Animalia,Chordata,Aves,Anseriformes,Anatidae,species,ACCEPTED,,terrestrial|freshwater,CL,present,alien,Cairina moschata,False,9751099,EXACT,99,"Cairina moschata (Linnaeus, 1758)"
2054,2054,Calendula officinalis L.,,Plantae,Tracheophyta,Magnoliopsida,Asterales,Asteraceae,species,DOUBTFUL,invasive,terrestrial,CL,present,alien,Calendula officinalis,True,5391480,EXACT,99,Calendula officinalis L.
2055,2055,Calendula tripterocarpa Rupr.,,Plantae,Tracheophyta,Magnoliopsida,Asterales,Asteraceae,species,DOUBTFUL,invasive,terrestrial,CL,present,alien,Calendula tripterocarpa,True,5391464,EXACT,100,Calendula tripterocarpa Rupr.
2056,2056,"Callipepla californica (Shaw, 1798)",,Animalia,Chordata,Aves,Galliformes,Odontophoridae,species,ACCEPTED,,terrestrial,CL,present,alien,Callipepla californica,False,5228080,EXACT,100,"Callipepla californica (Shaw, 1798)"
2057,2057,Calystegia sepium subsp. americana (Sims) Brummitt,,Plantae,Tracheophyta,Magnoliopsida,Solanales,Solanaceae,subspecies,ACCEPTED,,terrestrial,CL,present,alien,Calystegia sepium,False,2928441,EXACT,99,Calystegia sepium (L.) R.Br.
2059,2059,Camelina alyssum (Mill.) Thell.,,Plantae,Tracheophyta,Magnoliopsida,Brassicales,Brassicaceae,species,ACCEPTED,invasive,terrestrial,CL,present,alien,Camelina alyssum,True,3042399,EXACT,100,Camelina alyssum (Mill.) Thell.
2060,2060,Camelina microcarpa Andrz. ex DC.,,Plantae,Tracheophyta,Magnoliopsida,Brassicales,Brassicaceae,species,ACCEPTED,invasive,terrestrial,CL,present,alien,Camelina microcarpa,True,3042416,EXACT,99,Camelina microcarpa Andrz. ex DC.
2061,2061,"Candidula intersecta (Poiret, 1801)",,Animalia,Mollusca,Gastropoda,Stylommatophora,Hygromiidae,species,ACCEPTED,,terrestrial,CL,present,alien,Candidula intersecta,False,9890104,EXACT,100,"Candidula intersecta (Poiret, 1801)"
2062,2062,"Canis lupus Linnaeus, 1758",,Animalia,Chordata,Mammalia,Carnivora,Canidae,species,ACCEPTED,,terrestrial,CL,present,alien,Canis lupus,False,5219173,EXACT,100,"Canis lupus Linnaeus, 1758"
2063,2063,"Capra hircus Linnaeus, 1758",,Animalia,Chordata,Mammalia,Artiodactyla,Bovidae,species,ACCEPTED,invasive,terrestrial,CL,present,alien,Capra hircus,True,2441056,EXACT,100,"Capra hircus Linnaeus, 1758"
2064,2064,"Caprella scaura Templeton, 1836",,Animalia,Arthropoda,Malacostraca,Amphipoda,Caprellidae,species,ACCEPTED,,marine,CL,present,cryptogenic|uncertain,Caprella scaura,False,5178082,EXACT,100,"Caprella scaura Templeton, 1836"
2065,2065,Capsella bursa-pastoris (L.) Medik.,,Plantae,Tracheophyta,Magnoliopsida,Brassicales,Brassicaceae,species,ACCEPTED,invasive,terrestrial,CL,present,alien,Capsella bursa-pastoris,True,5375388,EXACT,100,Capsella bursa-pastoris (L.) Medik.
2066,2066,"Carassius auratus (Linnaeus, 1758)",,Animalia,Chordata,Actinopterygii,Cypriniformes,Cyprinidae,species,ACCEPTED,invasive,freshwater,CL,present,alien,Carassius auratus,True,4286942,EXACT,100,"Carassius auratus (Linnaeus, 1758)"
2067,2067,"Carcinus maenas (Linnaeus, 1758)",,Animalia,Arthropoda,Malacostraca,Decapoda,Portunidae,species,ACCEPTED,,marine,CL,present,alien,Carcinus maenas,False,5178595,EXACT,100,"Carcinus maenas (Linnaeus, 1758)"
2068,2068,Cardamine hirsuta L.,,Plantae,Tracheophyta,Magnoliopsida,Brassicales,Brassicaceae,species,ACCEPTED,,terrestrial,CL,present,alien,Cardamine hirsuta,False,3046258,EXACT,99,Cardamine hirsuta L.
2069,2069,Cardaria draba (L.) Desv.,Lepidium draba L.,Plantae,Tracheophyta,Magnoliopsida,Brassicales,Brassicaceae,species,SYNONYM,invasive,terrestrial,CL,present,alien,Cardaria draba,True,5376961,EXACT,100,Cardaria draba (L.) Desv.
2070,2070,Carduus nutans Rech. f.,,Plantae,Tracheophyta,Magnoliopsida,Asterales,Asteraceae,species,ACCEPTED,invasive,terrestrial,CL,present,alien,Carduus nutans,True,8185959,EXACT,99,Carduus nutans L.
2071,2071,Carduus pycnocephalus Spreng.,Carduus cephalanthus Viv.,Plantae,Tracheophyta,Magnoliopsida,Asterales,Asteraceae,species,SYNONYM,invasive,terrestrial,CL,present,alien,Carduus pycnocephalus,True,3114667,EXACT,99,Carduus pycnocephalus L.
2073,2073,Carthamus lanatus Forssk.,,Plantae,Tracheophyta,Magnoliopsida,Asterales,Asteraceae,species,ACCEPTED,invasive,terrestrial,CL,present,alien,Carthamus lanatus,True,3138230,EXACT,100,Carthamus lanatus L.
2074,2074,Carthamus tinctorius L.,,Plantae,Tracheophyta,Magnoliopsida,Asterales,Asteraceae,species,DOUBTFUL,,terrestrial,CL,present,alien,Carthamus tinctorius,False,3138327,EXACT,100,Carthamus tinctorius L.
2075,2075,"Castor canadensis Kuhl, 1820",,Animalia,Chordata,Mammalia,Rodentia,Castoridae,species,ACCEPTED,invasive,terrestrial|freshwater,CL,present,alien,Castor canadensis,True,2439838,EXACT,100,"Castor canadensis Kuhl, 1820"
2076,2076,Casuarina equisetifolia L.,,Plantae,Tracheophyta,Magnoliopsida,Fagales,Casuarinaceae,species,ACCEPTED,,terrestrial,CL,present,alien,Casuarina equisetifolia,False,2891930,EXACT,99,Casuarina equisetifolia L.
2077,2077,Catabrosa aquatica (L.) P.Beauv.,,Plantae,Tracheophyta,Liliopsida,Poales,Poaceae,species,ACCEPTED,,terrestrial,CL,present,alien,Catabrosa aquatica,False,2705315,EXACT,99,Catabrosa aquatica (L.) P.Beauv.
2078,2078,Catapodium rigidum (L.) C.E.Hubb.,,Plantae,Tracheophyta,Liliopsida,Poales,Poaceae,species,ACCEPTED,,terrestrial,CL,present,alien,Catapodium rigidum,False,2705228,EXACT,99,Catapodium rigidum (L.) C.E.Hubb.
2079,2079,Cenchrus echinatus L.,,Plantae,Tracheophyta,Magnoliopsida,Poales,Poaceae,species,ACCEPTED,,terrestrial,CL,present,alien,Cenchrus echinatus,False,5289739,EXACT,99,Cenchrus echinatus L.
2080,2080,Cenchrus myosuroides Kunth,,Plantae,Tracheophyta,Magnoliopsida,Poales,Poaceae,species,ACCEPTED,invasive,terrestrial,CL,present,alien,Cenchrus myosuroides,True,5289732,EXACT,100,Cenchrus myosuroides Kunth
2081,2081,Cenchrus pauciflorus Benth.,Cenchrus spinifex Cav.,Plantae,Tracheophyta,Magnoliopsida,Poales,Poaceae,species,SYNONYM,invasive,terrestrial,CL,present,alien,Cenchrus pauciflorus,True,5289726,EXACT,100,Cenchrus pauciflorus Benth.
2082,2082,Centaurea calcitrapa L.,,Plantae,Tracheophyta,Magnoliopsida,Asterales,Asteraceae,species,DOUBTFUL,invasive,terrestrial,CL,present,alien,Centaurea calcitrapa,True,3128483,EXACT,99,Centaurea calcitrapa L.
2083,2083,Centaurea cyanus L.,Cyanus segetum Hill,Plantae,Tracheophyta,Magnoliopsida,Asterales,Asteraceae,species,SYNONYM,,terrestrial,CL,present,alien,Centaurea cyanus,False,3089561,EXACT,100,Centaurea cyanus L.
2084,2084,Centaurea jacea,,Plantae,Tracheophyta,Magnoliopsida,Asterales,Asteraceae,species,ACCEPTED,invasive,terrestrial,CL,present,alien,Centaurea jacea,True,3128547,EXACT,100,Centaurea jacea L.
2085,2085,Centaurea melitensis L.,,Plantae,Tracheophyta,Magnoliopsida,Asterales,Asteraceae,species,DOUBTFUL,invasive,terrestrial,CL,present,alien,Centaurea melitensis,True,3128091,EXACT,100,Centaurea melitensis L.
2086,2086,Centaurea nigra,,Plantae,Tracheophyta,Magnoliopsida,Asterales,Asteraceae,species,ACCEPTED,invasive,terrestrial,CL,present,alien,Centaurea nigra,True,3128225,EXACT,99,Centaurea nigra L.
2087,2087,Centaurea solstitialis L.,,Plantae,Tracheophyta,Magnoliopsida,Asterales,Asteraceae,species,DOUBTFUL,invasive,terrestrial,CL,present,alien,Centaurea solstitialis,True,3128888,EXACT,99,Centaurea solstitialis L.
2088,2088,Centaurium erythraea Rafn,,Plantae,Tracheophyta,Magnoliopsida,Gentianales,Gentianaceae,species,ACCEPTED,,terrestrial,CL,present,alien,Centaurium erythraea,False,5414457,EXACT,99,Centaurium erythraea Rafn
2089,2089,Centaurium littorale (Turner) Gilmour,,Plantae,Tracheophyta,Magnoliopsida,Gentianales,Gentianaceae,species,ACCEPTED,,terrestrial,CL,present,alien,Centaurium littorale,False,5414469,EXACT,100,Centaurium littorale (Turner) Gilmour
2090,2090,Centaurium pulchellum (Sw.) Druce,,Plantae,Tracheophyta,Magnoliopsida,Gentianales,Gentianaceae,species,ACCEPTED,,terrestrial,CL,present,alien,Centaurium pulchellum,False,7439391,EXACT,99,Centaurium pulchellum (Sw.) Druce
2091,2091,Centunculus minimus L.,Anagallis minima (L.) E. H. L. Krause,Plantae,Tracheophyta,Magnoliopsida,Ericales,Primulaceae,species,SYNONYM,,terrestrial,CL,present,alien,Centunculus minimus,False,7939955,EXACT,99,Centunculus minimus L.
2092,2092,Cerastium arvense L.,,Plantae,Tracheophyta,Magnoliopsida,Caryophyllales,Caryophyllaceae,species,ACCEPTED,invasive,terrestrial,CL,present,alien,Cerastium arvense,True,3085433,EXACT,99,Cerastium arvense L.
2093,2093,Cerastium fontanum Baumg.,,Plantae,Tracheophyta,Magnoliopsida,Caryophyllales,Caryophyllaceae,species,ACCEPTED,,terrestrial,CL,present,alien,Cerastium fontanum,False,3085458,EXACT,100,Cerastium fontanum Baumg.
2094,2094,Cerastium glomeratum Thuill.,,Plantae,Tracheophyta,Magnoliopsida,Caryophyllales,Caryophyllaceae,species,ACCEPTED,invasive,terrestrial,CL,present,alien,Cerastium glomeratum,True,3085440,EXACT,100,Cerastium glomeratum Thuill.
2095,2095,"Ceratitis capitata (Wiedemann, 1824)",,Animalia,Arthropoda,Insecta,Diptera,Tephritidae,species,ACCEPTED,,terrestrial,CL,present,alien,Ceratitis capitata,False,1626096,EXACT,100,"Ceratitis capitata (Wiedemann, 1824)"
2096,2096,"Cervus elaphus subsp. bactrianus Lydekker, 1900","Cervus elaphus Linnaeus, 1758",Animalia,Chordata,Mammalia,Artiodactyla,Cervidae,subspecies,SYNONYM,invasive,terrestrial,CL,present,alien,Cervus elaphus,True,2440958,EXACT,100,"Cervus elaphus Linnaeus, 1758"
2097,2097,Chamaemelum mixtum (L.) All.,Cladanthus mixtus (L.) Oberpr. & Vogt,Plantae,Tracheophyta,Magnoliopsida,Asterales,Asteraceae,species,SYNONYM,invasive,terrestrial,CL,present,alien,Chamaemelum mixtum,True,3110767,EXACT,100,Chamaemelum mixtum (L.) All.
2098,2098,Chamomilla recutita (L.) Rauschert,Chamomilla chamomilla (L.) Rydb.,Plantae,Tracheophyta,Magnoliopsida,Asterales,Asteraceae,species,HETEROTYPIC_SYNONYM,invasive,terrestrial,CL,present,alien,Chamomilla recutita,True,8370958,EXACT,100,Chamomilla recutita (L.) Rauschert
2099,2099,Chamomilla suaveolens (Pursh) Rydb.,Matricaria discoidea DC.,Plantae,Tracheophyta,Magnoliopsida,Asterales,Asteraceae,species,SYNONYM,invasive,terrestrial,CL,present,alien,Chamomilla suaveolens,True,3103791,EXACT,100,Chamomilla suaveolens (Pursh) Rydb.
2100,2100,"Cheirodon interruptus (Jenyns, 1842)",,Animalia,Chordata,Actinopterygii,Characiformes,Characidae,species,ACCEPTED,,freshwater,CL,present,alien,Cheirodon interruptus,False,2353776,EXACT,100,"Cheirodon interruptus (Jenyns, 1842)"
2101,2101,Chenopodium album L.,,Plantae,Tracheophyta,Magnoliopsida,Caryophyllales,Chenopodiaceae,species,ACCEPTED,invasive,terrestrial,CL,present,alien,Chenopodium album,True,3083838,EXACT,99,Chenopodium album L.
2103,2103,Chenopodium carnosulum Moq.,,Plantae,Tracheophyta,Magnoliopsida,Caryophyllales,Chenopodiaceae,species,ACCEPTED,,terrestrial,CL,present,alien,Chenopodium carnosulum,False,6447554,EXACT,100,Chenopodium carnosulum Moq.
2104,2104,Chenopodium ficifolium Sm.,,Plantae,Tracheophyta,Magnoliopsida,Caryophyllales,Chenopodiaceae,species,ACCEPTED,invasive,terrestrial,CL,present,alien,Chenopodium ficifolium,True,3083862,EXACT,99,Chenopodium ficifolium Sm.
2105,2105,Chenopodium glaucum L.,,Plantae,Tracheophyta,Magnoliopsida,Caryophyllales,Chenopodiaceae,species,ACCEPTED,invasive,terrestrial,CL,present,alien,Chenopodium glaucum,True,8290282,EXACT,100,Chenopodium glaucum L.
2106,2106,Chenopodium hircinum Schrad.,,Plantae,Tracheophyta,Magnoliopsida,Caryophyllales,Chenopodiaceae,species,ACCEPTED,invasive,terrestrial,CL,present,alien,Chenopodium hircinum,True,3083934,EXACT,99,Chenopodium hircinum Schrad.
2107,2107,Chenopodium multifidum L.,Dysphania multifida (L.) Mosyakin & Clemants,Plantae,Tracheophyta,Magnoliopsida,Caryophyllales,Chenopodiaceae,species,SYNONYM,invasive,terrestrial,CL,present,alien,Chenopodium multifidum,True,5568361,EXACT,100,Chenopodium multifidum L.
2108,2108,Chenopodium murale L.,,Plantae,Tracheophyta,Liliopsida,Caryophyllales,Chenopodiaceae,species,ACCEPTED,invasive,terrestrial,CL,present,alien,Chenopodium murale,True,8149099,EXACT,100,Chenopodium murale L.
2109,2109,Chenopodium vulvaria L.,,Plantae,Tracheophyta,Magnoliopsida,Caryophyllales,Chenopodiaceae,species,ACCEPTED,invasive,terrestrial,CL,present,alien,Chenopodium vulvaria,True,3083932,EXACT,100,Chenopodium vulvaria L.
2110,2110,Chloris gayana Kunth,,Plantae,Tracheophyta,Liliopsida,Poales,Poaceae,species,ACCEPTED,,terrestrial,CL,present,alien,Chloris gayana,False,5289618,EXACT,100,Chloris gayana Kunth
2111,2111,Chloris radiata (L.) Sw.,,Plantae,Tracheophyta,Liliopsida,Poales,Poaceae,species,ACCEPTED,invasive,terrestrial,CL,present,alien,Chloris radiata,True,5289619,EXACT,99,Chloris radiata (L.) Sw.
2112,2112,Chloris virgata Sw.,,Plantae,Tracheophyta,Liliopsida,Poales,Poaceae,species,ACCEPTED,invasive,terrestrial,CL,present,alien,Chloris virgata,True,5289624,EXACT,99,Chloris virgata Sw.
2113,2113,Chorispora tenella (Pall.) DC.,,Plantae,Tracheophyta,Magnoliopsida,Brassicales,Brassicaceae,species,ACCEPTED,invasive,terrestrial,CL,present,alien,Chorispora tenella,True,3044349,EXACT,100,Chorispora tenella (Pall.) DC.
2114,2114,Chrysanthemoides monilifera (L.) Norl.,,Plantae,Tracheophyta,Magnoliopsida,Asterales,Asteraceae,species,DOUBTFUL,,terrestrial,CL,present,alien,Chrysanthemoides monilifera,False,4252828,EXACT,100,Chrysanthemoides monilifera (L.) Norl.
2115,2115,Chrysanthemum coronarium L.,Glebionis coronaria (L.) Tzvelev,Plantae,Tracheophyta,Magnoliopsida,Asterales,Asteraceae,species,SYNONYM,invasive,terrestrial,CL,present,alien,Chrysanthemum coronarium,True,7627205,EXACT,100,Chrysanthemum coronarium L.
2116,2116,Chrysanthemum segetum L.,Glebionis segetum (L.) Fourr.,Plantae,Tracheophyta,Magnoliopsida,Asterales,Asteraceae,species,SYNONYM,invasive,terrestrial,CL,present,alien,Chrysanthemum segetum,True,7638492,EXACT,99,"Chrysanthemum segetum Forssk. ex DC., 1838"
2117,2117,"Cichlasoma facetum (Jenyns, 1842)","Australoheros angiru Rícan, Piálek, Almirón & Casciotta, 2011",Animalia,Chordata,Actinopterygii,Perciformes,Cichlidae,species,SPECIES PROPARTE SYNONYM,invasive,freshwater,CL,present,alien,Cichlasoma facetum,True,2370771,EXACT,100,"Cichlasoma facetum (Jenyns, 1842)"
2118,2118,Cichorium intybus L.,,Plantae,Tracheophyta,Magnoliopsida,Asterales,Asteraceae,species,DOUBTFUL,invasive,terrestrial,CL,present,alien,Cichorium intybus,True,5392252,EXACT,100,Cichorium intybus L.
2119,2119,"Cinara cupressi (Buckton, 1881)",,Animalia,Arthropoda,Insecta,Hemiptera,Aphididae,species,ACCEPTED,invasive,host,CL,present,alien,Cinara cupressi,True,2073544,EXACT,100,"Cinara cupressi (Buckton, 1881)"
2120,2120,"Ciona intestinalis (Linnaeus, 1767)",,Animalia,Chordata,Ascidiacea,Enterogona,Cionidae,species,ACCEPTED,invasive,marine,CL,present,alien,Ciona intestinalis,True,2329622,EXACT,100,"Ciona intestinalis (Linnaeus, 1767)"
2121,2121,Cirsium arvense (L.) Scop.,Filago arvensis L.,Plantae,Tracheophyta,Magnoliopsida,Asterales,Asteraceae,species,HETEROTYPIC_SYNONYM,invasive,terrestrial,CL,present,alien,Cirsium arvense,True,3113414,EXACT,100,Cirsium arvense (L.) Scop.
2122,2122,Cirsium vulgare (Savi) Petr.,,Plantae,Tracheophyta,Magnoliopsida,Asterales,Asteraceae,species,ACCEPTED,invasive,terrestrial,CL,present,alien,Cirsium vulgare,True,3112801,EXACT,99,Cirsium vulgare (Savi) Ten.
2123,2123,Clematis bonariensis Juss. ex DC.,,Plantae,Tracheophyta,Magnoliopsida,Ranunculales,Ranunculaceae,species,ACCEPTED,,terrestrial,CL,present,alien,Clematis bonariensis,False,3923676,EXACT,99,Clematis bonariensis Juss. ex DC.
2124,2124,Clematis montevidensis Spreng.,,Plantae,Tracheophyta,Magnoliopsida,Ranunculales,Ranunculaceae,species,ACCEPTED,,terrestrial,CL,present,alien,Clematis montevidensis,False,7278116,EXACT,100,Clematis montevidensis Spreng.
2125,2125,"Cnesterodon decemmaculatus (Jenyns, 1842)",,Animalia,Chordata,Actinopterygii,Cyprinodontiformes,Poeciliidae,species,ACCEPTED,,freshwater|brackish,CL,present,alien,Cnesterodon decemmaculatus,False,2350394,EXACT,100,"Cnesterodon decemmaculatus (Jenyns, 1842)"
2126,2126,Cnicus benedictus L.,Centaurea benedicta (L.) L.,Plantae,Tracheophyta,Magnoliopsida,Asterales,Asteraceae,species,SYNONYM,invasive,terrestrial,CL,present,alien,Cnicus benedictus,True,3127691,EXACT,100,Cnicus benedictus L.
2127,2127,Coleostephus myconis (L.) Cass.,Coleostephus myconis (L.) Cass.,Plantae,Tracheophyta,Magnoliopsida,Asterales,Asteraceae,species,HETEROTYPIC_SYNONYM,,terrestrial,CL,present,alien,Coleostephus myconis,False,3092083,EXACT,99,Coleostephus myconis (L.) Rchb.fil.
2128,2128,"Columba livia Gmelin, 1789",,Animalia,Chordata,Aves,Columbiformes,Columbidae,species,ACCEPTED,,terrestrial,CL,present,alien,Columba livia,False,2495414,EXACT,100,"Columba livia J.F.Gmelin, 1789"
2129,2129,Conium maculatum Linnaeus,,Plantae,Tracheophyta,Magnoliopsida,Apiales,Apiaceae,species,ACCEPTED,,terrestrial,CL,present,alien,Conium maculatum,False,3034807,EXACT,100,Conium maculatum L.
2130,2130,Convolvulus arvensis L.,,Plantae,Tracheophyta,Magnoliopsida,Solanales,Convolvulaceae,species,ACCEPTED,,terrestrial,CL,present,alien,Convolvulus arvensis,False,2928390,EXACT,100,Convolvulus arvensis L.
2131,2131,"Cordylophora caspia (Pallas, 1771)",,Animalia,Cnidaria,Hydrozoa,Anthoathecata,Cordylophoridae,species,ACCEPTED,,freshwater|brackish,CL,present,alien,Cordylophora caspia,False,2266009,EXACT,100,"Cordylophora caspia (Pallas, 1771)"
2132,2132,"Coregonus clupeaformis (Mitchill, 1818)",,Animalia,Chordata,Actinopterygii,Salmoniformes,Salmonidae,species,ACCEPTED,,freshwater|brackish|marine,CL,present,alien,Coregonus clupeaformis,False,2351119,EXACT,100,"Coregonus clupeaformis (Mitchill, 1818)"
2133,2133,Coriandrum sativum L.,,Plantae,Tracheophyta,Magnoliopsida,Apiales,Apiaceae,species,ACCEPTED,,terrestrial,CL,present,alien,Coriandrum sativum,False,3034871,EXACT,100,Coriandrum sativum L.
2134,2134,"Cornu aspersum (O. F. Müller, 1774)","Helix aspersa Müller, 1774",Animalia,Mollusca,Gastropoda,Stylommatophora,Helicidae,species,HOMOTYPIC_SYNONYM,invasive,terrestrial,CL,present,alien,Cornu aspersum,True,5858758,EXACT,100,"Cornu aspersum (O.F.Müller, 1774)"
2135,2135,Cotula australis (Sieber) Hook. f.,Anacyclus australis Sieber ex Spreng.,Plantae,Tracheophyta,Magnoliopsida,Asterales,Asteraceae,species,HOMOTYPIC_SYNONYM,,terrestrial,CL,present,alien,Cotula australis,False,8542672,EXACT,100,Cotula australis (Sieber ex Spreng.) Hook.fil.
2136,2136,Cotula coronopifolia L.,,Plantae,Tracheophyta,Magnoliopsida,Asterales,Asteraceae,species,DOUBTFUL,,terrestrial,CL,present,alien,Cotula coronopifolia,False,3112110,EXACT,100,Cotula coronopifolia L.
2137,2137,"Craspedacusta sowerbii Lankester, 1880",,Animalia,Cnidaria,Hydrozoa,Limnomedusae,Olindiidae,species,ACCEPTED,,freshwater,CL,present,alien,Craspedacusta sowerbii,False,4408321,EXACT,100,"Craspedacusta sowerbii Lankester, 1880"
2138,2138,"Crassostrea gigas (Thunberg, 1793)",,Animalia,Mollusca,Bivalvia,Ostreoida,Ostreidae,species,ACCEPTED,invasive,marine,CL,present,alien,Crassostrea gigas,True,7820753,EXACT,100,"Crassostrea gigas (Thunberg, 1793)"
2139,2139,Crassula tillaea Lester-Garland,,Plantae,Tracheophyta,Magnoliopsida,Saxifragales,Crassulaceae,species,ACCEPTED,,terrestrial,CL,present,alien,Crassula tillaea,False,5362055,EXACT,99,Crassula tillaea Lest.-Garl.
2140,2140,Crepis capillaris (L.) Wallr.,,Plantae,Tracheophyta,Magnoliopsida,Asterales,Asteraceae,species,DOUBTFUL,,terrestrial,CL,present,alien,Crepis capillaris,False,5403304,EXACT,100,Crepis capillaris (L.) Wallr.
2141,2141,Crepis pulchra Scop.,Crepis pulchra Scop.,Plantae,Tracheophyta,Magnoliopsida,Asterales,Asteraceae,species,HOMOTYPIC_SYNONYM,,terrestrial,CL,present,alien,Crepis pulchra,False,5403272,EXACT,99,Crepis pulchra L.
2142,2142,Crepis setosa Haller f.,,Plantae,Tracheophyta,Magnoliopsida,Asterales,Asteraceae,species,DOUBTFUL,,terrestrial,CL,present,alien,Crepis setosa,False,4245384,EXACT,100,Crepis setosa Haller fil.
2143,2143,Crepis vesicaria subsp. taraxacifolia (Thuill.) Thell. ex Schinz & R. Keller,,Plantae,Tracheophyta,Magnoliopsida,Asterales,Asteraceae,subspecies,ACCEPTED,,terrestrial,CL,present,alien,Crepis vesicaria,False,5403709,EXACT,99,Crepis vesicaria L.
2144,2144,Crocosmia crocosmiiflora (Lemoine) N.E.Br.,,Plantae,Tracheophyta,Liliopsida,Asparagales,Iridaceae,species,ACCEPTED,,terrestrial,CL,present,alien,Crocosmia crocosmiiflora,False,2747939,EXACT,100,Crocosmia × crocosmiiflora (Lemoine) N.E.Br.
2145,2145,Crotalaria incana L.,,Plantae,Tracheophyta,Magnoliopsida,Fabales,Fabaceae,species,ACCEPTED,,terrestrial,CL,present,alien,Crotalaria incana,False,2942375,EXACT,100,Crotalaria incana L.
2146,2146,Croton setiger Hook.,,Plantae,Tracheophyta,Magnoliopsida,Malpighiales,Euphorbiaceae,species,ACCEPTED,,terrestrial,CL,present,alien,Croton setiger,False,4930695,EXACT,100,Croton setiger Hook.
2147,2147,"Ctenopharyngodon idella (Valenciennes, 1844)",,Animalia,Chordata,Actinopterygii,Cypriniformes,Cyprinidae,species,ACCEPTED,,freshwater,CL,present,alien,Ctenopharyngodon idella,False,2362030,EXACT,100,"Ctenopharyngodon idella (Valenciennes, 1844)"
2148,2148,"Culex quinquefasciatus Say, 1823",,Animalia,Arthropoda,Insecta,Diptera,Culicidae,species,ACCEPTED,,terrestrial|freshwater,CL,present,alien,Culex quinquefasciatus,False,1652950,EXACT,100,"Culex quinquefasciatus Say, 1823"
2149,2149,"Cymbalaria muralis P. Gaertn., B. Mey. & Scherb.",,Plantae,Tracheophyta,Magnoliopsida,Lamiales,Plantaginaceae,species,ACCEPTED,,terrestrial,CL,present,alien,Cymbalaria muralis,False,8200663,EXACT,100,"Cymbalaria muralis G.Gaertn., B.Mey. & Scherb."
2150,2150,Cynara cardunculus L.,,Plantae,Tracheophyta,Magnoliopsida,Asterales,Asteraceae,species,DOUBTFUL,,terrestrial,CL,present,alien,Cynara cardunculus,False,3112364,EXACT,100,Cynara cardunculus L.
2151,2151,Cynodon dactylon (L.) Pers.,,Plantae,Tracheophyta,Liliopsida,Poales,Poaceae,species,ACCEPTED,invasive,terrestrial,CL,present,alien,Cynodon dactylon,True,6109637,EXACT,100,Cynodon dactylon (L.) Pers.
2152,2152,Cynoglossum creticum Mill.,,Plantae,Tracheophyta,Magnoliopsida,Boraginales,Boraginaceae,species,ACCEPTED,,terrestrial,CL,present,alien,Cynoglossum creticum,False,4064467,EXACT,100,Cynoglossum creticum Mill.
2153,2153,Cynoglossum limense Willd.,,Plantae,Tracheophyta,Magnoliopsida,Boraginales,Boraginaceae,species,ACCEPTED,,terrestrial,CL,present,alien,Cynoglossum limense,False,9324713,EXACT,100,Cynoglossum limense Willd.
2154,2154,Cynoglossum zeylanicum (Vahl) Thunb. ex Lehm.,,Plantae,Tracheophyta,Magnoliopsida,Boraginales,Boraginaceae,species,ACCEPTED,,terrestrial,CL,present,alien,Cynoglossum zeylanicum,False,2925813,EXACT,99,Cynoglossum zeylanicum (Vahl) Thunb. ex Lehm.
2155,2155,Cynosurus cristatus L.,,Plantae,Tracheophyta,Liliopsida,Poales,Poaceae,species,ACCEPTED,,terrestrial,CL,present,alien,Cynosurus cristatus,False,2704395,EXACT,100,Cynosurus cristatus L.
2156,2156,Cynosurus echinatus L.,,Plantae,Tracheophyta,Liliopsida,Poales,Poaceae,species,ACCEPTED,,terrestrial,CL,present,alien,Cynosurus echinatus,False,2704394,EXACT,100,Cynosurus echinatus L.
2157,2157,Cyperus alternifolius L.,,Plantae,Tracheophyta,Liliopsida,Poales,Cyperaceae,species,ACCEPTED,,terrestrial|freshwater,CL,present,alien,Cyperus alternifolius,False,2714156,EXACT,99,Cyperus alternifolius L.
2158,2158,Cyperus articulatus L.,,Plantae,Tracheophyta,Liliopsida,Poales,Cyperaceae,species,ACCEPTED,,terrestrial|freshwater,CL,present,alien,Cyperus articulatus,False,2713638,EXACT,99,Cyperus articulatus L.
2159,2159,Cyperus difformis L.,,Plantae,Tracheophyta,Liliopsida,Poales,Cyperaceae,species,ACCEPTED,,terrestrial|freshwater,CL,present,alien,Cyperus difformis,False,2714796,EXACT,99,Cyperus difformis L.
2160,2160,Cyperus eragrostis Lam.,,Plantae,Tracheophyta,Liliopsida,Poales,Cyperaceae,species,ACCEPTED,,terrestrial|freshwater,CL,present,alien,Cyperus eragrostis,False,2715482,EXACT,99,Cyperus eragrostis Lam.
2161,2161,Cyperus haspan L.,,Plantae,Tracheophyta,Liliopsida,Poales,Cyperaceae,species,ACCEPTED,,terrestrial|freshwater,CL,present,alien,Cyperus haspan,False,2715828,EXACT,99,Cyperus haspan L.
2163,2163,Cyperus laevigatus L.,,Plantae,Tracheophyta,Liliopsida,Poales,Cyperaceae,species,ACCEPTED,,terrestrial|freshwater,CL,present,alien,Cyperus laevigatus,False,2713559,EXACT,99,Cyperus laevigatus L.
2164,2164,Cyperus odoratus L.,,Plantae,Tracheophyta,Liliopsida,Poales,Cyperaceae,species,ACCEPTED,,terrestrial|freshwater,CL,present,alien,Cyperus odoratus,False,2715219,EXACT,99,Cyperus odoratus L.
2165,2165,Cyperus rotundus L.,,Plantae,Tracheophyta,Liliopsida,Poales,Cyperaceae,species,ACCEPTED,invasive,terrestrial|freshwater,CL,present,alien,Cyperus rotundus,True,2714818,EXACT,99,Cyperus rotundus L.
2166,2166,Cyperus squarrosus L.,,Plantae,Tracheophyta,Liliopsida,Poales,Cyperaceae,species,ACCEPTED,,terrestrial|freshwater,CL,present,alien,Cyperus squarrosus,False,2714313,EXACT,99,Cyperus squarrosus L.
2167,2167,"Cyprinus carpio subsp. specularis Lacepède, 1803","Cyprinus carpio Linnaeus, 1758",Animalia,Chordata,Actinopterygii,Cypriniformes,Cyprinidae,subspecies,SYNONYM,invasive,freshwater,CL,present,alien,Cyprinus carpio,True,4286975,EXACT,100,"Cyprinus carpio Linnaeus, 1758"
2168,2168,Cytisus scoparius (L.) Link,,Plantae,Tracheophyta,Magnoliopsida,Fabales,Fabaceae,species,ACCEPTED,invasive,terrestrial,CL,present,alien,Cytisus scoparius,True,5354656,EXACT,100,Cytisus scoparius (L.) Link
2169,2169,Cytisus striatus (Hill) Rothm.,,Plantae,Tracheophyta,Magnoliopsida,Fabales,Fabaceae,species,ACCEPTED,,terrestrial,CL,present,alien,Cytisus striatus,False,5354707,EXACT,100,Cytisus striatus (Hill) Rothm.
2170,2170,Dactylis glomerata L.,,Plantae,Tracheophyta,Liliopsida,Poales,Poaceae,species,ACCEPTED,,terrestrial,CL,present,alien,Dactylis glomerata,False,2705308,EXACT,100,Dactylis glomerata L.
2171,2171,"Dama dama (Linnaeus, 1758)",,Animalia,Chordata,Mammalia,Artiodactyla,Cervidae,species,ACCEPTED,,terrestrial,CL,present,alien,Dama dama,False,5220136,EXACT,100,"Dama dama (Linnaeus, 1758)"
2172,2172,Datura ferox L.,,Plantae,Tracheophyta,Magnoliopsida,Solanales,Solanaceae,species,ACCEPTED,,terrestrial,CL,present,alien,Datura ferox,False,7894250,EXACT,99,Datura ferox L.
2173,2173,Datura innoxia P. Miller,,Plantae,Tracheophyta,Magnoliopsida,Solanales,Solanaceae,species,ACCEPTED,,terrestrial,CL,present,alien,Datura innoxia,False,2928755,EXACT,100,Datura innoxia Mill.
2174,2174,Datura stramonium L.,,Plantae,Tracheophyta,Magnoliopsida,Solanales,Solanaceae,species,ACCEPTED,,terrestrial,CL,present,alien,Datura stramonium,False,2928751,EXACT,99,Datura stramonium L.
2175,2175,Daucus carota L.,,Plantae,Tracheophyta,Magnoliopsida,Apiales,Apiaceae,species,ACCEPTED,,terrestrial,CL,present,alien,Daucus carota,False,3034742,EXACT,99,Daucus carota L.
2176,2176,Daucus pusillus Michx.,,Plantae,Tracheophyta,Magnoliopsida,Apiales,Apiaceae,species,ACCEPTED,,terrestrial,CL,present,alien,Daucus pusillus,False,3034741,EXACT,100,Daucus pusillus Michx.
2177,2177,"Dendrobaena octaedra (Savigny, 1826) Savigny, 1826",,Animalia,Annelida,Clitellata,Crassiclitellata,Lumbricidae,species,ACCEPTED,,terrestrial,CL,present,alien,Dendrobaena octaedra,False,7772922,EXACT,100,"Dendrobaena octaedra (Savigny, 1826)"
2178,2178,"Dendrodrilus rubidus (Savigny, 1826) Savigny, 1826",,Animalia,Annelida,Clitellata,Crassiclitellata,Lumbricidae,species,ACCEPTED,,terrestrial,CL,present,alien,Dendrodrilus rubidus,False,9715336,EXACT,100,"Dendrodrilus rubidus (Savigny, 1826)"
2179,2179,Deschampsia setacea (Huds.) Hack.,,Plantae,Tracheophyta,Liliopsida,Poales,Poaceae,species,ACCEPTED,,terrestrial,CL,present,alien,Deschampsia setacea,False,4142609,EXACT,99,Deschampsia setacea (Huds.) Hack.
2180,2180,Descurainia sophia (L.) Webb ex Prantl,,Plantae,Tracheophyta,Magnoliopsida,Brassicales,Brassicaceae,species,ACCEPTED,,terrestrial,CL,present,alien,Descurainia sophia,False,3044318,EXACT,99,Descurainia sophia (L.) Webb ex Prantl
2181,2181,Dianthus armeria L.,,Plantae,Tracheophyta,Magnoliopsida,Caryophyllales,Caryophyllaceae,species,ACCEPTED,,terrestrial,CL,present,alien,Dianthus armeria,False,3085413,EXACT,100,Dianthus armeria L.
2182,2182,Digitalis purpurea L.,,Plantae,Tracheophyta,Magnoliopsida,Lamiales,Plantaginaceae,species,ACCEPTED,,terrestrial,CL,present,alien,Digitalis purpurea,False,5414995,EXACT,100,Digitalis purpurea L.
2183,2183,Digitaria aequiglumis (Hack. & Arechav.) Parodi,,Plantae,Tracheophyta,Liliopsida,Poales,Poaceae,species,ACCEPTED,,terrestrial,CL,present,alien,Digitaria aequiglumis,False,5676646,EXACT,99,Digitaria aequiglumis (Hack. & Arechav.) Parodi
2184,2184,Digitaria ciliaris (Retz.) Koeler,,Plantae,Tracheophyta,Liliopsida,Poales,Poaceae,species,ACCEPTED,,terrestrial,CL,present,alien,Digitaria ciliaris,False,5289998,EXACT,99,Digitaria ciliaris (Retz.) Koeler
2185,2185,Digitaria ischaemum (Schreb.) Muhl.,,Plantae,Tracheophyta,Liliopsida,Poales,Poaceae,species,ACCEPTED,,terrestrial,CL,present,alien,Digitaria ischaemum,False,5290003,EXACT,99,Digitaria ischaemum (Schreb.) Muhl.
2186,2186,Digitaria sanguinalis (L.) Scop.,,Plantae,Tracheophyta,Liliopsida,Poales,Poaceae,species,ACCEPTED,invasive,terrestrial,CL,present,alien,Digitaria sanguinalis,True,5289972,EXACT,99,Digitaria sanguinalis (L.) Scop.
2187,2187,Digitaria setigera Roth,,Plantae,Tracheophyta,Liliopsida,Poales,Poaceae,species,ACCEPTED,,terrestrial,CL,present,alien,Digitaria setigera,False,5289961,EXACT,99,Digitaria setigera Roth
2188,2188,Digitaria violascens Link,,Plantae,Tracheophyta,Liliopsida,Poales,Poaceae,species,ACCEPTED,,terrestrial,CL,present,alien,Digitaria violascens,False,5289995,EXACT,100,Digitaria violascens Link
2189,2189,Diplotaxis muralis (L.) DC.,,Plantae,Tracheophyta,Magnoliopsida,Brassicales,Brassicaceae,species,ACCEPTED,,terrestrial,CL,present,alien,Diplotaxis muralis,False,5376337,EXACT,99,Diplotaxis muralis (L.) DC.
2190,2190,Dipsacus sativus (L.) Honckeny,,Plantae,Tracheophyta,Magnoliopsida,Dipsacales,Dipsacaceae,species,ACCEPTED,,terrestrial,CL,present,alien,Dipsacus sativus,False,2888816,EXACT,99,Dipsacus sativus (L.) Honck.
2192,2192,Draba verna L.,,Plantae,Tracheophyta,Magnoliopsida,Brassicales,Brassicaceae,species,ACCEPTED,,terrestrial,CL,present,alien,Draba verna,False,7473187,EXACT,100,Draba verna L.
2193,2193,Duchesnea indica (Jacks.) Focke,,Plantae,Tracheophyta,Magnoliopsida,Rosales,Rosaceae,species,ACCEPTED,,terrestrial,CL,present,alien,Duchesnea indica,False,5365717,EXACT,99,Duchesnea indica (Andrews) Focke
2194,2194,Echinochloa colona (L.) Link,,Plantae,Tracheophyta,Liliopsida,Poales,Poaceae,species,ACCEPTED,,terrestrial,CL,present,alien,Echinochloa colona,False,6431411,FUZZY,98,Echinochloa colonum (L.) Link
2195,2195,Echinochloa crus-galli var. crus-galli,Echinochloa crus-galli (L.) P.Beauv.,Plantae,Tracheophyta,Liliopsida,Poales,Poaceae,variety,SYNONYM,,terrestrial,CL,present,alien,Echinochloa crus-galli,False,2702808,EXACT,100,Echinochloa crus-galli (L.) P.Beauv.
2198,2198,Echinochloa crus-pavonis (Kunth) Schult.,,Plantae,Tracheophyta,Liliopsida,Poales,Poaceae,species,ACCEPTED,,terrestrial,CL,present,alien,Echinochloa crus-pavonis,False,2702804,EXACT,100,Echinochloa crus-pavonis (Kunth) Schult.
2199,2199,Echium plantagineum L.,,Plantae,Tracheophyta,Magnoliopsida,Boraginales,Boraginaceae,species,ACCEPTED,invasive,terrestrial,CL,present,alien,Echium plantagineum,True,2925895,EXACT,99,Echium plantagineum L.
2200,2200,Echium vulgare L.,,Plantae,Tracheophyta,Magnoliopsida,Boraginales,Boraginaceae,species,ACCEPTED,,terrestrial,CL,present,alien,Echium vulgare,False,2925892,EXACT,99,Echium vulgare L.
2201,2201,"Ectopleura crocea (Agassiz, 1862)",,Animalia,Cnidaria,Hydrozoa,Anthoathecata,Tubulariidae,species,ACCEPTED,,brackish|marine,CL,present,cryptogenic|uncertain,Ectopleura crocea,False,2265658,EXACT,100,"Ectopleura crocea (Agassiz, 1862)"
2202,2202,Egeria densa Planch.,,Plantae,Tracheophyta,Liliopsida,Alismatales,Hydrocharitaceae,species,ACCEPTED,invasive,freshwater,CL,present,alien,Egeria densa,True,5329263,EXACT,100,Egeria densa Planch.
2203,2203,Eichhornia crassipes (Mart.) Solms,,Plantae,Tracheophyta,Liliopsida,Commelinales,Pontederiaceae,species,ACCEPTED,,freshwater,CL,present,alien,Eichhornia crassipes,False,2765942,EXACT,100,Eichhornia crassipes (Mart.) Solms
2204,2204,Eleocharis montana (Kunth) Roem. & Schult.,,Plantae,Tracheophyta,Liliopsida,Poales,Cyperaceae,species,ACCEPTED,,terrestrial|freshwater,CL,present,alien,Eleocharis montana,False,2717236,EXACT,100,Eleocharis montana (Kunth) Roem. & Schult.
2205,2205,Eleocharis palustris (L.) Roem. & Schult.,,Plantae,Tracheophyta,Liliopsida,Poales,Cyperaceae,species,ACCEPTED,,terrestrial|freshwater,CL,present,alien,Eleocharis palustris,False,2717002,EXACT,99,Eleocharis palustris (L.) Roem. & Schult.
2206,2206,Elymus repens (L.) Gould,,Plantae,Tracheophyta,Liliopsida,Poales,Poaceae,species,ACCEPTED,,terrestrial,CL,present,alien,Elymus repens,False,5290299,EXACT,100,Elymus repens (L.) Gould
2207,2207,Emex spinosa (L.) Campd.,Rumex spinosus L.,Plantae,Tracheophyta,Magnoliopsida,Caryophyllales,Polygonaceae,species,SYNONYM,,terrestrial,CL,present,alien,Emex spinosa,False,2888870,EXACT,100,Emex spinosa (L.) Campd.
2208,2208,Epilobium obscurum Schreb.,,Plantae,Tracheophyta,Magnoliopsida,Myrtales,Onagraceae,species,ACCEPTED,,terrestrial,CL,present,alien,Epilobium obscurum,False,3189152,EXACT,99,Epilobium obscurum Schreb.
2209,2209,"Equus asinus Linnaeus, 1758",,Animalia,Chordata,Mammalia,Perissodactyla,Equidae,species,ACCEPTED,,terrestrial,CL,present,alien,Equus asinus,False,2440891,EXACT,100,"Equus asinus Linnaeus, 1758"
2210,2210,"Equus caballus Linnaeus, 1758",,Animalia,Chordata,Mammalia,Perissodactyla,Equidae,species,ACCEPTED,,terrestrial,CL,present,alien,Equus caballus,False,2440886,EXACT,100,"Equus caballus Linnaeus, 1758"
2211,2211,Eragrostis atrovirens (Desf.) Trin. ex Steud.,,Plantae,Tracheophyta,Liliopsida,Poales,Poaceae,species,ACCEPTED,,terrestrial,CL,present,alien,Eragrostis atrovirens,False,2705341,EXACT,99,Eragrostis atrovirens (Desf.) Trin. ex Steud.
2212,2212,Eragrostis curvula (Schrad.) Nees,,Plantae,Tracheophyta,Liliopsida,Poales,Poaceae,species,ACCEPTED,,terrestrial,CL,present,alien,Eragrostis curvula,False,2705378,EXACT,100,Eragrostis curvula (Schrad.) Nees
2213,2213,Eragrostis pilosa (L.) P.Beauv.,,Plantae,Tracheophyta,Liliopsida,Poales,Poaceae,species,ACCEPTED,,terrestrial,CL,present,alien,Eragrostis pilosa,False,2705400,EXACT,99,Eragrostis pilosa (L.) P.Beauv.
2214,2214,Eragrostis tenuifolia Hochst.,,Plantae,Tracheophyta,Liliopsida,Poales,Poaceae,species,ACCEPTED,,terrestrial,CL,present,alien,Eragrostis tenuifolia,False,2705397,EXACT,99,Eragrostis tenuifolia (A.Rich.) Hochst. ex Steud.
2215,2215,Erigeron karvinskianus DC.,,Plantae,Tracheophyta,Magnoliopsida,Asterales,Asteraceae,species,DOUBTFUL,invasive,terrestrial,CL,present,alien,Erigeron karvinskianus,True,3147168,EXACT,99,Erigeron karvinskianus DC.
2216,2216,Eriochloa montevidensis Griseb.,,Plantae,Tracheophyta,Liliopsida,Poales,Poaceae,species,ACCEPTED,,terrestrial,CL,present,alien,Eriochloa montevidensis,False,4134192,EXACT,100,Eriochloa montevidensis Griseb.
2217,2217,Erodium botrys (Cav.) Bertol.,,Plantae,Tracheophyta,Magnoliopsida,Geraniales,Geraniaceae,species,ACCEPTED,,terrestrial,CL,present,alien,Erodium botrys,False,2891628,EXACT,99,Erodium botrys (Cav.) Bertol.
2218,2218,Erodium cicutarium Lange,,Plantae,Tracheophyta,Magnoliopsida,Geraniales,Geraniaceae,species,ACCEPTED,,terrestrial,CL,present,alien,Erodium cicutarium,False,9485490,EXACT,99,Erodium cicutarium (L.) L'Hér.
2219,2219,Erodium malacoides var. malacoides,Erodium malacoides (L.) Willd.,Plantae,Tracheophyta,Magnoliopsida,Geraniales,Geraniaceae,variety,SYNONYM,,terrestrial,CL,present,alien,Erodium malacoides,False,9297163,EXACT,99,Erodium malacoides (L.) L'Hér.
2221,2221,Erodium moschatum,,Plantae,Tracheophyta,Magnoliopsida,Geraniales,Geraniaceae,species,ACCEPTED,,terrestrial,CL,present,alien,Erodium moschatum,False,9419993,EXACT,99,Erodium moschatum (L.) L'Hér.
2222,2222,Eruca vesicaria (L.) Cav.,,Plantae,Tracheophyta,Magnoliopsida,Brassicales,Brassicaceae,species,ACCEPTED,,terrestrial,CL,present,alien,Eruca vesicaria,False,5375920,EXACT,100,Eruca vesicaria (L.) Cav.
2223,2223,Eschscholzia californica Cham.,,Plantae,Tracheophyta,Magnoliopsida,Ranunculales,Papaveraceae,species,ACCEPTED,invasive,terrestrial,CL,present,alien,Eschscholzia californica,True,2888380,EXACT,99,Eschscholzia californica Cham.
2224,2224,Eucalyptus camaldulensis Dehnh.,,Plantae,Tracheophyta,Magnoliopsida,Myrtales,Myrtaceae,species,ACCEPTED,,terrestrial,CL,present,alien,Eucalyptus camaldulensis,False,11869920,EXACT,99,Eucalyptus camaldulensis Denham
2225,2225,Eucalyptus globulus Labill.,,Plantae,Tracheophyta,Magnoliopsida,Myrtales,Myrtaceae,species,ACCEPTED,invasive,terrestrial,CL,present,alien,Eucalyptus globulus,True,3176787,EXACT,100,Eucalyptus globulus Labill.
2226,2226,Euphorbia cyathophora Murray,Euphorbia heterophylla L.,Plantae,Tracheophyta,Magnoliopsida,Malpighiales,Euphorbiaceae,species,SYNONYM,,terrestrial,CL,present,alien,Euphorbia cyathophora,False,3064495,EXACT,100,Euphorbia cyathophora Murray
2227,2227,Euphorbia falcata L.,,Plantae,Tracheophyta,Magnoliopsida,Malpighiales,Euphorbiaceae,species,ACCEPTED,,terrestrial,CL,present,alien,Euphorbia falcata,False,3068845,EXACT,100,Euphorbia falcata L.
2228,2228,Euphorbia helioscopia L.,,Plantae,Tracheophyta,Magnoliopsida,Malpighiales,Euphorbiaceae,species,ACCEPTED,,terrestrial,CL,present,alien,Euphorbia helioscopia,False,3066367,EXACT,99,Euphorbia helioscopia L.
2229,2229,Euphorbia hirta L.,,Plantae,Tracheophyta,Liliopsida,Malpighiales,Euphorbiaceae,species,ACCEPTED,,terrestrial,CL,present,alien,Euphorbia hirta,False,3068937,EXACT,100,Euphorbia hirta L.
2230,2230,Euphorbia lathyris L.,,Plantae,Tracheophyta,Magnoliopsida,Malpighiales,Euphorbiaceae,species,ACCEPTED,,terrestrial,CL,present,alien,Euphorbia lathyris,False,3066965,EXACT,99,Euphorbia lathyris L.
2231,2231,Euphorbia maculata L.,,Plantae,Tracheophyta,Magnoliopsida,Malpighiales,Euphorbiaceae,species,ACCEPTED,,terrestrial,CL,present,alien,Euphorbia maculata,False,3067119,EXACT,99,Euphorbia maculata L.
2232,2232,Euphorbia ophthalmica Pers.,,Plantae,Tracheophyta,Liliopsida,Malpighiales,Euphorbiaceae,species,ACCEPTED,,terrestrial,CL,present,alien,Euphorbia ophthalmica,False,3066953,EXACT,100,Euphorbia ophthalmica Pers.
2233,2233,Euphorbia peplus L.,,Plantae,Tracheophyta,Magnoliopsida,Malpighiales,Euphorbiaceae,species,ACCEPTED,,terrestrial,CL,present,alien,Euphorbia peplus,False,3066386,EXACT,100,Euphorbia peplus L.
2234,2234,Euphorbia platyphyllos L.,,Plantae,Tracheophyta,Magnoliopsida,Malpighiales,Euphorbiaceae,species,ACCEPTED,,terrestrial,CL,present,alien,Euphorbia platyphyllos,False,3068153,EXACT,100,Euphorbia platyphyllos L.
2235,2235,Fallopia convolvulus (L.) A. Löve,,Plantae,Tracheophyta,Magnoliopsida,Caryophyllales,Polygonaceae,species,ACCEPTED,,terrestrial,CL,present,alien,Fallopia convolvulus,False,6391461,EXACT,100,Fallopia convolvulus (L.) Á.Löve
2236,2236,Fallopia japonica (Houtt.) Ronse Decraene,Reynoutria japonica Houtt.,Plantae,Tracheophyta,Magnoliopsida,Caryophyllales,Polygonaceae,species,SYNONYM,,terrestrial,CL,present,alien,Fallopia japonica,False,2889173,EXACT,99,Fallopia japonica (Houtt.) Ronse Decr.
2237,2237,Fallopia sachalinensis (Friedrich Schmidt Petrop.) Ronse Decraene,Reynoutria sachalinensis (Friedrich Schmidt Petrop.) Nakai,Plantae,Tracheophyta,Magnoliopsida,Caryophyllales,Polygonaceae,species,SYNONYM,,terrestrial,CL,present,alien,Fallopia sachalinensis,False,2889088,EXACT,100,Fallopia sachalinensis (F.Schmidt) Ronse Decr.
2238,2238,"Felis catus Linnaeus, 1758",,Animalia,Chordata,Mammalia,Carnivora,Felidae,species,ACCEPTED,invasive,terrestrial,CL,present,alien,Felis catus,True,2435035,EXACT,100,"Felis catus Linnaeus, 1758"
2239,2239,Festuca filiformis Pourr.,,Plantae,Tracheophyta,Liliopsida,Poales,Poaceae,species,ACCEPTED,,terrestrial,CL,present,alien,Festuca filiformis,False,2705011,EXACT,99,Festuca filiformis Pourr.
2240,2240,Festuca juncifolia St.-Amans,,Plantae,Tracheophyta,Liliopsida,Poales,Poaceae,species,ACCEPTED,,terrestrial,CL,present,alien,Festuca juncifolia,False,4122081,EXACT,99,Festuca juncifolia St.-Amans
2241,2241,Festuca rubra L.,,Plantae,Tracheophyta,Liliopsida,Poales,Poaceae,species,ACCEPTED,,terrestrial,CL,present,alien,Festuca rubra,False,2704922,EXACT,99,Festuca rubra L.
2242,2242,Foeniculum vulgare Mill.,,Plantae,Tracheophyta,Magnoliopsida,Apiales,Apiaceae,species,ACCEPTED,,terrestrial,CL,present,alien,Foeniculum vulgare,False,3034922,EXACT,99,Foeniculum vulgare Mill.
2243,2243,Fraxinus excelsior L.,,Plantae,Tracheophyta,Magnoliopsida,Lamiales,Oleaceae,species,ACCEPTED,,terrestrial,CL,present,alien,Fraxinus excelsior,False,3172358,EXACT,99,Fraxinus excelsior L.
2244,2244,Fumaria agraria Lag.,,Plantae,Tracheophyta,Magnoliopsida,Ranunculales,Papaveraceae,species,ACCEPTED,,terrestrial,CL,present,alien,Fumaria agraria,False,5531376,EXACT,99,Fumaria agraria Lag.
2245,2245,Fumaria capreolata L.,,Plantae,Tracheophyta,Magnoliopsida,Ranunculales,Papaveraceae,species,ACCEPTED,,terrestrial,CL,present,alien,Fumaria capreolata,False,5334218,EXACT,99,Fumaria capreolata L.
2246,2246,Fumaria parviflora Lam.,,Plantae,Tracheophyta,Magnoliopsida,Ranunculales,Papaveraceae,species,ACCEPTED,,terrestrial,CL,present,alien,Fumaria parviflora,False,5334215,EXACT,99,Fumaria parviflora Lam.
2247,2247,Galega officinalis L.,,Plantae,Tracheophyta,Magnoliopsida,Fabales,Fabaceae,species,ACCEPTED,,terrestrial,CL,present,alien,Galega officinalis,False,2975667,EXACT,100,Galega officinalis L.
2248,2248,Galenia pubescens (Eckl. & Zeyh.) Druce,,Plantae,Tracheophyta,Magnoliopsida,Caryophyllales,Aizoaceae,species,ACCEPTED,,terrestrial,CL,present,alien,Galenia pubescens,False,5554961,EXACT,100,Galenia pubescens (Eckl. & Zeyh.) Druce
2249,2249,Galeopsis tetrahit L.,,Plantae,Tracheophyta,Magnoliopsida,Lamiales,Lamiaceae,species,ACCEPTED,,terrestrial,CL,present,alien,Galeopsis tetrahit,False,5341300,EXACT,100,Galeopsis tetrahit L.
2250,2250,Galinsoga parviflora Cav.,,Plantae,Tracheophyta,Magnoliopsida,Asterales,Asteraceae,species,DOUBTFUL,,terrestrial,CL,present,alien,Galinsoga parviflora,False,3132570,EXACT,100,Galinsoga parviflora Cav.
2251,2251,Galium aparine L.,,Plantae,Tracheophyta,Magnoliopsida,Gentianales,Rubiaceae,species,ACCEPTED,,terrestrial,CL,present,alien,Galium aparine,False,2913548,EXACT,100,Galium aparine L.
2252,2252,Galium divaricatum Pourr. ex Lam.,,Plantae,Tracheophyta,Magnoliopsida,Gentianales,Rubiaceae,species,ACCEPTED,,terrestrial,CL,present,alien,Galium divaricatum,False,2908428,EXACT,99,Galium divaricatum Pourr. ex Lam.
2253,2253,Galium murale (L.) All.,,Plantae,Tracheophyta,Magnoliopsida,Gentianales,Rubiaceae,species,ACCEPTED,,terrestrial,CL,present,alien,Galium murale,False,2914590,EXACT,99,Galium murale (L.) All.
2254,2254,Galium parisiense L.,,Plantae,Tracheophyta,Magnoliopsida,Gentianales,Rubiaceae,species,ACCEPTED,,terrestrial,CL,present,alien,Galium parisiense,False,2913169,EXACT,99,Galium parisiense L.
2255,2255,Galium tricornutum Dandy,,Plantae,Tracheophyta,Magnoliopsida,Gentianales,Rubiaceae,species,ACCEPTED,,terrestrial,CL,present,alien,Galium tricornutum,False,2913452,EXACT,100,Galium tricornutum Dandy
2256,2256,"Gambusia affinis (Baird & Girard, 1853)",,Animalia,Chordata,Actinopterygii,Cyprinodontiformes,Poeciliidae,species,ACCEPTED,invasive,freshwater|brackish,CL,present,alien,Gambusia affinis,True,2350580,EXACT,100,"Gambusia affinis (Baird & Girard, 1853)"
2257,2257,"Gambusia holbrooki Girard, 1859",,Animalia,Chordata,Actinopterygii,Cyprinodontiformes,Poeciliidae,species,ACCEPTED,invasive,freshwater|brackish,CL,present,alien,Gambusia holbrooki,True,2350570,EXACT,100,"Gambusia holbrooki Girard, 1859"
2258,2258,Gastridium phleoides (Nees & Meyen) C.E.Hubb.,,Plantae,Tracheophyta,Liliopsida,Poales,Poaceae,species,ACCEPTED,,terrestrial,CL,present,alien,Gastridium phleoides,False,5289763,EXACT,99,Gastridium phleoides (Nees & Meyen) C.E.Hubb.
2259,2259,Gentiana prostrata Haenke,,Plantae,Tracheophyta,Magnoliopsida,Gentianales,Gentianaceae,species,ACCEPTED,,terrestrial,CL,present,alien,Gentiana prostrata,False,3170069,EXACT,99,Gentiana prostrata Haenke
2260,2260,Geranium dissectum L.,,Plantae,Tracheophyta,Magnoliopsida,Geraniales,Geraniaceae,species,ACCEPTED,,terrestrial,CL,present,alien,Geranium dissectum,False,2890040,EXACT,100,Geranium dissectum L.
2261,2261,Geranium molle L.,,Plantae,Tracheophyta,Magnoliopsida,Geraniales,Geraniaceae,species,ACCEPTED,,terrestrial,CL,present,alien,Geranium molle,False,2891488,EXACT,99,Geranium molle L.
2262,2262,Geranium purpureum Vill.,,Plantae,Tracheophyta,Magnoliopsida,Geraniales,Geraniaceae,species,ACCEPTED,,terrestrial,CL,present,alien,Geranium purpureum,False,2890541,EXACT,99,Geranium purpureum Vill.
2263,2263,Geranium pusillum L.,,Plantae,Tracheophyta,Magnoliopsida,Geraniales,Geraniaceae,species,ACCEPTED,,terrestrial,CL,present,alien,Geranium pusillum,False,2890212,EXACT,99,Geranium pusillum L.
2264,2264,Geranium robertianum L.,,Plantae,Tracheophyta,Magnoliopsida,Geraniales,Geraniaceae,species,ACCEPTED,,terrestrial,CL,present,alien,Geranium robertianum,False,2890668,EXACT,100,Geranium robertianum L.
2265,2265,Glechoma hederacea L.,,Plantae,Tracheophyta,Magnoliopsida,Lamiales,Lamiaceae,species,ACCEPTED,,terrestrial,CL,present,alien,Glechoma hederacea,False,2926557,EXACT,100,Glechoma hederacea L.
2266,2266,Glyceria fluitans (L.) R.Br.,,Plantae,Tracheophyta,Liliopsida,Poales,Poaceae,species,ACCEPTED,,terrestrial|freshwater,CL,present,alien,Glyceria fluitans,False,2705495,EXACT,100,Glyceria fluitans (L.) R.Br.
2267,2267,"Gonipterus scutellatus Gyllenhal, 1833",,Animalia,Arthropoda,Insecta,Coleoptera,Curculionidae,species,DOUBTFUL,invasive,terrestrial,CL,present,alien,Gonipterus scutellatus,True,1203278,EXACT,100,"Gonipterus scutellatus Gyllenhal, 1833"
2268,2268,Gossypium barbadense Raf.,,Plantae,Tracheophyta,Magnoliopsida,Malvales,Malvaceae,species,ACCEPTED,,terrestrial,CL,present,alien,Gossypium barbadense,False,3152666,EXACT,100,Gossypium barbadense L.
2269,2269,Gynerium sagittatum (Aubl.) P.Beauv.,,Plantae,Tracheophyta,Liliopsida,Poales,Poaceae,species,ACCEPTED,,terrestrial,CL,present,alien,Gynerium sagittatum,False,5289743,EXACT,100,Gynerium sagittatum (Aubl.) P.Beauv.
2270,2270,Hainardia cylindrica (Willd.) Greuter,,Plantae,Tracheophyta,Liliopsida,Poales,Poaceae,species,ACCEPTED,,terrestrial,CL,present,alien,Hainardia cylindrica,False,12246414,EXACT,100,Hainardia cylindrica (Willd.) Greuter
2271,2271,"Harmonia axyridis (Pallas, 1773)",,Animalia,Arthropoda,Insecta,Coleoptera,Coccinellidae,species,ACCEPTED,,terrestrial,CL,present,alien,Harmonia axyridis,False,4989904,EXACT,100,"Harmonia axyridis (Pallas, 1773)"
2272,2272,Hedypnois cretica (L.) Dum. Cours.,Hedypnois rhagadioloides (L.) F.W.Schmidt,Plantae,Tracheophyta,Magnoliopsida,Asterales,Asteraceae,species,HETEROTYPIC_SYNONYM,,terrestrial,CL,present,alien,Hedypnois cretica,False,5394840,EXACT,99,Hedypnois cretica (L.) Dum.Cours.
2273,2273,Helianthus tuberosus,,Plantae,Tracheophyta,Magnoliopsida,Asterales,Asteraceae,species,ACCEPTED,,terrestrial,CL,present,alien,Helianthus tuberosus,False,3119175,EXACT,99,Helianthus tuberosus L.
2274,2274,Heliotropium angiospermum Murray,,Plantae,Tracheophyta,Magnoliopsida,Boraginales,Boraginaceae,species,ACCEPTED,,terrestrial,CL,present,alien,Heliotropium angiospermum,False,2925809,EXACT,100,Heliotropium angiospermum Murray
2276,2276,Herniaria cinerea DC.,,Plantae,Tracheophyta,Magnoliopsida,Caryophyllales,Caryophyllaceae,species,ACCEPTED,,terrestrial,CL,present,alien,Herniaria cinerea,False,3593900,EXACT,100,Herniaria cinerea DC.
2277,2277,Hesperis matronalis L.,,Plantae,Tracheophyta,Magnoliopsida,Brassicales,Brassicaceae,species,ACCEPTED,,terrestrial,CL,present,alien,Hesperis matronalis,False,3042291,EXACT,100,Hesperis matronalis L.
2278,2278,Hibiscus trionum L.,,Plantae,Tracheophyta,Magnoliopsida,Malvales,Malvaceae,species,ACCEPTED,,terrestrial,CL,present,alien,Hibiscus trionum,False,3152560,EXACT,100,Hibiscus trionum L.
2279,2279,Hieracium aurantiacum L.,Pilosella aurantiaca (L.) F.W.Schultz & Sch.Bip.,Plantae,Tracheophyta,Magnoliopsida,Asterales,Asteraceae,species,HOMOTYPIC_SYNONYM,,terrestrial,CL,present,alien,Hieracium aurantiacum,False,3122924,EXACT,100,Hieracium aurantiacum L.
2280,2280,Hieracium pilosella L.,Pilosella officinarum Vaill.,Plantae,Tracheophyta,Magnoliopsida,Asterales,Asteraceae,species,HOMOTYPIC_SYNONYM,,terrestrial,CL,present,alien,Hieracium pilosella,False,9458333,EXACT,100,Hieracium pilosella L.
2282,2282,Hieracium praealtum Vill. ex Gochnat,Pilosella piloselloides (Vill.) Soják,Plantae,Tracheophyta,Magnoliopsida,Asterales,Asteraceae,species,HOMOTYPIC_SYNONYM,,terrestrial,CL,present,alien,Hieracium praealtum,False,8098407,EXACT,99,Hieracium praealtum Rchb.
2283,2283,"Hippoglossus hippoglossus (Linnaeus, 1758)",,Animalia,Chordata,Actinopterygii,Pleuronectiformes,Pleuronectidae,species,ACCEPTED,,marine,CL,present,alien,Hippoglossus hippoglossus,False,2409218,EXACT,99,"Hippoglossus hippoglossus (Linnaeus, 1758)"
2284,2284,Hirschfeldia incana (L.) Lagr.-Foss.,,Plantae,Tracheophyta,Magnoliopsida,Brassicales,Brassicaceae,species,ACCEPTED,,terrestrial,CL,present,alien,Hirschfeldia incana,False,3050595,EXACT,99,Hirschfeldia incana (L.) Lagr.-Foss.
2285,2285,Holcus lanatus L.,,Plantae,Tracheophyta,Liliopsida,Poales,Poaceae,species,ACCEPTED,,terrestrial,CL,present,alien,Holcus lanatus,False,2706164,EXACT,100,Holcus lanatus L.
2286,2286,"Homalodisca vitripennis (Germar, 1821)",,Animalia,Arthropoda,Insecta,Hemiptera,Cicadellidae,species,ACCEPTED,,host,CL,present,alien,Homalodisca vitripennis,False,2044814,EXACT,100,"Homalodisca vitripennis (Germar, 1821)"
2288,2288,Hordeum jubatum L.,,Plantae,Tracheophyta,Liliopsida,Poales,Poaceae,species,ACCEPTED,,terrestrial,CL,present,alien,Hordeum jubatum,False,2706052,EXACT,99,Hordeum jubatum L.
2289,2289,Hordeum marinum Huds.,,Plantae,Tracheophyta,Liliopsida,Poales,Poaceae,species,ACCEPTED,,terrestrial,CL,present,alien,Hordeum marinum,False,2706053,EXACT,100,Hordeum marinum Huds.
2290,2290,Hordeum murinum L.,,Plantae,Tracheophyta,Liliopsida,Poales,Poaceae,species,ACCEPTED,,terrestrial,CL,present,alien,Hordeum murinum,False,7886346,EXACT,100,Hordeum murinum L.
2292,2292,Hordeum secalinum Schreb.,,Plantae,Tracheophyta,Liliopsida,Poales,Poaceae,species,ACCEPTED,,terrestrial,CL,present,alien,Hordeum secalinum,False,2706068,EXACT,99,Hordeum secalinum Schreb.
2293,2293,Hordeum vulgare L.,,Plantae,Tracheophyta,Liliopsida,Poales,Poaceae,species,ACCEPTED,,terrestrial,CL,present,alien,Hordeum vulgare,False,2706056,EXACT,100,Hordeum vulgare L.
2294,2294,Hornungia procumbens (L.) Hayek,,Plantae,Tracheophyta,Magnoliopsida,Brassicales,Brassicaceae,species,ACCEPTED,,terrestrial,CL,present,alien,Hornungia procumbens,False,5376158,EXACT,100,Hornungia procumbens (L.) Hayek
2295,2295,Hydrocleys nymphoides (Humb. & Bonpl. ex Willd.) Buchenau,,Plantae,Tracheophyta,Liliopsida,Alismatales,Alismataceae,species,ACCEPTED,,freshwater,CL,present,alien,Hydrocleys nymphoides,False,2864584,EXACT,100,Hydrocleys nymphoides (Humb. & Bonpl. ex Willd.) Buchenau
2296,2296,"Hylastes ater (Paykull, 1800) Paykull, 1800",,Animalia,Arthropoda,Insecta,Coleoptera,Curculionidae,species,ACCEPTED,invasive,terrestrial,CL,present,alien,Hylastes ater,True,1224467,EXACT,100,"Hylastes ater Erichson, 1836"
2297,2297,"Hylurgus ligniperda (Fabricius, 1787) Fabricius, 1787","Bostrichus ligniperda Fabricius, 1787",Animalia,Arthropoda,Insecta,Coleoptera,Curculionidae,species,HOMOTYPIC_SYNONYM,invasive,terrestrial,CL,present,alien,Hylurgus ligniperda,True,5017514,EXACT,100,"Hylurgus ligniperda (J.C.Fabricius, 1787)"
2298,2298,Hypericum androsaemum L.,,Plantae,Tracheophyta,Magnoliopsida,Malpighiales,Hypericaceae,species,ACCEPTED,,terrestrial,CL,present,alien,Hypericum androsaemum,False,3189525,EXACT,100,Hypericum androsaemum L.
2299,2299,Hypericum inodorum Miller,,Plantae,Tracheophyta,Magnoliopsida,Malpighiales,Hypericaceae,species,ACCEPTED,,terrestrial,CL,present,alien,Hypericum inodorum,False,3711564,EXACT,99,Hypericum × inodorum Mill.
2300,2300,Hypericum perforatum L.,,Plantae,Tracheophyta,Magnoliopsida,Malpighiales,Hypericaceae,species,ACCEPTED,invasive,terrestrial,CL,present,alien,Hypericum perforatum,True,3189486,EXACT,100,Hypericum perforatum L.
2301,2301,Hypochaeris glabra E.Mey.,Hypochaeris glabra E.Mey.,Plantae,Tracheophyta,Magnoliopsida,Malpighiales,Hypericaceae,species,HOMOTYPIC_SYNONYM,,terrestrial,CL,present,alien,Hypochaeris glabra,False,3093911,EXACT,99,Hypochaeris glabra L.
2302,2302,Hypochaeris radicata L.,,Plantae,Tracheophyta,Magnoliopsida,Asterales,Asteraceae,species,DOUBTFUL,,terrestrial,CL,present,alien,Hypochaeris radicata,False,3093702,EXACT,100,Hypochaeris radicata L.
2303,2303,"Hypoponera confinis (Roger, 1860)",,Animalia,Arthropoda,Insecta,Hymenoptera,Formicidae,species,ACCEPTED,,terrestrial,CL,present,alien,Hypoponera confinis,False,1326653,EXACT,100,"Hypoponera confinis (Roger, 1860)"
2304,2304,"Icerya purchasi Maskell, 1878",,Animalia,Arthropoda,Insecta,Hemiptera,Margarodidae,species,ACCEPTED,invasive,host,CL,present,alien,Icerya purchasi,True,2080592,EXACT,100,"Icerya purchasi Maskell, 1879"
2305,2305,"Ictalurus punctatus (Rafinesque, 1818)",,Animalia,Chordata,Actinopterygii,Siluriformes,Ictaluridae,species,ACCEPTED,,freshwater,CL,present,alien,Ictalurus punctatus,False,5202520,EXACT,100,"Ictalurus punctatus (Rafinesque, 1818)"
2306,2306,Indigofera truxillensis Kunth,,Plantae,Tracheophyta,Magnoliopsida,Fabales,Fabaceae,species,ACCEPTED,,terrestrial,CL,present,alien,Indigofera truxillensis,False,2971488,EXACT,100,Indigofera truxillensis Kunth
2307,2307,Ipomoea purpurea (L.) Roth,,Plantae,Tracheophyta,Magnoliopsida,Solanales,Convolvulaceae,species,ACCEPTED,,terrestrial,CL,present,alien,Ipomoea purpurea,False,2928576,EXACT,99,Ipomoea purpurea (L.) Roth
2308,2308,Iris pseudacorus L.,,Plantae,Tracheophyta,Liliopsida,Asparagales,Iridaceae,species,ACCEPTED,,terrestrial,CL,present,alien,Iris pseudacorus,False,5298231,EXACT,100,Iris pseudacorus L.
2309,2309,Isatis tinctoria L.,,Plantae,Tracheophyta,Magnoliopsida,Brassicales,Brassicaceae,species,ACCEPTED,,terrestrial,CL,present,alien,Isatis tinctoria,False,5374118,EXACT,100,Isatis tinctoria L.
2310,2310,"Jassa marmorata Holmes, 1903",,Animalia,Arthropoda,Malacostraca,Amphipoda,Ischyroceridae,species,ACCEPTED,,marine,CL,present,alien,Jassa marmorata,False,2219218,EXACT,100,"Jassa marmorata Holmes, 1905"
2311,2311,Juncus bufonius L.,,Plantae,Tracheophyta,Liliopsida,Poales,Juncaceae,species,ACCEPTED,,terrestrial|freshwater,CL,present,alien,Juncus bufonius,False,6413649,EXACT,100,Juncus bufonius L.
2312,2312,Juncus bulbosus L.,,Plantae,Tracheophyta,Liliopsida,Poales,Juncaceae,species,ACCEPTED,,terrestrial|freshwater,CL,present,alien,Juncus bulbosus,False,2701339,EXACT,99,Juncus bulbosus L.
2313,2313,Juncus effusus L.,,Plantae,Tracheophyta,Liliopsida,Poales,Juncaceae,species,ACCEPTED,,terrestrial|freshwater,CL,present,alien,Juncus effusus,False,2701311,EXACT,99,Juncus effusus L.
2314,2314,Kickxia elatine (L.) Dumort.,,Plantae,Tracheophyta,Magnoliopsida,Lamiales,Plantaginaceae,species,ACCEPTED,,terrestrial,CL,present,alien,Kickxia elatine,False,3170819,EXACT,100,Kickxia elatine (L.) Dumort.
2315,2315,Knautia integrifolia (L.) Bertol.,,Plantae,Tracheophyta,Magnoliopsida,Dipsacales,Dipsacaceae,species,ACCEPTED,,terrestrial,CL,present,alien,Knautia integrifolia,False,7504215,EXACT,99,Knautia integrifolia (L.) Bertol.
2316,2316,Koenigia islandica L.,,Plantae,Tracheophyta,Magnoliopsida,Caryophyllales,Polygonaceae,species,ACCEPTED,,terrestrial,CL,present,alien,Koenigia islandica,False,5334283,EXACT,100,Koenigia islandica L.
2317,2317,Lactuca saligna L.,,Plantae,Tracheophyta,Magnoliopsida,Asterales,Asteraceae,species,DOUBTFUL,,terrestrial,CL,present,alien,Lactuca saligna,False,3140467,EXACT,100,Lactuca saligna L.
2318,2318,Lactuca sativa L.,,Plantae,Tracheophyta,Magnoliopsida,Asterales,Asteraceae,species,DOUBTFUL,,terrestrial,CL,present,alien,Lactuca sativa,False,7403263,EXACT,100,Lactuca sativa L.
2319,2319,Lactuca serriola L.,,Plantae,Tracheophyta,Magnoliopsida,Asterales,Asteraceae,species,DOUBTFUL,,terrestrial,CL,present,alien,Lactuca serriola,False,3140490,EXACT,100,Lactuca serriola L.
2320,2320,Lactuca virosa Hornem.,,Plantae,Tracheophyta,Magnoliopsida,Asterales,Asteraceae,species,ACCEPTED,,terrestrial,CL,present,alien,Lactuca virosa,False,3140346,EXACT,99,Lactuca virosa L.
2321,2321,Lagurus ovatus L.,,Plantae,Tracheophyta,Liliopsida,Poales,Poaceae,species,ACCEPTED,,terrestrial,CL,present,alien,Lagurus ovatus,False,5290177,EXACT,100,Lagurus ovatus L.
2322,2322,Lamarckia aurea (L.) Moench,,Plantae,Tracheophyta,Liliopsida,Poales,Poaceae,species,ACCEPTED,,terrestrial,CL,present,alien,Lamarckia aurea,False,5289762,EXACT,100,Lamarckia aurea (L.) Moench
2323,2323,Lamium amplexicaule L.,,Plantae,Tracheophyta,Magnoliopsida,Lamiales,Lamiaceae,species,ACCEPTED,,terrestrial,CL,present,alien,Lamium amplexicaule,False,2926679,EXACT,100,Lamium amplexicaule L.
2324,2324,Lamium purpureum L.,,Plantae,Tracheophyta,Magnoliopsida,Lamiales,Lamiaceae,species,ACCEPTED,,terrestrial,CL,present,alien,Lamium purpureum,False,2926682,EXACT,100,Lamium purpureum L.
2325,2325,Landoltia punctata (G.Mey.) Les & D.J.Crawford,Spirodela punctata (G.Mey.) C.H.Thomps.,Plantae,Tracheophyta,Liliopsida,Alismatales,Araceae,species,SYNONYM,,freshwater,CL,present,alien,Landoltia punctata,False,2871376,EXACT,100,Landoltia punctata (G.Mey.) Les & D.J.Crawford
2326,2326,Lapsana communis L.,,Plantae,Tracheophyta,Magnoliopsida,Asterales,Asteraceae,species,DOUBTFUL,,terrestrial,CL,present,alien,Lapsana communis,False,3134857,EXACT,100,Lapsana communis L.
2327,2327,Lathyrus cicera L.,Astragalus cicer L.,Plantae,Tracheophyta,Magnoliopsida,Fabales,Fabaceae,species,SYNONYM,,terrestrial,CL,present,alien,Lathyrus cicera,False,5356481,EXACT,99,Lathyrus cicera L.
2328,2328,Lathyrus japonicus var. japonicus,Lathyrus japonicus Willd.,Plantae,Tracheophyta,Magnoliopsida,Fabales,Fabaceae,variety,SYNONYM,,terrestrial,CL,present,alien,Lathyrus japonicus,False,5356714,EXACT,100,Lathyrus japonicus Willd.
2329,2329,Lathyrus sativus L.,,Plantae,Tracheophyta,Magnoliopsida,Fabales,Fabaceae,species,ACCEPTED,,terrestrial,CL,present,alien,Lathyrus sativus,False,5356488,EXACT,99,Lathyrus sativus L.
2330,2330,Leontodon autumnalis L.,Scorzoneroides autumnalis (L.) Moench,Plantae,Tracheophyta,Magnoliopsida,Asterales,Asteraceae,species,HOMOTYPIC_SYNONYM,,terrestrial,CL,present,alien,Leontodon autumnalis,False,8058115,EXACT,99,"Leontodon autumnalis Oeder, 1816"
2331,2331,Leontodon hirtus,Leontodon saxatilis (Ten.) Rchb.,Plantae,Tracheophyta,Magnoliopsida,Asterales,Asteraceae,species,SYNONYM,,terrestrial,CL,present,alien,Leontodon hirtus,False,3137445,EXACT,99,Leontodon hirtus L.
2333,2333,Leontodon taraxacoides (Vill.) Willd.,Leontodon saxatilis Lam.,Plantae,Tracheophyta,Magnoliopsida,Asterales,Asteraceae,species,HOMOTYPIC_SYNONYM,,terrestrial,CL,present,alien,Leontodon taraxacoides,False,7975952,EXACT,99,"Leontodon taraxacoides Lacaita, 1918"
2334,2334,Lepidium bonariense L.,,Plantae,Tracheophyta,Magnoliopsida,Brassicales,Brassicaceae,species,ACCEPTED,invasive,terrestrial,CL,present,alien,Lepidium bonariense,True,5376925,EXACT,99,Lepidium bonariense L.
2335,2335,Lepidium sativum L.,,Plantae,Tracheophyta,Magnoliopsida,Brassicales,Brassicaceae,species,ACCEPTED,invasive,terrestrial,CL,present,alien,Lepidium sativum,True,5376565,EXACT,99,Lepidium sativum L.
2336,2336,Lepidium squamatum Forssk.,Lepidium coronopus (L.) Al-Shehbaz,Plantae,Tracheophyta,Magnoliopsida,Brassicales,Brassicaceae,species,SYNONYM,,terrestrial,CL,present,alien,Lepidium squamatum,False,5376627,EXACT,100,Lepidium squamatum Forssk.
2337,2337,"Lepomis gibbosus (Linnaeus, 1758)",,Animalia,Chordata,Actinopterygii,Perciformes,Centrarchidae,species,ACCEPTED,invasive,freshwater,CL,present,alien,Lepomis gibbosus,True,2394486,EXACT,100,"Lepomis gibbosus (Linnaeus, 1758)"
2338,2338,"Lepus europaeus Pallas, 1778",,Animalia,Chordata,Mammalia,Lagomorpha,Leporidae,species,ACCEPTED,invasive,terrestrial,CL,present,alien,Lepus europaeus,True,7952072,EXACT,100,"Lepus europaeus Pallas, 1778"
2339,2339,Leucanthemum vulgare,,Plantae,Tracheophyta,Magnoliopsida,Asterales,Asteraceae,species,ACCEPTED,invasive,terrestrial,CL,present,alien,Leucanthemum vulgare,True,8848598,EXACT,100,Leucanthemum vulgare Lam.
2340,2340,Levisticum officinale Koch,,Plantae,Tracheophyta,Magnoliopsida,Apiales,Apiaceae,species,ACCEPTED,,terrestrial,CL,present,alien,Levisticum officinale,False,5371772,EXACT,100,Levisticum officinale W.D.J.Koch
2341,2341,Leymus arenarius (L.) Hochst.,,Plantae,Tracheophyta,Liliopsida,Poales,Poaceae,species,ACCEPTED,,terrestrial,CL,present,alien,Leymus arenarius,False,2706368,EXACT,100,Leymus arenarius (L.) Hochst.
2342,2342,Limnobium laevigatum (Humb. & Bonpl. ex Willd.) Heine,,Plantae,Tracheophyta,Liliopsida,Alismatales,Hydrocharitaceae,species,ACCEPTED,,freshwater,CL,present,alien,Limnobium laevigatum,False,11055820,EXACT,99,Limnobium laevigatum (Humb. & Bonpl. ex Willd.) Heine
2343,2343,Linaria texana Scheele,Nuttallanthus texanus (Scheele) D.A. Sutton,Plantae,Tracheophyta,Magnoliopsida,Lamiales,Plantaginaceae,species,SYNONYM,,terrestrial,CL,present,alien,Linaria texana,False,3172129,EXACT,100,Linaria texana Scheele
2344,2344,Linaria vulgaris Mill.,,Plantae,Tracheophyta,Magnoliopsida,Lamiales,Plantaginaceae,species,ACCEPTED,invasive,terrestrial,CL,present,alien,Linaria vulgaris,True,5415020,EXACT,99,Linaria vulgaris Mill.
2345,2345,Lindernia anagallidea (Michx.) Pennell,Lindernia dubia (L.) Pennell,Plantae,Tracheophyta,Magnoliopsida,Lamiales,Linderniaceae,species,SYNONYM,,terrestrial,CL,present,alien,Lindernia anagallidea,False,3171888,EXACT,100,Lindernia anagallidea (Michx.) Pennell
2346,2346,"Linepithema humile (Mayr, 1868)",,Animalia,Arthropoda,Insecta,Hymenoptera,Formicidae,species,ACCEPTED,,terrestrial,CL,present,alien,Linepithema humile,False,1316908,EXACT,100,"Linepithema humile (Mayr, 1868)"
2347,2347,Linum bienne Miller,,Plantae,Tracheophyta,Magnoliopsida,Malpighiales,Linaceae,species,ACCEPTED,,terrestrial,CL,present,alien,Linum bienne,False,2873896,EXACT,100,Linum bienne Mill.
2348,2348,Linum catharticum Linnaeus,,Plantae,Tracheophyta,Magnoliopsida,Malpighiales,Linaceae,species,ACCEPTED,,terrestrial,CL,present,alien,Linum catharticum,False,2873865,EXACT,100,Linum catharticum L.
2349,2349,Linum usitatissimum L.,,Plantae,Tracheophyta,Magnoliopsida,Malpighiales,Linaceae,species,ACCEPTED,,terrestrial,CL,present,alien,Linum usitatissimum,False,2873861,EXACT,99,Linum usitatissimum L.
2350,2350,Lobularia maritima (L.) Desv.,,Plantae,Tracheophyta,Magnoliopsida,Brassicales,Brassicaceae,species,ACCEPTED,,terrestrial,CL,present,alien,Lobularia maritima,False,5373358,EXACT,100,Lobularia maritima (L.) Desv.
2351,2351,Logfia gallica (L.) Coss. & Germ.,Filago gallica (L.) L.,Plantae,Tracheophyta,Magnoliopsida,Asterales,Asteraceae,species,SYNONYM,,terrestrial,CL,present,alien,Logfia gallica,False,11665063,EXACT,99,Logfia gallica (L.) Dumort.
2352,2352,Lolium multiflorum Lam.,,Plantae,Tracheophyta,Liliopsida,Poales,Poaceae,species,ACCEPTED,,terrestrial,CL,present,alien,Lolium multiflorum,False,4129708,EXACT,99,Lolium multiflorum Lam.
2353,2353,Lolium perenne L.,,Plantae,Tracheophyta,Liliopsida,Poales,Poaceae,species,ACCEPTED,,terrestrial,CL,present,alien,Lolium perenne,False,2706241,EXACT,99,Lolium perenne L.
2354,2354,Lolium rigidum Gaudin,,Plantae,Tracheophyta,Liliopsida,Poales,Poaceae,species,ACCEPTED,,terrestrial,CL,present,alien,Lolium rigidum,False,2706218,EXACT,99,Lolium rigidum Gaudin
2355,2355,Lolium temulentum L.,,Plantae,Tracheophyta,Liliopsida,Poales,Poaceae,species,ACCEPTED,,terrestrial,CL,present,alien,Lolium temulentum,False,2706242,EXACT,99,Lolium temulentum L.
2356,2356,Lophochloa cristata (L.) H.Hyl.,,Plantae,Tracheophyta,Liliopsida,Poales,Poaceae,species,ACCEPTED,,terrestrial,CL,present,alien,Lophochloa cristata,False,5289906,EXACT,100,Lophochloa cristata (L.) Hyl.
2357,2357,Lotus angustissimus L.,,Plantae,Tracheophyta,Magnoliopsida,Fabales,Fabaceae,species,ACCEPTED,,terrestrial,CL,present,alien,Lotus angustissimus,False,5356931,EXACT,99,Lotus angustissimus L.
2358,2358,Lotus corniculatus L.,,Plantae,Tracheophyta,Magnoliopsida,Fabales,Fabaceae,species,ACCEPTED,invasive,terrestrial,CL,present,alien,Lotus corniculatus,True,5357013,EXACT,100,Lotus corniculatus L.
2359,2359,Lotus tenuis Waldst. & Kit.,Lotus glaber Mill.,Plantae,Tracheophyta,Magnoliopsida,Fabales,Fabaceae,species,SYNONYM,,terrestrial,CL,present,alien,Lotus tenuis,False,7515045,EXACT,99,Lotus tenuis Waldst. & Kit. ex Willd.
2361,2361,"Lumbricus rubellus Hoffmeister, 1843",,Animalia,Annelida,Clitellata,Crassiclitellata,Lumbricidae,species,ACCEPTED,,terrestrial,CL,present,alien,Lumbricus rubellus,False,4410669,EXACT,99,"Lumbricus rubellus Hoffmeister, 1843"
2362,2362,Lupinus albus L.,,Plantae,Tracheophyta,Magnoliopsida,Fabales,Fabaceae,species,ACCEPTED,invasive,terrestrial,CL,present,alien,Lupinus albus,True,2964167,EXACT,100,Lupinus albus L.
2363,2363,Lupinus angustifolius L.,,Plantae,Tracheophyta,Magnoliopsida,Fabales,Fabaceae,species,ACCEPTED,invasive,terrestrial,CL,present,alien,Lupinus angustifolius,True,2964025,EXACT,99,Lupinus angustifolius L.
2364,2364,Lupinus arboreus Sims,,Plantae,Tracheophyta,Magnoliopsida,Fabales,Fabaceae,species,ACCEPTED,invasive,terrestrial,CL,present,alien,Lupinus arboreus,True,2963807,EXACT,99,Lupinus arboreus Sims
2365,2365,Lupinus polyphyllus Lindl.,,Plantae,Tracheophyta,Magnoliopsida,Fabales,Fabaceae,species,ACCEPTED,,terrestrial,CL,present,alien,Lupinus polyphyllus,False,2964355,EXACT,99,Lupinus polyphyllus Lindl.
2366,2366,"Lycalopex griseus (Gray, 1837)","Lycalopex gymnocercus (G. Fischer, 1814)",Animalia,Chordata,Mammalia,Carnivora,Canidae,species,SYNONYM,,terrestrial,CL,present,native|alien,Lycalopex griseus,False,2434333,EXACT,100,"Lycalopex griseus (Gray, 1837)"
2367,2367,Lychnis coronaria (L.) Desr.,Silene coronaria (L.) Clairv.,Plantae,Tracheophyta,Magnoliopsida,Caryophyllales,Caryophyllaceae,species,SYNONYM,,terrestrial,CL,present,alien,Lychnis coronaria,False,5384741,EXACT,99,Lychnis coronaria (L.) Desr.
2368,2368,Lycopus europaeus L.,,Plantae,Tracheophyta,Magnoliopsida,Lamiales,Lamiaceae,species,ACCEPTED,,terrestrial,CL,present,alien,Lycopus europaeus,False,5341478,EXACT,99,Lycopus europaeus L.
2369,2369,Lythrum album Sessé & Moc. ex DC.,,Plantae,Tracheophyta,Magnoliopsida,Myrtales,Lythraceae,species,ACCEPTED,,terrestrial|freshwater,CL,present,alien,Lythrum album,False,8253124,EXACT,99,Lythrum album Kunth
2370,2370,Lythrum hyssopifolia L.,,Plantae,Tracheophyta,Magnoliopsida,Myrtales,Lythraceae,species,ACCEPTED,invasive,terrestrial|freshwater,CL,present,alien,Lythrum hyssopifolia,True,3188747,EXACT,99,Lythrum hyssopifolia L.
2371,2371,Lythrum maritimum Kunth,,Plantae,Tracheophyta,Magnoliopsida,Myrtales,Lythraceae,species,ACCEPTED,,terrestrial|freshwater,CL,present,alien,Lythrum maritimum,False,3188746,EXACT,99,Lythrum maritimum Kunth
2372,2372,Lythrum portula (L.) D. A. Webb,,Plantae,Tracheophyta,Magnoliopsida,Myrtales,Lythraceae,species,ACCEPTED,,terrestrial|freshwater,CL,present,alien,Lythrum portula,False,3188743,EXACT,100,Lythrum portula (L.) D.A.Webb
2373,2373,Lythrum salicaria L.,,Plantae,Tracheophyta,Magnoliopsida,Myrtales,Lythraceae,species,ACCEPTED,invasive,terrestrial|freshwater,CL,present,alien,Lythrum salicaria,True,3188736,EXACT,100,Lythrum salicaria L.
2374,2374,Maireana brevifolia (R. Br.) Paul G. Wilson,,Plantae,Tracheophyta,Magnoliopsida,Caryophyllales,Chenopodiaceae,species,ACCEPTED,,terrestrial,CL,present,alien,Maireana brevifolia,False,3756029,EXACT,100,Maireana brevifolia (R.Br.) Paul G.Wilson
2375,2375,Malva assurgentiflora (Kellogg) M.F. Ray,,Plantae,Tracheophyta,Magnoliopsida,Malvales,Malvaceae,species,ACCEPTED,,terrestrial,CL,present,alien,Malva assurgentiflora,False,3935047,EXACT,100,Malva assurgentiflora (Kellogg) M.F.Ray
2376,2376,Malva dendromorpha M.F. Ray,Malva arborea (L.) Webb & Berth.,Plantae,Tracheophyta,Magnoliopsida,Malvales,Malvaceae,species,SYNONYM,,terrestrial,CL,present,alien,Malva dendromorpha,False,3935079,EXACT,100,Malva dendromorpha M.F.Ray
2377,2377,Malva moschata Blanco,,Plantae,Tracheophyta,Magnoliopsida,Malvales,Malvaceae,species,ACCEPTED,invasive,terrestrial,CL,present,alien,Malva moschata,True,3152379,EXACT,99,Malva moschata L.
2378,2378,Malva neglecta Wallr.,,Plantae,Tracheophyta,Magnoliopsida,Malvales,Malvaceae,species,ACCEPTED,,terrestrial,CL,present,alien,Malva neglecta,False,3152373,EXACT,100,Malva neglecta Wallr.
2379,2379,Malva nicaeensis All.,,Plantae,Tracheophyta,Magnoliopsida,Malvales,Malvaceae,species,ACCEPTED,invasive,terrestrial,CL,present,alien,Malva nicaeensis,True,3152367,EXACT,100,Malva nicaeensis All.
2380,2380,Malva parviflora L.,,Plantae,Tracheophyta,Magnoliopsida,Malvales,Malvaceae,species,ACCEPTED,invasive,terrestrial,CL,present,alien,Malva parviflora,True,3152378,EXACT,99,Malva parviflora L.
2381,2381,Malva sylvestris L.,,Plantae,Tracheophyta,Magnoliopsida,Malvales,Malvaceae,species,ACCEPTED,invasive,terrestrial,CL,present,alien,Malva sylvestris,True,3152374,EXACT,100,Malva sylvestris L.
2382,2382,Malvastrum coromandelianum (L.) Garcke,,Plantae,Tracheophyta,Magnoliopsida,Malvales,Malvaceae,species,ACCEPTED,invasive,terrestrial,CL,present,alien,Malvastrum coromandelianum,True,3152268,EXACT,99,Malvastrum coromandelianum (L.) Garcke
2383,2383,Marrubium vulgare L.,,Plantae,Tracheophyta,Magnoliopsida,Lamiales,Lamiaceae,species,ACCEPTED,invasive,terrestrial,CL,present,alien,Marrubium vulgare,True,2927069,EXACT,100,Marrubium vulgare L.
2384,2384,Matthiola incana (L.) W.T. Aiton,,Plantae,Tracheophyta,Magnoliopsida,Brassicales,Brassicaceae,species,ACCEPTED,,terrestrial,CL,present,alien,Matthiola incana,False,5377378,EXACT,99,Matthiola incana (L.) W.T.Aiton
2385,2385,Mecardonia procumbens (Mill.) Small,,Plantae,Tracheophyta,Magnoliopsida,Lamiales,Plantaginaceae,species,ACCEPTED,,terrestrial,CL,present,alien,Mecardonia procumbens,False,3172014,EXACT,99,Mecardonia procumbens (Mill.) Small
2386,2386,Medicago arabica (L.) Huds.,,Plantae,Tracheophyta,Magnoliopsida,Fabales,Fabaceae,species,ACCEPTED,,terrestrial,CL,present,alien,Medicago arabica,False,2965527,EXACT,99,Medicago arabica (L.) Huds.
2387,2387,Medicago arborea L.,,Plantae,Tracheophyta,Magnoliopsida,Fabales,Fabaceae,species,ACCEPTED,invasive,terrestrial,CL,present,alien,Medicago arborea,True,2965379,EXACT,99,Medicago arborea L.
2388,2388,Medicago lupulina L.,,Plantae,Tracheophyta,Magnoliopsida,Fabales,Fabaceae,species,ACCEPTED,invasive,terrestrial,CL,present,alien,Medicago lupulina,True,2965201,EXACT,100,Medicago lupulina L.
2389,2389,Medicago minima (L.) L.,,Plantae,Tracheophyta,Magnoliopsida,Fabales,Fabaceae,species,ACCEPTED,,terrestrial,CL,present,alien,Medicago minima,False,8073758,EXACT,99,Medicago minima (L.) Bartal.
2390,2390,Medicago polymorpha var. polymorpha,,Plantae,Tracheophyta,Magnoliopsida,Fabales,Fabaceae,variety,ACCEPTED,,terrestrial,CL,present,alien,Medicago polymorpha,False,2965531,EXACT,99,Medicago polymorpha L.
2392,2392,Medicago sativa L.,,Plantae,Tracheophyta,Magnoliopsida,Fabales,Fabaceae,species,ACCEPTED,,terrestrial,CL,present,alien,Medicago sativa,False,9151957,EXACT,99,Medicago sativa L.
2393,2393,Melilotus albus Medik.,,Plantae,Tracheophyta,Magnoliopsida,Fabales,Fabaceae,species,ACCEPTED,invasive,terrestrial,CL,present,alien,Melilotus albus,True,2971095,EXACT,99,Melilotus albus Medik.
2394,2394,Melilotus indicus (L.) All.,,Plantae,Tracheophyta,Magnoliopsida,Fabales,Fabaceae,species,ACCEPTED,,terrestrial,CL,present,alien,Melilotus indicus,False,2971016,EXACT,99,Melilotus indicus (L.) All.
2395,2395,Melilotus officinalis (L.) Pall.,,Plantae,Tracheophyta,Magnoliopsida,Fabales,Fabaceae,species,ACCEPTED,invasive,terrestrial,CL,present,alien,Melilotus officinalis,True,8193111,EXACT,99,Melilotus officinalis (L.) Lam.
2396,2396,Melissa officinalis L.,,Plantae,Tracheophyta,Magnoliopsida,Lamiales,Lamiaceae,species,ACCEPTED,invasive,terrestrial,CL,present,alien,Melissa officinalis,True,5341501,EXACT,100,Melissa officinalis L.
2397,2397,Mentha aquatica L.,,Plantae,Tracheophyta,Magnoliopsida,Lamiales,Lamiaceae,species,ACCEPTED,invasive,terrestrial|freshwater,CL,present,alien,Mentha aquatica,True,2927208,EXACT,99,Mentha aquatica L.
2398,2398,Mentha piperita L.,,Plantae,Tracheophyta,Magnoliopsida,Lamiales,Lamiaceae,species,ACCEPTED,invasive,terrestrial,CL,present,alien,Mentha piperita,True,8707933,EXACT,100,Mentha × piperita L.
2399,2399,Mentha pulegium L.,,Plantae,Tracheophyta,Magnoliopsida,Lamiales,Lamiaceae,species,ACCEPTED,invasive,terrestrial,CL,present,alien,Mentha pulegium,True,2927189,EXACT,99,Mentha pulegium L.
2400,2400,Mentha suaveolens Ehrh.,,Plantae,Tracheophyta,Magnoliopsida,Lamiales,Lamiaceae,species,ACCEPTED,invasive,terrestrial,CL,present,alien,Mentha suaveolens,True,2927190,EXACT,99,Mentha suaveolens Ehrh.
2401,2401,Mercurialis annua L.,,Plantae,Tracheophyta,Magnoliopsida,Malpighiales,Euphorbiaceae,species,ACCEPTED,invasive,terrestrial,CL,present,alien,Mercurialis annua,True,3062975,EXACT,99,Mercurialis annua L.
2402,2402,Mesembryanthemum crystallinum L.,,Plantae,Tracheophyta,Magnoliopsida,Caryophyllales,Aizoaceae,species,ACCEPTED,,terrestrial,CL,present,alien,Mesembryanthemum crystallinum,False,3084839,EXACT,100,Mesembryanthemum crystallinum L.
2403,2403,Mesembryanthemum nodiflorum L.,,Plantae,Tracheophyta,Magnoliopsida,Caryophyllales,Aizoaceae,species,ACCEPTED,,terrestrial,CL,present,alien,Mesembryanthemum nodiflorum,False,3084837,EXACT,100,Mesembryanthemum nodiflorum L.
2404,2404,Microchloa indica (L.f.) P.Beauv.,,Plantae,Tracheophyta,Liliopsida,Poales,Poaceae,species,ACCEPTED,,terrestrial,CL,present,alien,Microchloa indica,False,4112143,EXACT,99,Microchloa indica (L.f.) P.Beauv.
2405,2405,Mirabilis jalapa L.,,Plantae,Tracheophyta,Magnoliopsida,Caryophyllales,Nyctaginaceae,species,ACCEPTED,,terrestrial,CL,present,alien,Mirabilis jalapa,False,3086240,EXACT,100,Mirabilis jalapa L.
2406,2406,Miscanthus sinensis Andersson,,Plantae,Tracheophyta,Liliopsida,Poales,Poaceae,species,ACCEPTED,,terrestrial,CL,present,alien,Miscanthus sinensis,False,2706026,EXACT,99,Miscanthus sinensis Andersson
2407,2407,Misopates orontium (L.) Raf.,,Plantae,Tracheophyta,Magnoliopsida,Lamiales,Plantaginaceae,species,ACCEPTED,,terrestrial,CL,present,alien,Misopates orontium,False,3171145,EXACT,100,Misopates orontium (L.) Raf.
2408,2408,Modiola caroliniana (L.) G. Don fil.,,Plantae,Tracheophyta,Magnoliopsida,Malvales,Malvaceae,species,ACCEPTED,,terrestrial,CL,present,alien,Modiola caroliniana,False,8338793,EXACT,99,Modiola caroliniana (L.) G.Don
2409,2409,"Molgula ficus (Macdonald, 1859)",,Animalia,Chordata,Ascidiacea,Pleurogona,Molgulidae,species,ACCEPTED,invasive,marine,CL,present,alien,Molgula ficus,True,2331528,EXACT,100,"Molgula ficus (Macdonald, 1859)"
2410,2410,"Molothrus bonariensis (Gmelin, 1789)",,Animalia,Chordata,Aves,Passeriformes,Icteridae,species,ACCEPTED,invasive,terrestrial,CL,present,alien,Molothrus bonariensis,True,2484396,EXACT,100,"Molothrus bonariensis (Gmelin, 1789)"
2411,2411,"Monocorophium insidiosum (Crawford, 1937)","Corophium insidiosum Crawford, 1937",Animalia,Arthropoda,Malacostraca,Amphipoda,Corophiidae,species,HOMOTYPIC_SYNONYM,,marine,CL,present,alien,Monocorophium insidiosum,False,2217353,EXACT,100,"Monocorophium insidiosum (Crawford, 1937)"
2412,2412,"Monomorium floricola (Jerdon, 1851)",,Animalia,Arthropoda,Insecta,Hymenoptera,Formicidae,species,ACCEPTED,,terrestrial,CL,present,alien,Monomorium floricola,False,1314699,EXACT,100,"Monomorium floricola (Jerdon, 1851)"
2413,2413,"Mus musculus Linnaeus, 1758",,Animalia,Chordata,Mammalia,Rodentia,Muridae,species,ACCEPTED,invasive,terrestrial,CL,present,alien,Mus musculus,True,7429082,EXACT,100,"Mus musculus Linnaeus, 1758"
2414,2414,"Mustela vison Schreber, 1777","Neovison vison (Schreber, 1777)",Animalia,Chordata,Mammalia,Carnivora,Mustelidae,species,SYNONYM,invasive,terrestrial|freshwater,CL,present,alien,Mustela vison,True,5218823,EXACT,100,"Mustela vison Schreber, 1777"
2415,2415,"Myiopsitta monachus (Boddaert, 1783)",,Animalia,Chordata,Aves,Psittaciformes,Psittacidae,species,ACCEPTED,invasive,terrestrial,CL,present,alien,Myiopsitta monachus,True,2479407,EXACT,100,"Myiopsitta monachus (Boddaert, 1783)"
2416,2416,Myosotis arvensis (L.) Hill,,Plantae,Tracheophyta,Magnoliopsida,Boraginales,Boraginaceae,species,ACCEPTED,,terrestrial,CL,present,alien,Myosotis arvensis,False,5341170,EXACT,99,Myosotis arvensis (L.) Hill
2417,2417,Myosotis discolor Pers.,,Plantae,Tracheophyta,Magnoliopsida,Boraginales,Boraginaceae,species,ACCEPTED,,terrestrial,CL,present,alien,Myosotis discolor,False,5341177,EXACT,100,Myosotis discolor Pers.
2419,2419,Myosotis latifolia Poir.,,Plantae,Tracheophyta,Magnoliopsida,Boraginales,Boraginaceae,species,ACCEPTED,,terrestrial,CL,present,alien,Myosotis latifolia,False,5341183,EXACT,99,Myosotis latifolia Poir.
2420,2420,Myosotis laxa Lehm.,,Plantae,Tracheophyta,Magnoliopsida,Boraginales,Boraginaceae,species,ACCEPTED,,terrestrial,CL,present,alien,Myosotis laxa,False,12186874,EXACT,99,Myosotis laxa (Sam.) Hyl. ex Nordh.
2421,2421,Myosotis ramosissima Rochel,,Plantae,Tracheophyta,Magnoliopsida,Boraginales,Boraginaceae,species,ACCEPTED,,terrestrial,CL,present,alien,Myosotis ramosissima,False,7589756,EXACT,99,Myosotis ramosissima Rochel
2422,2422,Myosotis scorpioides L.,,Plantae,Tracheophyta,Magnoliopsida,Boraginales,Boraginaceae,species,ACCEPTED,,terrestrial,CL,present,alien,Myosotis scorpioides,False,5341184,EXACT,99,Myosotis scorpioides L.
2423,2423,Myosotis stricta Lk. ex Roem. & Schult.,,Plantae,Tracheophyta,Magnoliopsida,Boraginales,Boraginaceae,species,ACCEPTED,,terrestrial,CL,present,alien,Myosotis stricta,False,5341190,EXACT,99,Myosotis stricta Link ex Roem. & Schult.
2424,2424,"Mytilus galloprovincialis Lamarck, 1819",,Animalia,Mollusca,Bivalvia,Mytiloida,Mytilidae,species,ACCEPTED,,marine,CL,present,alien,Mytilus galloprovincialis,False,2285683,EXACT,100,"Mytilus galloprovincialis Lamarck, 1819"
2425,2425,Nasturtium microphyllum (Boenn. ex Rchb.) Rchb.,,Plantae,Tracheophyta,Magnoliopsida,Brassicales,Brassicaceae,species,ACCEPTED,,freshwater,CL,present,alien,Nasturtium microphyllum,False,9184619,EXACT,99,Nasturtium microphyllum (Boenn. ex Rchb.) Rchb.
2426,2426,"Nasua nasua (Linnaeus, 1766)",,Animalia,Chordata,Mammalia,Carnivora,Procyonidae,species,ACCEPTED,invasive,terrestrial,CL,present,alien,Nasua nasua,True,2433536,EXACT,100,"Nasua nasua (Linnaeus, 1766)"
2427,2427,Nicotiana glauca R. C. Graham,,Plantae,Tracheophyta,Magnoliopsida,Solanales,Solanaceae,species,ACCEPTED,invasive,terrestrial,CL,present,alien,Nicotiana glauca,True,2928783,EXACT,100,Nicotiana glauca Graham
2428,2428,Nicotiana sylvestris Speg.,,Plantae,Tracheophyta,Magnoliopsida,Solanales,Solanaceae,species,ACCEPTED,,terrestrial,CL,present,alien,Nicotiana sylvestris,False,2928767,EXACT,100,Nicotiana sylvestris Speg.
2429,2429,Nicotiana tabacum L.,,Plantae,Tracheophyta,Liliopsida,Solanales,Solanaceae,species,ACCEPTED,,terrestrial,CL,present,alien,Nicotiana tabacum,False,2928774,EXACT,100,Nicotiana tabacum L.
2430,2430,"Nothoprocta perdicaria (Kittlitz, 1830)",,Animalia,Chordata,Aves,Tinamiformes,Tinamidae,species,ACCEPTED,,terrestrial,CL,present,native|alien,Nothoprocta perdicaria,False,2477581,EXACT,100,"Nothoprocta perdicaria (Kittlitz, 1830)"
2431,2431,Nymphaea alba L.,,Plantae,Tracheophyta,Magnoliopsida,Nymphaeales,Nymphaeaceae,species,ACCEPTED,,freshwater,CL,present,alien,Nymphaea alba,False,2882437,EXACT,99,Nymphaea alba L.
2432,2432,"Odontesthes bonariensis (Valenciennes, 1835)",,Animalia,Chordata,Actinopterygii,Atheriniformes,Atherinopsidae,species,ACCEPTED,invasive,freshwater|brackish|marine,CL,present,alien,Odontesthes bonariensis,True,2412370,EXACT,100,"Odontesthes bonariensis (Valenciennes, 1835)"
2433,2433,Oenothera biennis L.,,Plantae,Tracheophyta,Magnoliopsida,Myrtales,Onagraceae,species,ACCEPTED,invasive,terrestrial,CL,present,alien,Oenothera biennis,True,3188924,EXACT,99,Oenothera biennis L.
2434,2434,Oenothera glazioviana M. Micheli,,Plantae,Tracheophyta,Magnoliopsida,Myrtales,Onagraceae,species,ACCEPTED,,terrestrial,CL,present,alien,Oenothera glazioviana,False,3188894,EXACT,99,Oenothera glazioviana Micheli
2435,2435,Oenothera rosea Aiton,,Plantae,Tracheophyta,Magnoliopsida,Myrtales,Onagraceae,species,ACCEPTED,invasive,terrestrial,CL,present,alien,Oenothera rosea,True,3188875,EXACT,100,Oenothera rosea Aiton
2436,2436,Omphalodes linifolia (L.) Moench,,Plantae,Tracheophyta,Magnoliopsida,Boraginales,Boraginaceae,species,ACCEPTED,,terrestrial,CL,present,alien,Omphalodes linifolia,False,9629001,EXACT,100,Omphalodes linifolia (L.) Moench
2437,2437,"Oncorhynchus gorbuscha (Walbaum, 1792)",,Animalia,Chordata,Actinopterygii,Salmoniformes,Salmonidae,species,ACCEPTED,,freshwater|brackish|marine,CL,present,alien,Oncorhynchus gorbuscha,False,5204037,EXACT,100,"Oncorhynchus gorbuscha (Walbaum, 1792)"
2438,2438,"Oncorhynchus keta (Walbaum, 1792)",,Animalia,Chordata,Actinopterygii,Salmoniformes,Salmonidae,species,ACCEPTED,,freshwater|brackish|marine,CL,present,alien,Oncorhynchus keta,False,5204014,EXACT,100,"Oncorhynchus keta (Walbaum, 1792)"
2439,2439,"Oncorhynchus kisutch (Walbaum, 1792)",,Animalia,Chordata,Actinopterygii,Salmoniformes,Salmonidae,species,ACCEPTED,invasive,freshwater|brackish|marine,CL,present,alien,Oncorhynchus kisutch,True,5204034,EXACT,100,"Oncorhynchus kisutch (Walbaum, 1792)"
2440,2440,"Oncorhynchus masou (Brevoort, 1856)",,Animalia,Chordata,Actinopterygii,Salmoniformes,Salmonidae,species,ACCEPTED,,freshwater|brackish|marine,CL,present,alien,Oncorhynchus masou,False,5711979,EXACT,100,"Oncorhynchus masou (Brevoort, 1856)"
2441,2441,"Oncorhynchus mykiss (Walbaum, 1792)",,Animalia,Chordata,Actinopterygii,Salmoniformes,Salmonidae,species,ACCEPTED,invasive,freshwater|brackish|marine,CL,present,alien,Oncorhynchus mykiss,True,5204019,EXACT,100,"Oncorhynchus mykiss (Walbaum, 1792)"
2442,2442,"Oncorhynchus nerka (Walbaum, 1792)",,Animalia,Chordata,Actinopterygii,Salmoniformes,Salmonidae,species,ACCEPTED,,freshwater|brackish|marine,CL,present,alien,Oncorhynchus nerka,False,5204039,EXACT,100,"Oncorhynchus nerka (Walbaum, 1792)"
2443,2443,"Oncorhynchus tshawytscha (Walbaum, 1792)",,Animalia,Chordata,Actinopterygii,Salmoniformes,Salmonidae,species,ACCEPTED,,freshwater|brackish|marine,CL,present,alien,Oncorhynchus tshawytscha,False,5204024,EXACT,100,"Oncorhynchus tshawytscha (Walbaum, 1792)"
2444,2444,"Ondatra zibethicus (Linnaeus, 1766)",,Animalia,Chordata,Mammalia,Rodentia,Muridae,species,ACCEPTED,,terrestrial|freshwater,CL,present,alien,Ondatra zibethicus,False,5219858,EXACT,100,"Ondatra zibethicus (Linnaeus, 1766)"
2445,2445,Onopordum acanthium L.,,Plantae,Tracheophyta,Magnoliopsida,Asterales,Asteraceae,species,DOUBTFUL,invasive,terrestrial,CL,present,alien,Onopordum acanthium,True,3094900,EXACT,100,Onopordum acanthium L.
2446,2446,"Ophiactis savignyi (Müller & Troschel, 1842)",,Animalia,Echinodermata,Ophiuroidea,Ophiurida,Ophiactidae,species,ACCEPTED,,marine,CL,present,cryptogenic|uncertain,Ophiactis savignyi,False,2276151,EXACT,100,"Ophiactis savignyi (Müller & Troschel, 1842)"
2447,2447,Ornithopus compressus L.,,Plantae,Tracheophyta,Magnoliopsida,Fabales,Fabaceae,species,ACCEPTED,,terrestrial,CL,present,alien,Ornithopus compressus,False,5358265,EXACT,99,Ornithopus compressus L.
2448,2448,Ornithopus pinnatus (Mill.) Druce,,Plantae,Tracheophyta,Magnoliopsida,Fabales,Fabaceae,species,ACCEPTED,invasive,terrestrial,CL,present,alien,Ornithopus pinnatus,True,5358260,EXACT,100,Ornithopus pinnatus (Mill.) Druce
2449,2449,Ornithopus sativus Brot.,,Plantae,Tracheophyta,Magnoliopsida,Fabales,Fabaceae,species,ACCEPTED,invasive,terrestrial,CL,present,alien,Ornithopus sativus,True,5358266,EXACT,99,Ornithopus sativus Brot.
2450,2450,Orobanche minor Sm.,,Plantae,Tracheophyta,Magnoliopsida,Lamiales,Orobanchaceae,species,ACCEPTED,invasive,terrestrial,CL,present,alien,Orobanche minor,True,3173271,EXACT,99,Orobanche minor Sm.
2451,2451,Orobanche ramosa Duby,,Plantae,Tracheophyta,Magnoliopsida,Lamiales,Orobanchaceae,species,ACCEPTED,invasive,terrestrial,CL,present,alien,Orobanche ramosa,True,7767780,EXACT,99,"Orobanche ramosa Duby, 1828"
2452,2452,"Orthotomicus erosus (Wollaston, 1857) Wollaston, 1857","Tomicus erosus Wollaston, 1857",Animalia,Arthropoda,Insecta,Coleoptera,Curculionidae,species,HOMOTYPIC_SYNONYM,invasive,terrestrial,CL,present,alien,Orthotomicus erosus,True,8204814,EXACT,99,"Orthotomicus erosus Bright & Skidmore, 1997"
2453,2453,"Oryctolagus cuniculus (Linnaeus, 1758)",,Animalia,Chordata,Mammalia,Lagomorpha,Leporidae,species,ACCEPTED,invasive,terrestrial,CL,present,alien,Oryctolagus cuniculus,True,2436940,EXACT,100,"Oryctolagus cuniculus (Linnaeus, 1758)"
2454,2454,Oryza sativa L.,,Plantae,Tracheophyta,Liliopsida,Poales,Poaceae,species,ACCEPTED,,terrestrial|freshwater,CL,present,alien,Oryza sativa,False,2703459,EXACT,99,Oryza sativa L.
2455,2455,Oxalis articulata Savigny,,Plantae,Tracheophyta,Magnoliopsida,Oxalidales,Oxalidaceae,species,ACCEPTED,invasive,terrestrial,CL,present,alien,Oxalis articulata,True,2891664,EXACT,99,Oxalis articulata Savigny
2456,2456,Oxalis corniculata L.,,Plantae,Tracheophyta,Liliopsida,Oxalidales,Oxalidaceae,species,ACCEPTED,,terrestrial,CL,present,alien,Oxalis corniculata,False,8427624,EXACT,100,Oxalis corniculata L.
2457,2457,Oxalis pes-caprae L.,,Plantae,Tracheophyta,Liliopsida,Oxalidales,Oxalidaceae,species,ACCEPTED,invasive,terrestrial,CL,present,alien,Oxalis pes-caprae,True,2891661,EXACT,99,Oxalis pes-caprae L.
2458,2458,"Oxychilus alliarius (J.S. Miller, 1822) J.S. Miller, 1822",,Animalia,Mollusca,Gastropoda,Stylommatophora,Zonitidae,species,ACCEPTED,,terrestrial,CL,present,alien,Oxychilus alliarius,False,5190769,EXACT,100,"Oxychilus alliarius (J.S.Miller, 1822)"
2459,2459,Panicum capillare L.,,Plantae,Tracheophyta,Liliopsida,Poales,Poaceae,species,ACCEPTED,invasive,terrestrial,CL,present,alien,Panicum capillare,True,2705162,EXACT,99,Panicum capillare L.
2460,2460,Panicum dichotomiflorum Michx.,,Plantae,Tracheophyta,Liliopsida,Poales,Poaceae,species,ACCEPTED,invasive,terrestrial,CL,present,alien,Panicum dichotomiflorum,True,2705144,EXACT,100,Panicum dichotomiflorum Michx.
2461,2461,Panicum miliaceum L.,,Plantae,Tracheophyta,Liliopsida,Poales,Poaceae,species,ACCEPTED,,terrestrial,CL,present,alien,Panicum miliaceum,False,2705090,EXACT,99,Panicum miliaceum L.
2462,2462,Papaver dubium L.,,Plantae,Tracheophyta,Magnoliopsida,Ranunculales,Papaveraceae,species,ACCEPTED,,terrestrial,CL,present,alien,Papaver dubium,False,2888464,EXACT,99,Papaver dubium L.
2463,2463,Papaver hybridum L.,,Plantae,Tracheophyta,Magnoliopsida,Ranunculales,Papaveraceae,species,ACCEPTED,invasive,terrestrial,CL,present,alien,Papaver hybridum,True,9587676,EXACT,99,Papaver hybridum L.
2464,2464,Papaver rhoeas L.,,Plantae,Tracheophyta,Magnoliopsida,Ranunculales,Papaveraceae,species,ACCEPTED,invasive,terrestrial,CL,present,alien,Papaver rhoeas,True,2888443,EXACT,99,Papaver rhoeas L.
2465,2465,Papaver somniferum L.,,Plantae,Tracheophyta,Magnoliopsida,Ranunculales,Papaveraceae,species,ACCEPTED,,terrestrial,CL,present,alien,Papaver somniferum,False,2888439,EXACT,100,Papaver somniferum L.
2466,2466,"Paralichthys olivaceus (Temminck & Schlegel, 1846)",,Animalia,Chordata,Actinopterygii,Pleuronectiformes,Paralichthyidae,species,ACCEPTED,,marine,CL,present,alien,Paralichthys olivaceus,False,2408877,EXACT,100,"Paralichthys olivaceus (Temminck & Schlegel, 1846)"
2467,2467,Parapholis incurva (L.) C.E.Hubb.,,Plantae,Tracheophyta,Liliopsida,Poales,Poaceae,species,ACCEPTED,invasive,terrestrial,CL,present,alien,Parapholis incurva,True,5290069,EXACT,100,Parapholis incurva (L.) C.E.Hubb.
2468,2468,Parapholis strigosa (Dumort.) C.E.Hubb.,,Plantae,Tracheophyta,Liliopsida,Poales,Poaceae,species,ACCEPTED,,terrestrial,CL,present,alien,Parapholis strigosa,False,5290068,EXACT,99,Parapholis strigosa (Dumort.) C.E.Hubb.
2469,2469,"Paratrechina longicornis (Latreille, 1802)",,Animalia,Arthropoda,Insecta,Hymenoptera,Formicidae,species,ACCEPTED,,terrestrial,CL,present,alien,Paratrechina longicornis,False,1325561,EXACT,100,"Paratrechina longicornis (Latreille, 1802)"
2470,2470,Parentucellia latifolia,,Plantae,Tracheophyta,Magnoliopsida,Lamiales,Orobanchaceae,species,ACCEPTED,,terrestrial,CL,present,alien,Parentucellia latifolia,False,8049400,EXACT,100,Parentucellia latifolia (L.) Caruel
2471,2471,Parentucellia viscosa (L.) Caruel,,Plantae,Tracheophyta,Magnoliopsida,Lamiales,Orobanchaceae,species,ACCEPTED,,terrestrial,CL,present,alien,Parentucellia viscosa,False,7733140,EXACT,99,Parentucellia viscosa (L.) Caruel
2472,2472,Parietaria judaica L.,,Plantae,Tracheophyta,Magnoliopsida,Rosales,Urticaceae,species,ACCEPTED,invasive,terrestrial,CL,present,alien,Parietaria judaica,True,5361801,EXACT,99,Parietaria judaica L.
2473,2473,"Paroaria coronata (J. F. Miller, 1776)",,Animalia,Chordata,Aves,Passeriformes,Emberizidae,species,ACCEPTED,,terrestrial,CL,present,alien,Paroaria coronata,False,2492081,EXACT,100,"Paroaria coronata (J.F.Miller, 1776)"
2474,2474,Paspalum paspalodes (Michx.) Scribn.,Paspalum distichum L.,Plantae,Tracheophyta,Liliopsida,Poales,Poaceae,species,SYNONYM,,terrestrial,CL,present,alien,Paspalum paspalodes,False,2705622,EXACT,100,Paspalum paspalodes (Michx.) Scribn.
2475,2475,Paspalum urvillei Steud.,,Plantae,Tracheophyta,Liliopsida,Poales,Poaceae,species,ACCEPTED,invasive,terrestrial,CL,present,alien,Paspalum urvillei,True,2705650,EXACT,100,Paspalum urvillei Steud.
2476,2476,"Passer domesticus (Linnaeus, 1758)",,Animalia,Chordata,Aves,Passeriformes,Passeridae,species,ACCEPTED,,terrestrial,CL,present,alien,Passer domesticus,False,5231190,EXACT,100,"Passer domesticus (Linnaeus, 1758)"
2477,2477,Pastinaca sativa L.,,Plantae,Tracheophyta,Magnoliopsida,Apiales,Apiaceae,species,ACCEPTED,invasive,terrestrial,CL,present,alien,Pastinaca sativa,True,8262702,EXACT,99,Pastinaca sativa L.
2478,2478,"Penaeus stylirostris Stimpson, 1874","Litopenaeus stylirostris (Stimpson, 1874)",Animalia,Arthropoda,Malacostraca,Decapoda,Penaeidae,species,SYNONYM,,brackish|marine,CL,present,alien,Penaeus stylirostris,False,2223879,EXACT,100,"Penaeus stylirostris Stimpson, 1874"
2479,2479,"Penaeus vannamei Boone, 1931","Litopenaeus vannamei (Boone, 1931)",Animalia,Arthropoda,Malacostraca,Decapoda,Penaeidae,species,SYNONYM,,brackish|marine,CL,present,alien,Penaeus vannamei,False,2223872,EXACT,100,"Penaeus vannamei Boone, 1931"
2480,2480,Pennisetum clandestinum Hochst. ex Chiov.,,Plantae,Tracheophyta,Liliopsida,Poales,Poaceae,species,ACCEPTED,invasive,terrestrial,CL,present,alien,Pennisetum clandestinum,True,5828201,EXACT,99,Pennisetum clandestinum Hochst. ex Chiov.
2481,2481,Pennisetum villosum Fresen.,,Plantae,Tracheophyta,Liliopsida,Poales,Poaceae,species,ACCEPTED,invasive,terrestrial,CL,present,alien,Pennisetum villosum,True,5290192,EXACT,99,Pennisetum villosum Fresen.
2482,2482,Petrorhagia dubia (Raf.) G. López González & Á.M. Romo,,Plantae,Tracheophyta,Magnoliopsida,Caryophyllales,Caryophyllaceae,species,ACCEPTED,invasive,terrestrial,CL,present,alien,Petrorhagia dubia,True,3085625,EXACT,100,Petrorhagia dubia (Raf.) G.López & Romo
2483,2483,Petrorhagia prolifera (L.) P. W. Ball & Heywood,,Plantae,Tracheophyta,Magnoliopsida,Caryophyllales,Caryophyllaceae,species,ACCEPTED,,terrestrial,CL,present,alien,Petrorhagia prolifera,False,3085619,EXACT,100,Petrorhagia prolifera (L.) P.W.Ball & Heywood
2484,2484,Petroselinum crispum (Mill.) Nyman ex A. W. Hill,,Plantae,Tracheophyta,Magnoliopsida,Apiales,Apiaceae,species,ACCEPTED,,terrestrial,CL,present,alien,Petroselinum crispum,False,7828157,EXACT,99,Petroselinum crispum (Mill.) Fuss
2485,2485,Petunia parviflora Juss.,Calibrachoa parviflora (Jussieu) W.G. D'Arcy,Plantae,Tracheophyta,Magnoliopsida,Solanales,Solanaceae,species,SYNONYM,,terrestrial,CL,present,alien,Petunia parviflora,False,2928905,EXACT,100,Petunia parviflora Juss.
2486,2486,Phalaris aquatica L.,,Plantae,Tracheophyta,Liliopsida,Poales,Poaceae,species,ACCEPTED,invasive,terrestrial|freshwater,CL,present,alien,Phalaris aquatica,True,5289746,EXACT,99,Phalaris aquatica L.
2487,2487,Phalaris arundinacea L.,,Plantae,Tracheophyta,Liliopsida,Poales,Poaceae,species,ACCEPTED,invasive,terrestrial|freshwater,CL,present,alien,Phalaris arundinacea,True,5289756,EXACT,99,Phalaris arundinacea L.
2488,2488,Phalaris canariensis L.,,Plantae,Tracheophyta,Liliopsida,Poales,Poaceae,species,ACCEPTED,invasive,terrestrial|freshwater,CL,present,alien,Phalaris canariensis,True,5289744,EXACT,99,Phalaris canariensis L.
2489,2489,Phalaris caroliniana Walter,,Plantae,Tracheophyta,Liliopsida,Poales,Poaceae,species,ACCEPTED,,terrestrial|freshwater,CL,present,alien,Phalaris caroliniana,False,5289760,EXACT,100,Phalaris caroliniana Walter
2490,2490,Phalaris minor Retz.,,Plantae,Tracheophyta,Liliopsida,Poales,Poaceae,species,ACCEPTED,invasive,terrestrial|freshwater,CL,present,alien,Phalaris minor,True,5289752,EXACT,100,Phalaris minor Retz.
2491,2491,"Phasianus colchicus Linnaeus, 1758",,Animalia,Chordata,Aves,Galliformes,Phasianidae,species,ACCEPTED,,terrestrial,CL,present,alien,Phasianus colchicus,False,9752149,EXACT,100,"Phasianus colchicus Linnaeus, 1758"
2492,2492,Phleum pratense,,Plantae,Tracheophyta,Liliopsida,Poales,Poaceae,species,ACCEPTED,,terrestrial,CL,present,alien,Phleum pratense,False,9014945,EXACT,100,Phleum pratense L.
2493,2493,"Phoracantha recurva Newman, 1840",,Animalia,Arthropoda,Insecta,Coleoptera,Cerambycidae,species,ACCEPTED,,terrestrial,CL,present,alien,Phoracantha recurva,False,1114246,EXACT,99,"Phoracantha recurva Newman, 1840"
2494,2494,"Phoracantha semipunctata (Fabricius, 1775)",,Animalia,Arthropoda,Insecta,Coleoptera,Cerambycidae,species,ACCEPTED,,terrestrial,CL,present,alien,Phoracantha semipunctata,False,1114140,EXACT,99,"Phoracantha semipunctata (Fabricius, 1775)"
2495,2495,Phragmites australis (Cav.) Trin. ex Steud.,,Plantae,Tracheophyta,Liliopsida,Poales,Poaceae,species,ACCEPTED,,terrestrial|freshwater,CL,present,alien,Phragmites australis,False,5290149,EXACT,99,Phragmites australis (Cav.) Trin. ex Steud.
2496,2496,Phyla canescens (Kunth) Greene,Phyla nodiflora (L.) Greene,Plantae,Tracheophyta,Magnoliopsida,Lamiales,Verbenaceae,species,SYNONYM,,terrestrial,CL,present,alien,Phyla canescens,False,5341112,EXACT,100,Phyla canescens (Kunth) Greene
2498,2498,Physalis peruviana L.,,Plantae,Tracheophyta,Magnoliopsida,Solanales,Solanaceae,species,ACCEPTED,invasive,terrestrial,CL,present,alien,Physalis peruviana,True,5341784,EXACT,99,Physalis peruviana L.
2499,2499,Physalis pubescens L.,,Plantae,Tracheophyta,Magnoliopsida,Solanales,Solanaceae,species,ACCEPTED,,terrestrial,CL,present,alien,Physalis pubescens,False,5341819,EXACT,99,Physalis pubescens L.
2500,2500,Physalis viscosa L.,,Plantae,Tracheophyta,Magnoliopsida,Solanales,Solanaceae,species,ACCEPTED,invasive,terrestrial,CL,present,alien,Physalis viscosa,True,5341766,EXACT,99,Physalis viscosa L.
2501,2501,"Phytophthora cinnamomi Rands, 1922",,Chromista,Oomycota,Oomycetes,Peronosporales,Peronosporaceae,species,ACCEPTED,,host,CL,present,alien,Phytophthora cinnamomi,False,3203682,EXACT,100,Phytophthora cinnamomi Rands
2502,2502,"Phytophthora pinifolia Alv. Durán, Gryzenh. & M.J. Wingf., 2008",,Chromista,Oomycota,Oomycetes,Peronosporales,Peronosporaceae,species,ACCEPTED,invasive,host,CL,present,cryptogenic|uncertain,Phytophthora pinifolia,True,3203643,EXACT,100,"Phytophthora pinifolia Alv.Durán, Gryzenh. & M.J.Wingf."
2503,2503,Picris echioides L.,Helminthotheca echioides (L.) Lack,Plantae,Tracheophyta,Magnoliopsida,Asterales,Asteraceae,species,HOMOTYPIC_SYNONYM,,terrestrial,CL,present,alien,Picris echioides,False,3141855,EXACT,100,Picris echioides L.
2504,2504,Pinus contorta Douglas ex Loudon,,Plantae,Pinophyta,Pinopsida,Pinales,Pinaceae,species,ACCEPTED,invasive,terrestrial,CL,present,alien,Pinus contorta,True,5285750,EXACT,99,Pinus contorta Douglas ex Loudon
2505,2505,Pinus radiata D. Don,,Plantae,Pinophyta,Pinopsida,Pinales,Pinaceae,species,ACCEPTED,invasive,terrestrial,CL,present,alien,Pinus radiata,True,5285727,EXACT,100,Pinus radiata D.Don
2506,2506,Piptatherum miliaceum E.Fourn.,,Plantae,Tracheophyta,Liliopsida,Poales,Poaceae,species,ACCEPTED,,terrestrial,CL,present,alien,Piptatherum miliaceum,False,8149531,EXACT,99,"Piptatherum miliaceum E.Fourn., 1866"
2507,2507,Pistia stratiotes L.,,Plantae,Tracheophyta,Liliopsida,Alismatales,Araceae,species,ACCEPTED,invasive,freshwater,CL,present,alien,Pistia stratiotes,True,2870583,EXACT,100,Pistia stratiotes L.
2508,2508,Plantago coronopus L.,,Plantae,Tracheophyta,Magnoliopsida,Lamiales,Plantaginaceae,species,ACCEPTED,,terrestrial,CL,present,alien,Plantago coronopus,False,3189739,EXACT,99,Plantago coronopus L.
2509,2509,Plantago lanceolata L.,,Plantae,Tracheophyta,Magnoliopsida,Lamiales,Plantaginaceae,species,ACCEPTED,invasive,terrestrial,CL,present,alien,Plantago lanceolata,True,8208358,EXACT,99,Plantago lanceolata L.
2510,2510,Plantago major L.,,Plantae,Tracheophyta,Magnoliopsida,Lamiales,Plantaginaceae,species,ACCEPTED,invasive,terrestrial,CL,present,alien,Plantago major,True,3189767,EXACT,99,Plantago major L.
2511,2511,Poa annua L.,,Plantae,Tracheophyta,Liliopsida,Poales,Poaceae,species,ACCEPTED,,terrestrial,CL,present,alien,Poa annua,False,2704179,EXACT,99,Poa annua L.
2512,2512,Poa bulbosa L.,,Plantae,Tracheophyta,Liliopsida,Poales,Poaceae,species,ACCEPTED,,terrestrial,CL,present,alien,Poa bulbosa,False,8086756,EXACT,99,Poa bulbosa L.
2513,2513,Poa compressa L.,,Plantae,Tracheophyta,Liliopsida,Poales,Poaceae,species,ACCEPTED,,terrestrial,CL,present,alien,Poa compressa,False,2704265,EXACT,99,Poa compressa L.
2514,2514,Poa glauca Vahl,,Plantae,Tracheophyta,Liliopsida,Poales,Poaceae,species,ACCEPTED,,terrestrial,CL,present,alien,Poa glauca,False,2704218,EXACT,99,Poa glauca Vahl
2515,2515,Poa infirma Kunth,,Plantae,Tracheophyta,Liliopsida,Poales,Poaceae,species,ACCEPTED,,terrestrial,CL,present,alien,Poa infirma,False,2704194,EXACT,100,Poa infirma Kunth
2516,2516,Poa nemoralis L.,,Plantae,Tracheophyta,Liliopsida,Poales,Poaceae,species,ACCEPTED,,terrestrial,CL,present,alien,Poa nemoralis,False,2704300,EXACT,99,Poa nemoralis L.
2517,2517,Poa palustris L.,,Plantae,Tracheophyta,Liliopsida,Poales,Poaceae,species,ACCEPTED,,terrestrial,CL,present,alien,Poa palustris,False,2704261,EXACT,99,Poa palustris L.
2518,2518,Poa pratensis L.,,Plantae,Tracheophyta,Liliopsida,Poales,Poaceae,species,ACCEPTED,,terrestrial,CL,present,alien,Poa pratensis,False,2704178,EXACT,99,Poa pratensis L.
2520,2520,Poa stenantha Trin.,,Plantae,Tracheophyta,Liliopsida,Poales,Poaceae,species,ACCEPTED,,terrestrial,CL,present,alien,Poa stenantha,False,2704314,EXACT,99,Poa stenantha Trin.
2521,2521,Poa trivialis L.,,Plantae,Tracheophyta,Liliopsida,Poales,Poaceae,species,ACCEPTED,,terrestrial,CL,present,alien,Poa trivialis,False,8300875,EXACT,99,Poa trivialis L.
2522,2522,Polycarpon tetraphyllum (L.) L.,,Plantae,Tracheophyta,Magnoliopsida,Caryophyllales,Caryophyllaceae,species,ACCEPTED,,terrestrial,CL,present,alien,Polycarpon tetraphyllum,False,3085381,EXACT,100,Polycarpon tetraphyllum (L.) L.
2523,2523,Polygonum acuminatum Kunth,Persicaria acuminata (Kunth) M. Gómez,Plantae,Tracheophyta,Magnoliopsida,Caryophyllales,Polygonaceae,species,SYNONYM,,terrestrial,CL,present,alien,Polygonum acuminatum,False,11144339,EXACT,99,Polygonum acuminatum Cavaco
2524,2524,Polygonum aviculare L.,,Plantae,Tracheophyta,Magnoliopsida,Caryophyllales,Polygonaceae,species,ACCEPTED,,terrestrial,CL,present,alien,Polygonum aviculare,False,7821030,EXACT,99,Polygonum aviculare L.
2525,2525,Polygonum brasiliense K. Koch,,Plantae,Tracheophyta,Magnoliopsida,Caryophyllales,Polygonaceae,species,ACCEPTED,,terrestrial,CL,present,alien,Polygonum brasiliense,False,5651892,EXACT,100,Polygonum brasiliense K.Koch
2526,2526,Polygonum campanulatum J. D. Hooker,Koenigia campanulata (Hook.f.) T.M.Schust. & Reveal,Plantae,Tracheophyta,Magnoliopsida,Caryophyllales,Polygonaceae,species,SYNONYM,,terrestrial,CL,present,alien,Polygonum campanulatum,False,9018536,EXACT,100,Polygonum campanulatum Hook.fil.
2528,2528,Polygonum hydropiperoides Pursh,,Plantae,Tracheophyta,Magnoliopsida,Caryophyllales,Polygonaceae,species,ACCEPTED,invasive,terrestrial,CL,present,alien,Polygonum hydropiperoides,True,8147126,EXACT,99,"Polygonum hydropiperoides Pursh, 1813"
2530,2530,Polygonum maritimum L.,,Plantae,Tracheophyta,Magnoliopsida,Caryophyllales,Polygonaceae,species,ACCEPTED,,terrestrial,CL,present,alien,Polygonum maritimum,False,8195379,EXACT,99,Polygonum maritimum L.
2531,2531,Polygonum orientale Wall.,,Plantae,Tracheophyta,Magnoliopsida,Caryophyllales,Polygonaceae,species,ACCEPTED,invasive,terrestrial,CL,present,alien,Polygonum orientale,True,11042282,EXACT,99,"Polygonum orientale R.Br., 1810"
2532,2532,Polygonum persicaria Hook. & Arn.,,Plantae,Tracheophyta,Magnoliopsida,Caryophyllales,Polygonaceae,species,ACCEPTED,invasive,terrestrial,CL,present,alien,Polygonum persicaria,True,7600308,EXACT,99,"Polygonum persicaria Wahlenb. ex Nyman, 1881"
2533,2533,Polypogon maritimus Willd.,,Plantae,Tracheophyta,Liliopsida,Poales,Poaceae,species,ACCEPTED,,terrestrial,CL,present,alien,Polypogon maritimus,False,5289913,EXACT,99,Polypogon maritimus Willd.
2534,2534,Polypogon monspeliensis (L.) Desf.,,Plantae,Tracheophyta,Liliopsida,Poales,Poaceae,species,ACCEPTED,,terrestrial,CL,present,alien,Polypogon monspeliensis,False,5289917,EXACT,99,Polypogon monspeliensis (L.) Desf.
2535,2535,Polypogon viridis (Gouan) Breistr.,,Plantae,Tracheophyta,Liliopsida,Poales,Poaceae,species,ACCEPTED,invasive,terrestrial,CL,present,alien,Polypogon viridis,True,5289919,EXACT,100,Polypogon viridis (Gouan) Breistr.
2536,2536,Populus nigra L.,,Plantae,Tracheophyta,Magnoliopsida,Malpighiales,Salicaceae,species,ACCEPTED,,terrestrial,CL,present,alien,Populus nigra,False,3040227,EXACT,99,Populus nigra L.
2537,2537,Porophyllum ruderale (Jacq.) Cass.,,Plantae,Tracheophyta,Magnoliopsida,Asterales,Asteraceae,species,DOUBTFUL,,terrestrial,CL,present,alien,Porophyllum ruderale,False,3103948,EXACT,99,Porophyllum ruderale (Jacq.) Cass.
2538,2538,Portulaca oleracea L.,,Plantae,Tracheophyta,Magnoliopsida,Caryophyllales,Portulacaceae,species,ACCEPTED,,terrestrial,CL,present,alien,Portulaca oleracea,False,3084719,EXACT,100,Portulaca oleracea L.
2539,2539,Potamogeton pusillus L.,,Plantae,Tracheophyta,Liliopsida,Alismatales,Potamogetonaceae,species,ACCEPTED,,freshwater,CL,present,alien,Potamogeton pusillus,False,8351789,EXACT,100,Potamogeton pusillus L.
2540,2540,Potentilla anserina L.,Argentina anserina (L.) Rydb.,Plantae,Tracheophyta,Magnoliopsida,Rosales,Rosaceae,species,SYNONYM,invasive,terrestrial,CL,present,alien,Potentilla anserina,True,5367246,EXACT,99,Potentilla anserina L.
2541,2541,Potentilla reptans L.,,Plantae,Tracheophyta,Magnoliopsida,Rosales,Rosaceae,species,ACCEPTED,invasive,terrestrial,CL,present,alien,Potentilla reptans,True,5367273,EXACT,99,Potentilla reptans L.
2542,2542,Prunella vulgaris L.,,Plantae,Tracheophyta,Magnoliopsida,Lamiales,Lamiaceae,species,ACCEPTED,,terrestrial,CL,present,alien,Prunella vulgaris,False,5341297,EXACT,99,Prunella vulgaris L.
2543,2543,"Psetta maxima (Linnaeus, 1758)","Scophthalmus maximus (Linnaeus, 1758)",Animalia,Chordata,Actinopterygii,Pleuronectiformes,Scophthalmidae,species,SYNONYM,,brackish|marine,CL,present,alien,Psetta maxima,False,2409418,EXACT,100,"Psetta maxima (Linnaeus, 1758)"
2544,2544,Pseudognaphalium luteoalbum (L.) Hilliard & B.L.Burtt,Laphangium luteoalbum (L.) Tzvelev,Plantae,Tracheophyta,Magnoliopsida,Asterales,Asteraceae,species,SYNONYM,,terrestrial,CL,present,alien,Pseudognaphalium luteoalbum,False,3131229,EXACT,100,Pseudognaphalium luteoalbum (L.) Hilliard & B.L.Burtt
2545,2545,Pyrolirion tubiflorum,,Plantae,Tracheophyta,Liliopsida,Asparagales,Amaryllidaceae,species,ACCEPTED,,terrestrial,CL,present,alien,Pyrolirion tubiflorum,False,8140253,EXACT,100,Pyrolirion tubiflorum (L'Hér.) M.Roem.
2546,2546,"Rana catesbeiana Shaw, 1802","Lithobates catesbeianus (Shaw, 1802)",Animalia,Chordata,Amphibia,Anura,Ranidae,species,SYNONYM,invasive,terrestrial|freshwater,CL,present,alien,Rana catesbeiana,True,2427091,EXACT,100,"Rana catesbeiana Shaw, 1802"
2547,2547,Ranunculus arvensis L.,,Plantae,Tracheophyta,Magnoliopsida,Ranunculales,Ranunculaceae,species,ACCEPTED,invasive,terrestrial,CL,present,alien,Ranunculus arvensis,True,3033348,EXACT,100,Ranunculus arvensis L.
2548,2548,Ranunculus muricatus L.,,Plantae,Tracheophyta,Magnoliopsida,Ranunculales,Ranunculaceae,species,ACCEPTED,invasive,terrestrial,CL,present,alien,Ranunculus muricatus,True,3033318,EXACT,99,Ranunculus muricatus L.
2549,2549,Ranunculus parviflorus L.,,Plantae,Tracheophyta,Magnoliopsida,Ranunculales,Ranunculaceae,species,ACCEPTED,invasive,terrestrial,CL,present,alien,Ranunculus parviflorus,True,11011124,EXACT,99,Ranunculus parviflorus Loefl.
2550,2550,Ranunculus repens var. flore-pleno DC.,,Plantae,Tracheophyta,Magnoliopsida,Ranunculales,Ranunculaceae,variety,ACCEPTED,invasive,terrestrial,CL,present,alien,Ranunculus repens,True,3033339,EXACT,99,Ranunculus repens L.
2551,2551,Ranunculus sceleratus L.,,Plantae,Tracheophyta,Magnoliopsida,Ranunculales,Ranunculaceae,species,ACCEPTED,invasive,terrestrial,CL,present,alien,Ranunculus sceleratus,True,3033374,EXACT,100,Ranunculus sceleratus L.
2552,2552,Raphanus raphanistrum L.,,Plantae,Tracheophyta,Magnoliopsida,Brassicales,Brassicaceae,species,ACCEPTED,invasive,terrestrial,CL,present,alien,Raphanus raphanistrum,True,3040983,EXACT,99,Raphanus raphanistrum L.
2553,2553,Raphanus sativus L.,,Plantae,Tracheophyta,Magnoliopsida,Brassicales,Brassicaceae,species,ACCEPTED,invasive,terrestrial,CL,present,alien,Raphanus sativus,True,7678610,EXACT,100,Raphanus sativus L.
2554,2554,Rapistrum rugosum (L.) All.,,Plantae,Tracheophyta,Magnoliopsida,Brassicales,Brassicaceae,species,ACCEPTED,invasive,terrestrial,CL,present,alien,Rapistrum rugosum,True,5373368,EXACT,99,Rapistrum rugosum (L.) All.
2555,2555,"Rattus norvegicus (Berkenhout, 1769)",,Animalia,Chordata,Mammalia,Rodentia,Muridae,species,ACCEPTED,invasive,terrestrial,CL,present,alien,Rattus norvegicus,True,2439261,EXACT,100,"Rattus norvegicus (Berkenhout, 1769)"
2556,2556,"Rattus rattus (Linnaeus, 1758)",,Animalia,Chordata,Mammalia,Rodentia,Muridae,species,ACCEPTED,invasive,terrestrial,CL,present,alien,Rattus rattus,True,2439270,EXACT,100,"Rattus rattus (Linnaeus, 1758)"
2557,2557,Reseda decursiva Forsk.,,Plantae,Tracheophyta,Magnoliopsida,Brassicales,Resedaceae,species,ACCEPTED,,terrestrial,CL,present,alien,Reseda decursiva,False,3916426,EXACT,100,Reseda decursiva Forssk.
2558,2558,Reseda luteola L.,,Plantae,Tracheophyta,Magnoliopsida,Brassicales,Resedaceae,species,ACCEPTED,,terrestrial,CL,present,alien,Reseda luteola,False,3040251,EXACT,100,Reseda luteola L.
2559,2559,Reseda odorata L.,,Plantae,Tracheophyta,Magnoliopsida,Brassicales,Resedaceae,species,ACCEPTED,,terrestrial,CL,present,alien,Reseda odorata,False,3040255,EXACT,99,Reseda odorata L.
2560,2560,Reseda phyteuma L.,,Plantae,Tracheophyta,Magnoliopsida,Brassicales,Resedaceae,species,ACCEPTED,,terrestrial,CL,present,alien,Reseda phyteuma,False,3040253,EXACT,99,Reseda phyteuma L.
2561,2561,Rhynchosia minima (L.) DC.,,Plantae,Tracheophyta,Magnoliopsida,Fabales,Fabaceae,species,ACCEPTED,,terrestrial,CL,present,alien,Rhynchosia minima,False,5350585,EXACT,99,Rhynchosia minima (L.) DC.
2562,2562,Ricinus communis L.,,Plantae,Tracheophyta,Magnoliopsida,Malpighiales,Euphorbiaceae,species,ACCEPTED,invasive,terrestrial,CL,present,alien,Ricinus communis,True,5380041,EXACT,100,Ricinus communis L.
2563,2563,Robinia pseudoacacia L.,,Plantae,Tracheophyta,Magnoliopsida,Fabales,Fabaceae,species,ACCEPTED,,terrestrial,CL,present,alien,Robinia pseudoacacia,False,5352251,EXACT,100,Robinia pseudoacacia L.
2564,2564,Rorippa nasturtium-aquaticum (L.) Hayek,Nasturtium officinale W.T. Aiton,Plantae,Tracheophyta,Magnoliopsida,Brassicales,Brassicaceae,species,SYNONYM,invasive,freshwater,CL,present,alien,Rorippa nasturtium-aquaticum,True,7572471,EXACT,99,Rorippa nasturtium-aquaticum Schinz & Thell.
2565,2565,Rorippa sylvestris (L.) Besser,,Plantae,Tracheophyta,Magnoliopsida,Brassicales,Brassicaceae,species,ACCEPTED,,terrestrial|freshwater,CL,present,alien,Rorippa sylvestris,False,3053376,EXACT,100,Rorippa sylvestris (L.) Besser
2566,2566,Rosa canina L.,,Plantae,Tracheophyta,Magnoliopsida,Rosales,Rosaceae,species,ACCEPTED,,terrestrial,CL,present,alien,Rosa canina,False,3002461,EXACT,99,Rosa canina L.
2567,2567,Rosa rubiginosa L.,,Plantae,Tracheophyta,Magnoliopsida,Rosales,Rosaceae,species,ACCEPTED,,terrestrial,CL,present,alien,Rosa rubiginosa,False,8174785,EXACT,99,Rosa rubiginosa L.
2568,2568,Rubia tinctorum L.,,Plantae,Tracheophyta,Magnoliopsida,Gentianales,Rubiaceae,species,ACCEPTED,,terrestrial,CL,present,alien,Rubia tinctorum,False,2892272,EXACT,99,Rubia tinctorum L.
2569,2569,Rubus constrictus P. J. Müll. & Lefevre,,Plantae,Tracheophyta,Magnoliopsida,Rosales,Rosaceae,species,ACCEPTED,,terrestrial,CL,present,alien,Rubus constrictus,False,2999327,EXACT,100,Rubus constrictus P.J.Müll. & Lefèvre
2570,2570,Rubus ulmifolius Schott,,Plantae,Tracheophyta,Magnoliopsida,Rosales,Rosaceae,species,ACCEPTED,invasive,terrestrial,CL,present,alien,Rubus ulmifolius,True,2996929,EXACT,99,Rubus ulmifolius Schott
2571,2571,Rumex acetosa L.,,Plantae,Tracheophyta,Magnoliopsida,Caryophyllales,Polygonaceae,species,ACCEPTED,,terrestrial,CL,present,alien,Rumex acetosa,False,2888951,EXACT,100,Rumex acetosa L.
2572,2572,Rumex acetosella L.,,Plantae,Tracheophyta,Magnoliopsida,Caryophyllales,Polygonaceae,species,ACCEPTED,,terrestrial,CL,present,alien,Rumex acetosella,False,2888995,EXACT,99,Rumex acetosella L.
2573,2573,Rumex conglomeratus Murray,,Plantae,Tracheophyta,Magnoliopsida,Caryophyllales,Polygonaceae,species,ACCEPTED,,terrestrial,CL,present,alien,Rumex conglomeratus,False,2888963,EXACT,100,Rumex conglomeratus Murray
2574,2574,Rumex crispus L.,,Plantae,Tracheophyta,Magnoliopsida,Caryophyllales,Polygonaceae,species,ACCEPTED,,terrestrial,CL,present,alien,Rumex crispus,False,8195144,EXACT,99,Rumex crispus L.
2575,2575,Rumex cristatus DC.,,Plantae,Tracheophyta,Magnoliopsida,Caryophyllales,Polygonaceae,species,ACCEPTED,,terrestrial,CL,present,alien,Rumex cristatus,False,2889010,EXACT,99,Rumex cristatus DC.
2576,2576,Rumex longifolius DC.,,Plantae,Tracheophyta,Magnoliopsida,Caryophyllales,Polygonaceae,species,ACCEPTED,,terrestrial,CL,present,alien,Rumex longifolius,False,2888946,EXACT,99,Rumex longifolius DC.
2577,2577,Rumex obtusifolius L.,,Plantae,Tracheophyta,Magnoliopsida,Caryophyllales,Polygonaceae,species,ACCEPTED,invasive,terrestrial,CL,present,alien,Rumex obtusifolius,True,2889011,EXACT,99,Rumex obtusifolius L.
2578,2578,Rumex pulcher L.,,Plantae,Tracheophyta,Magnoliopsida,Caryophyllales,Polygonaceae,species,ACCEPTED,,terrestrial,CL,present,alien,Rumex pulcher,False,2888978,EXACT,99,Rumex pulcher L.
2579,2579,Rumex sanguineus L.,,Plantae,Tracheophyta,Magnoliopsida,Caryophyllales,Polygonaceae,species,ACCEPTED,,terrestrial,CL,present,alien,Rumex sanguineus,False,2888960,EXACT,99,Rumex sanguineus L.
2580,2580,Ruta chalepensis L.,,Plantae,Tracheophyta,Magnoliopsida,Sapindales,Rutaceae,species,ACCEPTED,,terrestrial,CL,present,alien,Ruta chalepensis,False,3190381,EXACT,99,Ruta chalepensis L.
2581,2581,Sagina apetala Ard.,,Plantae,Tracheophyta,Magnoliopsida,Caryophyllales,Caryophyllaceae,species,ACCEPTED,,terrestrial,CL,present,alien,Sagina apetala,False,8941837,EXACT,99,Sagina apetala Ard.
2582,2582,Sagina procumbens L.,,Plantae,Tracheophyta,Magnoliopsida,Caryophyllales,Caryophyllaceae,species,ACCEPTED,,terrestrial,CL,present,alien,Sagina procumbens,False,3085402,EXACT,99,Sagina procumbens L.
2583,2583,Salix alba L.,,Plantae,Tracheophyta,Magnoliopsida,Malpighiales,Salicaceae,species,ACCEPTED,,terrestrial,CL,present,alien,Salix alba,False,5372513,EXACT,99,Salix alba L.
2584,2584,Salix babylonica L.,,Plantae,Tracheophyta,Magnoliopsida,Malpighiales,Salicaceae,species,ACCEPTED,,terrestrial,CL,present,alien,Salix babylonica,False,5372639,EXACT,100,Salix babylonica L.
2585,2585,Salix viminalis L.,,Plantae,Tracheophyta,Magnoliopsida,Malpighiales,Salicaceae,species,ACCEPTED,,terrestrial,CL,present,alien,Salix viminalis,False,5372933,EXACT,99,Salix viminalis L.
2586,2586,"Salmo salar Linnaeus, 1758",,Animalia,Chordata,Actinopterygii,Salmoniformes,Salmonidae,species,ACCEPTED,,freshwater|brackish|marine,CL,present,alien,Salmo salar,False,7595433,EXACT,100,"Salmo salar Linnaeus, 1758"
2587,2587,"Salmo trutta Linnaeus, 1758",,Animalia,Chordata,Actinopterygii,Salmoniformes,Salmonidae,species,ACCEPTED,invasive,freshwater|brackish|marine,CL,present,alien,Salmo trutta,True,8215487,EXACT,100,"Salmo trutta Linnaeus, 1758"
2588,2588,Salsola kali L.,,Plantae,Tracheophyta,Magnoliopsida,Caryophyllales,Chenopodiaceae,species,ACCEPTED,,terrestrial,CL,present,alien,Salsola kali,False,3083957,EXACT,100,Salsola kali L.
2589,2589,"Salvelinus fontinalis (Mitchill, 1814)",,Animalia,Chordata,Actinopterygii,Salmoniformes,Salmonidae,species,ACCEPTED,,freshwater|brackish|marine,CL,present,alien,Salvelinus fontinalis,False,2351271,EXACT,100,"Salvelinus fontinalis (Mitchill, 1814)"
2590,2590,"Salvelinus namaycush (Walbaum, 1792)",,Animalia,Chordata,Actinopterygii,Salmoniformes,Salmonidae,species,ACCEPTED,,freshwater|brackish|marine,CL,present,alien,Salvelinus namaycush,False,2351327,EXACT,100,"Salvelinus namaycush (Walbaum, 1792)"
2591,2591,Salvia guaranitica Dusén,,Plantae,Tracheophyta,Magnoliopsida,Lamiales,Lamiaceae,species,ACCEPTED,,terrestrial,CL,present,alien,Salvia guaranitica,False,7486599,EXACT,99,Salvia guaranitica A.St.-Hil. ex Benth.
2592,2592,Salvia verbenaca L.,,Plantae,Tracheophyta,Magnoliopsida,Lamiales,Lamiaceae,species,ACCEPTED,,terrestrial,CL,present,alien,Salvia verbenaca,False,6409706,EXACT,100,Salvia verbenaca L.
2593,2593,Salvinia auriculata Aubl.,,Plantae,Pteridophyta,Polypodiopsida,Salviniales,Salviniaceae,species,ACCEPTED,,freshwater,CL,present,alien,Salvinia auriculata,False,5274861,EXACT,100,Salvinia auriculata Aubl.
2594,2594,Sambucus nigra L.,,Plantae,Tracheophyta,Magnoliopsida,Dipsacales,Adoxaceae,species,ACCEPTED,,terrestrial,CL,present,alien,Sambucus nigra,False,2888728,EXACT,99,Sambucus nigra L.
2595,2595,Samolus valerandi Linnaeus,,Plantae,Tracheophyta,Magnoliopsida,Ericales,Primulaceae,species,ACCEPTED,,terrestrial,CL,present,alien,Samolus valerandi,False,3169313,EXACT,100,Samolus valerandi L.
2596,2596,Sanguisorba minor,,Plantae,Tracheophyta,Magnoliopsida,Rosales,Rosaceae,species,ACCEPTED,,terrestrial,CL,present,alien,Sanguisorba minor,False,5364245,EXACT,99,Sanguisorba minor Scop.
2597,2597,Sapindus saponaria L.,,Plantae,Tracheophyta,Magnoliopsida,Sapindales,Sapindaceae,species,ACCEPTED,,terrestrial,CL,present,alien,Sapindus saponaria,False,8017915,EXACT,99,Sapindus saponaria L.
2598,2598,Saponaria officinalis L.,,Plantae,Tracheophyta,Magnoliopsida,Caryophyllales,Caryophyllaceae,species,ACCEPTED,,terrestrial,CL,present,alien,Saponaria officinalis,False,3085360,EXACT,100,Saponaria officinalis L.
2599,2599,Sarcocornia fruticosa (L.) A. J. Scott,,Plantae,Tracheophyta,Magnoliopsida,Caryophyllales,Chenopodiaceae,species,ACCEPTED,,terrestrial,CL,present,alien,Sarcocornia fruticosa,False,5567884,EXACT,100,Sarcocornia fruticosa (L.) A.J.Scott
2600,2600,Saxifraga umbrosa L.,,Plantae,Tracheophyta,Magnoliopsida,Saxifragales,Saxifragaceae,species,ACCEPTED,,terrestrial,CL,present,alien,Saxifraga umbrosa,False,3032812,EXACT,100,Saxifraga umbrosa L.
2601,2601,Scabiosa atropurpurea L.,Sixalix atropurpurea (L.) Greuter & Burdet,Plantae,Tracheophyta,Magnoliopsida,Dipsacales,Dipsacaceae,species,SYNONYM,,terrestrial,CL,present,alien,Scabiosa atropurpurea,False,7301010,EXACT,100,Scabiosa atropurpurea L.
2602,2602,Scandix pecten-veneris L.,,Plantae,Tracheophyta,Magnoliopsida,Apiales,Apiaceae,species,ACCEPTED,,terrestrial,CL,present,alien,Scandix pecten-veneris,False,3034233,EXACT,100,Scandix pecten-veneris L.
2604,2604,Schismus arabicus Nees,,Plantae,Tracheophyta,Liliopsida,Poales,Poaceae,species,ACCEPTED,,terrestrial,CL,present,alien,Schismus arabicus,False,2704340,EXACT,100,Schismus arabicus Nees
2605,2605,Schismus barbatus (L.) Thell.,,Plantae,Tracheophyta,Liliopsida,Poales,Poaceae,species,ACCEPTED,,terrestrial,CL,present,alien,Schismus barbatus,False,2704341,EXACT,99,Schismus barbatus (L.) Thell.
2606,2606,Schizachyrium sanguineum (Retz.) Alston,,Plantae,Tracheophyta,Liliopsida,Poales,Poaceae,species,ACCEPTED,,terrestrial,CL,present,alien,Schizachyrium sanguineum,False,2704446,EXACT,100,Schizachyrium sanguineum (Retz.) Alston
2607,2607,Schizachyrium scoparium (Michx.) Nash,,Plantae,Tracheophyta,Liliopsida,Poales,Poaceae,species,ACCEPTED,,terrestrial,CL,present,alien,Schizachyrium scoparium,False,2704432,EXACT,100,Schizachyrium scoparium (Michx.) Nash
2608,2608,Schoenoplectus mucronatus (L.) Palla,Schoenoplectiella mucronata (L.) J.Jung & H.K.Choi,Plantae,Tracheophyta,Liliopsida,Poales,Cyperaceae,species,SYNONYM,,terrestrial|freshwater,CL,present,alien,Schoenoplectus mucronatus,False,5827389,EXACT,99,Schoenoplectus mucronatus (L.) Palla
2609,2609,Scirpus californicus Britton,,Plantae,Tracheophyta,Liliopsida,Poales,Cyperaceae,species,ACCEPTED,,terrestrial|freshwater,CL,present,alien,Scirpus californicus,False,7403308,EXACT,99,"Scirpus californicus Britton, 1892"
2610,2610,Scleranthus annuus L.,,Plantae,Tracheophyta,Magnoliopsida,Caryophyllales,Caryophyllaceae,species,ACCEPTED,,terrestrial,CL,present,alien,Scleranthus annuus,False,3085894,EXACT,100,Scleranthus annuus L.
2611,2611,Scolymus hispanicus L.,,Plantae,Tracheophyta,Magnoliopsida,Asterales,Asteraceae,species,DOUBTFUL,,terrestrial,CL,present,alien,Scolymus hispanicus,False,5403742,EXACT,100,Scolymus hispanicus L.
2612,2612,Scrophularia auriculata L.,,Plantae,Tracheophyta,Magnoliopsida,Lamiales,Scrophulariaceae,species,ACCEPTED,,terrestrial,CL,present,alien,Scrophularia auriculata,False,3170875,EXACT,99,Scrophularia auriculata L.
2613,2613,Sedum acre L.,,Plantae,Tracheophyta,Magnoliopsida,Saxifragales,Crassulaceae,species,ACCEPTED,,terrestrial,CL,present,alien,Sedum acre,False,5362007,EXACT,99,Sedum acre L.
2614,2614,Selaginella apoda (L.) Spring,,Plantae,Lycopodiophyta,Lycopodiopsida,Selaginellales,Selaginellaceae,species,ACCEPTED,,terrestrial|freshwater,CL,present,alien,Selaginella apoda,False,2688214,EXACT,99,Selaginella apoda (L.) Spring
2615,2615,Senecio angulatus L.f.,,Plantae,Tracheophyta,Magnoliopsida,Asterales,Asteraceae,species,DOUBTFUL,,terrestrial,CL,present,alien,Senecio angulatus,False,4933568,EXACT,99,Senecio angulatus L.fil.
2616,2616,Senecio aquaticus,,Plantae,Tracheophyta,Magnoliopsida,Asterales,Asteraceae,species,ACCEPTED,,terrestrial,CL,present,alien,Senecio aquaticus,False,7908427,EXACT,99,"Senecio aquaticus Loisel., 1807"
2618,2618,Senecio mikanioides Otto ex Harv.,Delairea odorata Lam.,Plantae,Tracheophyta,Magnoliopsida,Asterales,Asteraceae,species,HETEROTYPIC_SYNONYM,,terrestrial,CL,present,alien,Senecio mikanioides,False,3108757,EXACT,99,Senecio mikanioides Otto
2619,2619,Senecio sylvaticus Nestl.,Senecio sylvaticus Nestl.,Plantae,Tracheophyta,Magnoliopsida,Asterales,Asteraceae,species,HOMOTYPIC_SYNONYM,,terrestrial,CL,present,alien,Senecio sylvaticus,False,3107987,EXACT,99,Senecio sylvaticus L.
2620,2620,Senecio vulgaris L.,,Plantae,Tracheophyta,Magnoliopsida,Asterales,Asteraceae,species,DOUBTFUL,,terrestrial,CL,present,alien,Senecio vulgaris,False,3108983,EXACT,100,Senecio vulgaris L.
2621,2621,Senna septemtrionalis (Viv.) H.S.Irwin & Barneby,,Plantae,Tracheophyta,Magnoliopsida,Fabales,Fabaceae,species,ACCEPTED,,terrestrial,CL,present,alien,Senna septemtrionalis,False,2957529,EXACT,100,Senna septemtrionalis (Viv.) H.S.Irwin & Barneby
2622,2622,Seseli libanotis (L.) Koch,Libanotis pyrenaica (L.) O.Schwarz,Plantae,Tracheophyta,Magnoliopsida,Apiales,Apiaceae,species,SYNONYM,,terrestrial,CL,present,alien,Seseli libanotis,False,3034133,EXACT,100,Seseli libanotis (L.) W.D.J.Koch
2623,2623,Sesuvium portulacastrum (L.) L.,,Plantae,Tracheophyta,Magnoliopsida,Caryophyllales,Aizoaceae,species,ACCEPTED,,terrestrial,CL,present,alien,Sesuvium portulacastrum,False,3084883,EXACT,100,Sesuvium portulacastrum (L.) L.
2624,2624,Setaria adhaerens (Forssk.) Chiov.,Setaria verticillata (L.) P.Beauv.,Plantae,Tracheophyta,Liliopsida,Poales,Poaceae,species,SYNONYM,invasive,terrestrial,CL,present,alien,Setaria adhaerens,True,5289670,EXACT,100,Setaria adhaerens (Forssk.) Chiov.
2625,2625,Setaria glauca Kunth,,Plantae,Tracheophyta,Liliopsida,Poales,Poaceae,species,ACCEPTED,,terrestrial,CL,present,alien,Setaria glauca,False,7551033,EXACT,99,"Setaria glauca Kunth, 1816"
2626,2626,Setaria parviflora (Poir.) M.Kerguelen,,Plantae,Tracheophyta,Liliopsida,Poales,Poaceae,species,ACCEPTED,,terrestrial,CL,present,alien,Setaria parviflora,False,5289679,EXACT,100,Setaria parviflora (Poir.) Kerguélen
2627,2627,Setaria pumila (Poir.) Roem. & Schult.,Setaria helvola (L.f.) Roem. & Schult.,Plantae,Tracheophyta,Liliopsida,Poales,Poaceae,species,SYNONYM,,terrestrial,CL,present,alien,Setaria pumila,False,5289693,EXACT,100,Setaria pumila (Poir.) Roem. & Schult.
2628,2628,Setaria viridis (L.) P.Beauv.,,Plantae,Tracheophyta,Liliopsida,Poales,Poaceae,species,ACCEPTED,,terrestrial,CL,present,alien,Setaria viridis,False,5289684,EXACT,99,Setaria viridis (L.) P.Beauv.
2629,2629,Sherardia arvensis L.,,Plantae,Tracheophyta,Magnoliopsida,Gentianales,Rubiaceae,species,ACCEPTED,,terrestrial,CL,present,alien,Sherardia arvensis,False,5339050,EXACT,100,Sherardia arvensis L.
2630,2630,Sida rhombifolia L.,,Plantae,Tracheophyta,Magnoliopsida,Malvales,Malvaceae,species,ACCEPTED,,terrestrial,CL,present,alien,Sida rhombifolia,False,5406735,EXACT,100,Sida rhombifolia L.
2631,2631,Sida spinosa L.,,Plantae,Tracheophyta,Magnoliopsida,Malvales,Malvaceae,species,ACCEPTED,,terrestrial,CL,present,alien,Sida spinosa,False,5406741,EXACT,99,Sida spinosa L.
2632,2632,Sigesbeckia jorullensis Kunth,,Plantae,Tracheophyta,Magnoliopsida,Asterales,Asteraceae,species,DOUBTFUL,,terrestrial,CL,present,alien,Sigesbeckia jorullensis,False,3125893,EXACT,100,Sigesbeckia jorullensis Kunth
2634,2634,Silene gallica L.,,Plantae,Tracheophyta,Magnoliopsida,Caryophyllales,Caryophyllaceae,species,ACCEPTED,,terrestrial,CL,present,alien,Silene gallica,False,5384848,EXACT,99,Silene gallica L.
2635,2635,Silene vulgaris (Moench) Garcke,,Plantae,Tracheophyta,Magnoliopsida,Caryophyllales,Caryophyllaceae,species,ACCEPTED,,terrestrial,CL,present,alien,Silene vulgaris,False,9172281,EXACT,100,Silene vulgaris (Moench) Garcke
2636,2636,Silybum marianum (L.) Gaertn.,,Plantae,Tracheophyta,Magnoliopsida,Asterales,Asteraceae,species,DOUBTFUL,,terrestrial,CL,present,alien,Silybum marianum,False,3145214,EXACT,100,Silybum marianum (L.) Gaertn.
2637,2637,"Sirex noctilio Fabricius, 1773",,Animalia,Arthropoda,Insecta,Hymenoptera,Siricidae,species,ACCEPTED,invasive,terrestrial,CL,present,alien,Sirex noctilio,True,4492199,EXACT,100,"Sirex noctilio Fabricius, 1773"
2638,2638,Sisymbrium altissimum L.,,Plantae,Tracheophyta,Magnoliopsida,Brassicales,Brassicaceae,species,ACCEPTED,,terrestrial,CL,present,alien,Sisymbrium altissimum,False,3046736,EXACT,99,Sisymbrium altissimum L.
2639,2639,Sisymbrium austriacum Jacq.,,Plantae,Tracheophyta,Magnoliopsida,Brassicales,Brassicaceae,species,ACCEPTED,,terrestrial,CL,present,alien,Sisymbrium austriacum,False,3046913,EXACT,100,Sisymbrium austriacum Jacq.
2640,2640,Sisymbrium irio L.,,Plantae,Tracheophyta,Magnoliopsida,Brassicales,Brassicaceae,species,ACCEPTED,,terrestrial,CL,present,alien,Sisymbrium irio,False,3046851,EXACT,99,Sisymbrium irio L.
2641,2641,Sisymbrium officinale (L.) Scop.,,Plantae,Tracheophyta,Magnoliopsida,Brassicales,Brassicaceae,species,ACCEPTED,,terrestrial,CL,present,alien,Sisymbrium officinale,False,3046890,EXACT,100,Sisymbrium officinale (L.) Scop.
2642,2642,Sisymbrium orientale L.,,Plantae,Tracheophyta,Magnoliopsida,Brassicales,Brassicaceae,species,ACCEPTED,,terrestrial,CL,present,alien,Sisymbrium orientale,False,3046812,EXACT,100,Sisymbrium orientale L.
2643,2643,Sium latifolium L.,,Plantae,Tracheophyta,Magnoliopsida,Apiales,Apiaceae,species,ACCEPTED,,terrestrial,CL,present,alien,Sium latifolium,False,3034530,EXACT,99,Sium latifolium L.
2644,2644,Smallanthus connatus (Spreng.) H.Rob.,,Plantae,Tracheophyta,Magnoliopsida,Asterales,Asteraceae,species,DOUBTFUL,,terrestrial,CL,present,alien,Smallanthus connatus,False,3145292,EXACT,100,Smallanthus connatus (Spreng.) H.Rob.
2645,2645,Solanum marginatum L.f.,,Plantae,Tracheophyta,Magnoliopsida,Solanales,Solanaceae,species,ACCEPTED,,terrestrial,CL,present,alien,Solanum marginatum,False,7538163,EXACT,100,Solanum marginatum L.fil.
2646,2646,Solanum nigrum L.,,Plantae,Tracheophyta,Magnoliopsida,Solanales,Solanaceae,species,ACCEPTED,,terrestrial,CL,present,alien,Solanum nigrum,False,9150405,EXACT,99,Solanum nigrum L.
2647,2647,Solanum pseudocapsicum L.,,Plantae,Tracheophyta,Magnoliopsida,Solanales,Solanaceae,species,ACCEPTED,,terrestrial,CL,present,alien,Solanum pseudocapsicum,False,2931104,EXACT,100,Solanum pseudocapsicum L.
2648,2648,Solanum radicans L.f.,,Plantae,Tracheophyta,Magnoliopsida,Solanales,Solanaceae,species,ACCEPTED,,terrestrial,CL,present,alien,Solanum radicans,False,4937445,EXACT,99,Solanum radicans L.fil.
2649,2649,Solanum sisymbriifolium Lam.,,Plantae,Tracheophyta,Magnoliopsida,Solanales,Solanaceae,species,ACCEPTED,,terrestrial,CL,present,alien,Solanum sisymbriifolium,False,2932184,EXACT,100,Solanum sisymbriifolium Lam.
2650,2650,Soleirolia soleirolii (Req.) Dandy,,Plantae,Tracheophyta,Magnoliopsida,Rosales,Rosaceae,species,ACCEPTED,,terrestrial,CL,present,alien,Soleirolia soleirolii,False,2984366,EXACT,100,Soleirolia soleirolii (Req.) Dandy
2651,2651,"Solenopsis geminata (Fabricius, 1804)",,Animalia,Arthropoda,Insecta,Hymenoptera,Formicidae,species,ACCEPTED,,terrestrial,CL,present,alien,Solenopsis geminata,False,5035187,EXACT,100,"Solenopsis geminata (Fabricius, 1804)"
2652,2652,Sonchus arvensis L.,,Plantae,Tracheophyta,Magnoliopsida,Asterales,Asteraceae,species,DOUBTFUL,,terrestrial,CL,present,alien,Sonchus arvensis,False,3105813,EXACT,100,Sonchus arvensis L.
2653,2653,Sonchus asper sp. in All.,,Plantae,Tracheophyta,Magnoliopsida,Asterales,Asteraceae,species,ACCEPTED,,terrestrial,CL,present,alien,Sonchus asper,False,3105782,EXACT,99,Sonchus asper (L.) Hill
2654,2654,Sonchus tenerrimus Schur,Sonchus oleraceus Wall.,Plantae,Tracheophyta,Magnoliopsida,Asterales,Asteraceae,species,SYNONYM,,terrestrial,CL,present,alien,Sonchus tenerrimus,False,3105768,EXACT,99,Sonchus tenerrimus L.
2655,2655,Sorghum halepense (L.) Pers.,,Plantae,Tracheophyta,Liliopsida,Poales,Poaceae,species,ACCEPTED,invasive,terrestrial,CL,present,alien,Sorghum halepense,True,2705185,EXACT,100,Sorghum halepense (L.) Pers.
2656,2656,Spartium junceum L.,,Plantae,Tracheophyta,Magnoliopsida,Fabales,Fabaceae,species,ACCEPTED,,terrestrial,CL,present,alien,Spartium junceum,False,5355395,EXACT,100,Spartium junceum L.
2657,2657,Spergula arvensis L.,,Plantae,Tracheophyta,Magnoliopsida,Caryophyllales,Caryophyllaceae,species,ACCEPTED,,terrestrial,CL,present,alien,Spergula arvensis,False,3085810,EXACT,100,Spergula arvensis L.
2658,2658,Spergularia bocconei (Scheele) Graebner,,Plantae,Tracheophyta,Magnoliopsida,Caryophyllales,Chenopodiaceae,species,ACCEPTED,,terrestrial,CL,present,alien,Spergularia bocconei,False,8096233,EXACT,99,Spergularia bocconei (Scheele) Graebn.
2659,2659,Spergularia marina (L.) Griseb.,Spergularia salina J. Presl & C. Presl,Plantae,Tracheophyta,Magnoliopsida,Caryophyllales,Caryophyllaceae,species,HETEROTYPIC_SYNONYM,,terrestrial,CL,present,alien,Spergularia marina,False,7736551,EXACT,99,Spergularia marina (L.) Besser
2660,2660,Spergularia media (L.) C. Presl,,Plantae,Tracheophyta,Magnoliopsida,Caryophyllales,Caryophyllaceae,species,ACCEPTED,,terrestrial,CL,present,alien,Spergularia media,False,7570897,EXACT,99,Spergularia media (L.) C.Presl
2661,2661,Spergularia rubra (L.) J. Presl & C. Presl,,Plantae,Tracheophyta,Magnoliopsida,Caryophyllales,Caryophyllaceae,species,ACCEPTED,,terrestrial,CL,present,alien,Spergularia rubra,False,3085633,EXACT,100,Spergularia rubra (L.) J.Presl & C.Presl
2662,2662,Sporobolus indicus (L.) R.Br.,,Plantae,Tracheophyta,Liliopsida,Poales,Poaceae,species,ACCEPTED,,terrestrial,CL,present,alien,Sporobolus indicus,False,2704757,EXACT,100,Sporobolus indicus (L.) R.Br.
2663,2663,Sporobolus virginicus (L.) Kunth,,Plantae,Tracheophyta,Liliopsida,Poales,Poaceae,species,ACCEPTED,,terrestrial,CL,present,alien,Sporobolus virginicus,False,2704745,EXACT,99,Sporobolus virginicus (L.) Kunth
2664,2664,Stachys arvensis (L.) L.,,Plantae,Tracheophyta,Magnoliopsida,Lamiales,Lamiaceae,species,ACCEPTED,,terrestrial,CL,present,alien,Stachys arvensis,False,2927229,EXACT,99,Stachys arvensis (L.) L.
2665,2665,Stellaria alsine Grimm,,Plantae,Tracheophyta,Magnoliopsida,Caryophyllales,Caryophyllaceae,species,ACCEPTED,,terrestrial,CL,present,alien,Stellaria alsine,False,5384606,EXACT,99,Stellaria alsine Grimm
2666,2666,Stellaria media (L.) Vill.,,Plantae,Tracheophyta,Magnoliopsida,Caryophyllales,Caryophyllaceae,species,ACCEPTED,,terrestrial,CL,present,alien,Stellaria media,False,5384604,EXACT,99,Stellaria media (L.) Vill.
2667,2667,Stellaria pallida,,Plantae,Tracheophyta,Magnoliopsida,Caryophyllales,Caryophyllaceae,species,ACCEPTED,,terrestrial,CL,present,alien,Stellaria pallida,False,8311921,EXACT,99,Stellaria pallida (Dumort.) Crép.
2668,2668,Stenotaphrum secundatum (Walter) Kuntze,,Plantae,Tracheophyta,Liliopsida,Poales,Poaceae,species,ACCEPTED,,terrestrial,CL,present,alien,Stenotaphrum secundatum,False,2702870,EXACT,100,Stenotaphrum secundatum (Walter) Kuntze
2669,2669,"Sus scrofa Linnaeus, 1758",,Animalia,Chordata,Mammalia,Artiodactyla,Suidae,species,ACCEPTED,invasive,terrestrial,CL,present,alien,Sus scrofa,True,7705930,EXACT,100,"Sus scrofa Linnaeus, 1758"
2670,2670,Taeniatherum caput-medusae (L.) Nevski,,Plantae,Tracheophyta,Liliopsida,Poales,Poaceae,species,ACCEPTED,,terrestrial,CL,present,alien,Taeniatherum caput-medusae,False,2705666,EXACT,100,Taeniatherum caput-medusae (L.) Nevski
2671,2671,Tanacetum parthenium (Linnaeus) Schultz-Bipontinus,,Plantae,Tracheophyta,Magnoliopsida,Asterales,Asteraceae,species,ACCEPTED,,terrestrial,CL,present,alien,Tanacetum parthenium,False,3118430,EXACT,100,Tanacetum parthenium (L.) Sch.Bip.
2672,2672,Tanacetum vulgare L.,Chrysanthemum vulgare (Lam.) Gaterau,Plantae,Tracheophyta,Magnoliopsida,Asterales,Asteraceae,species,SYNONYM,,terrestrial,CL,present,alien,Tanacetum vulgare,False,3118274,EXACT,100,Tanacetum vulgare L.
2673,2673,Taraxacum officinale Weber,,Plantae,Tracheophyta,Magnoliopsida,Asterales,Asteraceae,species,ACCEPTED,invasive,terrestrial,CL,present,alien,Taraxacum officinale,True,5394163,EXACT,99,Taraxacum officinale Weber ex F.H.Wigg.
2674,2674,Teesdalia nudicaulis (L.) W.T. Aiton,,Plantae,Tracheophyta,Magnoliopsida,Brassicales,Brassicaceae,species,ACCEPTED,,terrestrial,CL,present,alien,Teesdalia nudicaulis,False,3054168,EXACT,99,Teesdalia nudicaulis (L.) W.T.Aiton
2675,2675,Teline monspessulana (L.) K.Koch,Genista monspessulana (L.) L.A.S.Johnson,Plantae,Tracheophyta,Magnoliopsida,Fabales,Fabaceae,species,SYNONYM,invasive,terrestrial,CL,present,alien,Teline monspessulana,True,5347796,EXACT,100,Teline monspessulana (L.) K.Koch
2676,2676,Tetragonia tetragonoides (Pallas) O. Kuntze,,Plantae,Tracheophyta,Magnoliopsida,Caryophyllales,Aizoaceae,species,ACCEPTED,,terrestrial,CL,present,alien,Tetragonia tetragonoides,False,5554574,EXACT,100,Tetragonia tetragonoides (Pall.) Kuntze
2677,2677,"Tetramorium bicarinatum (Nylander, 1846)",,Animalia,Arthropoda,Insecta,Hymenoptera,Formicidae,species,ACCEPTED,,terrestrial,CL,present,alien,Tetramorium bicarinatum,False,1323402,EXACT,100,"Tetramorium bicarinatum (Nylander, 1846)"
2678,2678,Thlaspi arvense L.,Sinapis arvensis L.,Plantae,Tracheophyta,Magnoliopsida,Brassicales,Brassicaceae,species,SYNONYM,,terrestrial,CL,present,alien,Thlaspi arvense,False,3052680,EXACT,100,Thlaspi arvense L.
2679,2679,"Tinca tinca (Linnaeus, 1758)",,Animalia,Chordata,Actinopterygii,Cypriniformes,Cyprinidae,species,ACCEPTED,,freshwater|brackish,CL,present,alien,Tinca tinca,False,2362524,EXACT,100,"Tinca tinca (Linnaeus, 1758)"
2680,2680,Tolpis barbata Bertol.,,Plantae,Tracheophyta,Magnoliopsida,Asterales,Asteraceae,species,ACCEPTED,,terrestrial,CL,present,alien,Tolpis barbata,False,3097166,EXACT,99,Tolpis barbata (L.) Gaertn.
2681,2681,Torilis arvensis (Huds.) Link,,Plantae,Tracheophyta,Magnoliopsida,Apiales,Apiaceae,species,ACCEPTED,,terrestrial,CL,present,alien,Torilis arvensis,False,3034823,EXACT,100,Torilis arvensis (Huds.) Link
2682,2682,Torilis nodosa,,Plantae,Tracheophyta,Magnoliopsida,Apiales,Apiaceae,species,ACCEPTED,,terrestrial,CL,present,alien,Torilis nodosa,False,3034819,EXACT,99,Torilis nodosa (L.) Gaertn.
2683,2683,"Trachemys scripta Schoepff, 1792",,Animalia,Chordata,Reptilia,Testudines,Emydidae,species,ACCEPTED,,terrestrial|freshwater,CL,present,alien,Trachemys scripta,False,2443002,EXACT,100,"Trachemys scripta (Thunberg In Schoepff, 1792)"
2684,2684,Tradescantia fluminensis Vell.,,Plantae,Tracheophyta,Liliopsida,Commelinales,Commelinaceae,species,ACCEPTED,,terrestrial,CL,present,alien,Tradescantia fluminensis,False,2765156,EXACT,99,Tradescantia fluminensis Vell.
2685,2685,Tragopogon porrifolius Pall.,Tragopogon porrifolius Pall.,Plantae,Tracheophyta,Magnoliopsida,Asterales,Asteraceae,species,HOMOTYPIC_SYNONYM,,terrestrial,CL,present,alien,Tragopogon porrifolius,False,5386938,EXACT,99,Tragopogon porrifolius L.
2686,2686,Tribulus terrestris L.,,Plantae,Tracheophyta,Magnoliopsida,Zygophyllales,Zygophyllaceae,species,ACCEPTED,invasive,terrestrial,CL,present,alien,Tribulus terrestris,True,5421116,EXACT,99,Tribulus terrestris L.
2687,2687,Trifolium angustifolium L.,,Plantae,Tracheophyta,Magnoliopsida,Fabales,Fabaceae,species,ACCEPTED,,terrestrial,CL,present,alien,Trifolium angustifolium,False,5359395,EXACT,99,Trifolium angustifolium L.
2688,2688,Trifolium arvense L.,,Plantae,Tracheophyta,Magnoliopsida,Fabales,Fabaceae,species,ACCEPTED,,terrestrial,CL,present,alien,Trifolium arvense,False,5359246,EXACT,99,Trifolium arvense L.
2689,2689,Trifolium aureum Pollich,,Plantae,Tracheophyta,Magnoliopsida,Fabales,Fabaceae,species,ACCEPTED,,terrestrial,CL,present,alien,Trifolium aureum,False,5359060,EXACT,99,Trifolium aureum Pollich
2690,2690,Trifolium campestre Schreb.,,Plantae,Tracheophyta,Magnoliopsida,Fabales,Fabaceae,species,ACCEPTED,,terrestrial,CL,present,alien,Trifolium campestre,False,5359477,EXACT,99,Trifolium campestre Schreb.
2691,2691,Trifolium dubium Sibth.,,Plantae,Tracheophyta,Liliopsida,Fabales,Fabaceae,species,ACCEPTED,,terrestrial,CL,present,alien,Trifolium dubium,False,5359429,EXACT,100,Trifolium dubium Sibth.
2692,2692,Trifolium fragiferum L.,,Plantae,Tracheophyta,Magnoliopsida,Fabales,Fabaceae,species,ACCEPTED,,terrestrial,CL,present,alien,Trifolium fragiferum,False,5358935,EXACT,100,Trifolium fragiferum L.
2693,2693,Trifolium glomeratum L.,,Plantae,Tracheophyta,Magnoliopsida,Fabales,Fabaceae,species,ACCEPTED,,terrestrial,CL,present,alien,Trifolium glomeratum,False,5358694,EXACT,100,Trifolium glomeratum L.
2694,2694,Trifolium hybridum L.,,Plantae,Tracheophyta,Magnoliopsida,Fabales,Fabaceae,species,ACCEPTED,,terrestrial,CL,present,alien,Trifolium hybridum,False,6109535,EXACT,99,Trifolium hybridum L.
2695,2695,Trifolium incarnatum L.,,Plantae,Tracheophyta,Magnoliopsida,Fabales,Fabaceae,species,ACCEPTED,,terrestrial,CL,present,alien,Trifolium incarnatum,False,5359378,EXACT,99,Trifolium incarnatum L.
2696,2696,Trifolium pratense L.,,Plantae,Tracheophyta,Liliopsida,Fabales,Fabaceae,species,ACCEPTED,,terrestrial,CL,present,alien,Trifolium pratense,False,8324121,EXACT,100,Trifolium pratense L.
2697,2697,Trifolium repens L.,,Plantae,Tracheophyta,Magnoliopsida,Fabales,Fabaceae,species,ACCEPTED,,terrestrial,CL,present,alien,Trifolium repens,False,5358748,EXACT,99,Trifolium repens L.
2698,2698,Trifolium spadiceum L.,,Plantae,Tracheophyta,Magnoliopsida,Fabales,Fabaceae,species,ACCEPTED,,terrestrial,CL,present,alien,Trifolium spadiceum,False,5358902,EXACT,99,Trifolium spadiceum L.
2699,2699,Trifolium striatum L.,,Plantae,Tracheophyta,Magnoliopsida,Fabales,Fabaceae,species,ACCEPTED,,terrestrial,CL,present,alien,Trifolium striatum,False,5358683,EXACT,100,Trifolium striatum L.
2700,2700,Trifolium subterraneum L.,,Plantae,Tracheophyta,Magnoliopsida,Fabales,Fabaceae,species,ACCEPTED,,terrestrial,CL,present,alien,Trifolium subterraneum,False,5359330,EXACT,100,Trifolium subterraneum L.
2701,2701,Trifolium suffocatum L.,,Plantae,Tracheophyta,Magnoliopsida,Fabales,Fabaceae,species,ACCEPTED,,terrestrial,CL,present,alien,Trifolium suffocatum,False,5359099,EXACT,100,Trifolium suffocatum L.
2702,2702,Trifolium tomentosum L.,,Plantae,Tracheophyta,Magnoliopsida,Fabales,Fabaceae,species,ACCEPTED,,terrestrial,CL,present,alien,Trifolium tomentosum,False,5359510,EXACT,99,Trifolium tomentosum L.
2703,2703,Trigonella monspeliaca L.,Medicago monspeliaca (L.) Trautv.,Plantae,Tracheophyta,Magnoliopsida,Fabales,Fabaceae,species,SYNONYM,,terrestrial,CL,present,alien,Trigonella monspeliaca,False,2965434,EXACT,100,Trigonella monspeliaca L.
2704,2704,Tripleurospermum perforatum (Mérat) Wagenitz,Tripleurospermum inodorum (Linnaeus) Schultz-Bipontinus,Plantae,Tracheophyta,Magnoliopsida,Asterales,Asteraceae,species,HETEROTYPIC_SYNONYM,,terrestrial,CL,present,alien,Tripleurospermum perforatum,False,3104179,EXACT,99,Tripleurospermum perforatum (Mérat) Wagenitz
2705,2705,Trisetum flavescens (L.) P.Beauv.,,Plantae,Tracheophyta,Liliopsida,Poales,Poaceae,species,ACCEPTED,,terrestrial,CL,present,alien,Trisetum flavescens,False,2704389,EXACT,99,Trisetum flavescens (L.) P.Beauv.
2706,2706,Tropaeolum majus L.,,Plantae,Tracheophyta,Magnoliopsida,Brassicales,Tropaeolaceae,species,ACCEPTED,,terrestrial,CL,present,alien,Tropaeolum majus,False,2889934,EXACT,100,Tropaeolum majus L.
2707,2707,Typha domingensis Pers.,,Plantae,Tracheophyta,Liliopsida,Poales,Typhaceae,species,ACCEPTED,,terrestrial|freshwater|brackish,CL,present,alien,Typha domingensis,False,5289534,EXACT,99,Typha domingensis Pers.
2708,2708,Ulex europaeus L.,,Plantae,Tracheophyta,Magnoliopsida,Fabales,Fabaceae,species,ACCEPTED,invasive,terrestrial,CL,present,alien,Ulex europaeus,True,2951984,EXACT,99,Ulex europaeus L.
2709,2709,Ulmus minor Mill.,,Plantae,Tracheophyta,Magnoliopsida,Rosales,Ulmaceae,species,ACCEPTED,,terrestrial,CL,present,alien,Ulmus minor,False,5361865,EXACT,100,Ulmus minor Mill.
2710,2710,"Undaria pinnatifida (Harvey) Suringar, 1873",,Chromista,Ochrophyta,Phaeophyceae,Laminariales,Alariaceae,species,ACCEPTED,,marine,CL,present,alien,Undaria pinnatifida,False,5422556,EXACT,100,Undaria pinnatifida (Harv.) Suringar
2711,2711,Urospermum picroides (L.) Scop.,Urospermum picroides (L.) Scop.,Plantae,Tracheophyta,Magnoliopsida,Asterales,Asteraceae,species,HOMOTYPIC_SYNONYM,,terrestrial,CL,present,alien,Urospermum picroides,False,3096624,EXACT,99,Urospermum picroides (L.) Scop. ex F.W.Schmidt
2712,2712,Urtica urens L.,,Plantae,Tracheophyta,Magnoliopsida,Rosales,Urticaceae,species,ACCEPTED,,terrestrial,CL,present,alien,Urtica urens,False,5361815,EXACT,99,Urtica urens L.
2713,2713,Valerianella eriocarpa Desv.,,Plantae,Tracheophyta,Magnoliopsida,Dipsacales,Valerianaceae,species,ACCEPTED,,terrestrial,CL,present,alien,Valerianella eriocarpa,False,2888773,EXACT,99,Valerianella eriocarpa Desv.
2714,2714,Valerianella locusta (L.) Laterrade,,Plantae,Tracheophyta,Magnoliopsida,Dipsacales,Valerianaceae,species,ACCEPTED,,terrestrial,CL,present,alien,Valerianella locusta,False,2888778,EXACT,99,Valerianella locusta (L.) Laterr.
2715,2715,Valerianella rimosa Bast.,,Plantae,Tracheophyta,Magnoliopsida,Dipsacales,Valerianaceae,species,ACCEPTED,,terrestrial,CL,present,alien,Valerianella rimosa,False,4095539,EXACT,100,Valerianella rimosa Bastard
2716,2716,"Varroa destructor Anderson & Trueman, 2000",,Animalia,Arthropoda,Arachnida,Mesostigmata,Varroidae,species,ACCEPTED,,host,CL,present,alien,Varroa destructor,False,2188249,EXACT,100,"Varroa destructor Anderson & Trueman, 2000"
2717,2717,Verbascum densiflorum Bertol.,,Plantae,Tracheophyta,Magnoliopsida,Lamiales,Scrophulariaceae,species,ACCEPTED,,terrestrial,CL,present,alien,Verbascum densiflorum,False,3171939,EXACT,100,Verbascum densiflorum Bertol.
2718,2718,Verbascum thapsus L.,,Plantae,Tracheophyta,Magnoliopsida,Lamiales,Scrophulariaceae,species,ACCEPTED,invasive,terrestrial,CL,present,alien,Verbascum thapsus,True,3171949,EXACT,99,Verbascum thapsus L.
2719,2719,Verbascum virgatum Stokes,,Plantae,Tracheophyta,Magnoliopsida,Lamiales,Scrophulariaceae,species,ACCEPTED,,terrestrial,CL,present,alien,Verbascum virgatum,False,3171954,EXACT,99,Verbascum virgatum Stokes
2720,2720,Verbena officinalis L.,,Plantae,Tracheophyta,Magnoliopsida,Lamiales,Verbenaceae,species,ACCEPTED,,terrestrial,CL,present,alien,Verbena officinalis,False,2925529,EXACT,100,Verbena officinalis L.
2721,2721,Verbesina encelioides (Cav.) Benth. & Hook.f.,Verbesina encelioides (Cav.) Benth. & Hook.f.,Plantae,Tracheophyta,Magnoliopsida,Asterales,Asteraceae,species,HOMOTYPIC_SYNONYM,,terrestrial,CL,present,alien,Verbesina encelioides,False,3147913,EXACT,99,Verbesina encelioides (Cav.) Benth. & Hook.fil. ex A.Gray
2722,2722,Veronica anagallis-aquatica L.,,Plantae,Tracheophyta,Magnoliopsida,Lamiales,Plantaginaceae,species,ACCEPTED,,terrestrial|freshwater,CL,present,alien,Veronica anagallis-aquatica,False,3172086,EXACT,100,Veronica anagallis-aquatica L.
2723,2723,Veronica arvensis L.,,Plantae,Tracheophyta,Magnoliopsida,Lamiales,Plantaginaceae,species,ACCEPTED,,terrestrial,CL,present,alien,Veronica arvensis,False,3172048,EXACT,99,Veronica arvensis L.
2724,2724,Veronica beccabunga L.,,Plantae,Tracheophyta,Magnoliopsida,Lamiales,Plantaginaceae,species,ACCEPTED,,terrestrial,CL,present,alien,Veronica beccabunga,False,3172062,EXACT,99,Veronica beccabunga L.
2725,2725,Veronica chamaedrys L.,,Plantae,Tracheophyta,Magnoliopsida,Lamiales,Plantaginaceae,species,ACCEPTED,,terrestrial,CL,present,alien,Veronica chamaedrys,False,7874883,EXACT,99,Veronica chamaedrys L.
2726,2726,Veronica officinalis L.,,Plantae,Tracheophyta,Magnoliopsida,Lamiales,Plantaginaceae,species,ACCEPTED,,terrestrial,CL,present,alien,Veronica officinalis,False,3172049,EXACT,100,Veronica officinalis L.
2727,2727,Veronica peregrina subsp. xalapensis (Kunth) Pennell,,Plantae,Tracheophyta,Magnoliopsida,Lamiales,Plantaginaceae,subspecies,ACCEPTED,,terrestrial,CL,present,alien,Veronica peregrina,False,3172104,EXACT,99,Veronica peregrina L.
2728,2728,Veronica persica Poir.,,Plantae,Tracheophyta,Magnoliopsida,Lamiales,Plantaginaceae,species,ACCEPTED,,terrestrial,CL,present,alien,Veronica persica,False,3172077,EXACT,100,Veronica persica Poir.
2729,2729,Veronica scutellata L.,,Plantae,Tracheophyta,Magnoliopsida,Lamiales,Plantaginaceae,species,ACCEPTED,,terrestrial,CL,present,alien,Veronica scutellata,False,3172072,EXACT,100,Veronica scutellata L.
2730,2730,Veronica serpyllifolia L.,,Plantae,Tracheophyta,Magnoliopsida,Lamiales,Plantaginaceae,species,ACCEPTED,,terrestrial,CL,present,alien,Veronica serpyllifolia,False,3172057,EXACT,99,Veronica serpyllifolia L.
2731,2731,"Vespula germanica (Fabricius, 1793)",,Animalia,Arthropoda,Insecta,Hymenoptera,Vespidae,species,ACCEPTED,invasive,terrestrial,CL,present,alien,Vespula germanica,True,1311649,EXACT,100,"Vespula germanica (Fabricius, 1793)"
2732,2732,"Vibrio cholerae Pacini, 1854",,Bacteria,Proteobacteria,Gammaproteobacteria,Vibrionales,Vibrionaceae,species,ACCEPTED,invasive,host,CL,present,alien,Vibrio cholerae,True,3222442,EXACT,100,"Vibrio cholerae Pacini, 1854"
2733,2733,Vicia benghalensis L.,,Plantae,Tracheophyta,Magnoliopsida,Fabales,Fabaceae,species,ACCEPTED,,terrestrial,CL,present,alien,Vicia benghalensis,False,2975384,EXACT,99,Vicia benghalensis L.
2734,2734,Vicia hirsuta (L.) Gray,,Plantae,Tracheophyta,Magnoliopsida,Fabales,Fabaceae,species,ACCEPTED,,terrestrial,CL,present,alien,Vicia hirsuta,False,2975328,EXACT,99,Vicia hirsuta (L.) Gray
2735,2735,Vicia sativa L.,,Plantae,Tracheophyta,Magnoliopsida,Fabales,Fabaceae,species,ACCEPTED,,terrestrial,CL,present,alien,Vicia sativa,False,2975014,EXACT,99,Vicia sativa L.
2737,2737,Vicia tenuissima (M.Bieb.) Schinz & Thell.,Vicia parviflora Cav.,Plantae,Tracheophyta,Magnoliopsida,Fabales,Fabaceae,species,SYNONYM,,terrestrial,CL,present,alien,Vicia tenuissima,False,2975241,EXACT,100,Vicia tenuissima (M.Bieb.) Schinz & Thell.
2738,2738,Vicia tetrasperma (L.) Schreb.,,Plantae,Tracheophyta,Magnoliopsida,Fabales,Fabaceae,species,ACCEPTED,,terrestrial,CL,present,alien,Vicia tetrasperma,False,2975083,EXACT,99,Vicia tetrasperma (L.) Schreb.
2739,2739,Vicia villosa Roth,,Plantae,Tracheophyta,Magnoliopsida,Fabales,Fabaceae,species,ACCEPTED,,terrestrial,CL,present,alien,Vicia villosa,False,9182154,EXACT,99,Vicia villosa Roth
2740,2740,Vinca major L.,,Plantae,Tracheophyta,Magnoliopsida,Gentianales,Apocynaceae,species,ACCEPTED,,terrestrial,CL,present,alien,Vinca major,False,3169708,EXACT,99,Vinca major L.
2741,2741,Viola arvensis Murray,,Plantae,Tracheophyta,Magnoliopsida,Malpighiales,Violaceae,species,ACCEPTED,,terrestrial,CL,present,alien,Viola arvensis,False,5331235,EXACT,100,Viola arvensis Murray
2742,2742,Viola odorata L.,,Plantae,Tracheophyta,Magnoliopsida,Malpighiales,Violaceae,species,ACCEPTED,,terrestrial,CL,present,alien,Viola odorata,False,5331181,EXACT,99,Viola odorata L.
2743,2743,Viola tricolor L.,,Plantae,Tracheophyta,Magnoliopsida,Malpighiales,Violaceae,species,ACCEPTED,,terrestrial,CL,present,alien,Viola tricolor,False,5331347,EXACT,100,Viola tricolor L.
2744,2744,Vulpia bromoides (L.) Gray,,Plantae,Tracheophyta,Liliopsida,Poales,Poaceae,species,ACCEPTED,,terrestrial,CL,present,alien,Vulpia bromoides,False,2702740,EXACT,100,Vulpia bromoides (L.) Gray
2745,2745,Vulpia muralis (Kunth) Nees,,Plantae,Tracheophyta,Liliopsida,Poales,Poaceae,species,ACCEPTED,,terrestrial,CL,present,alien,Vulpia muralis,False,4120026,EXACT,99,Vulpia muralis (Kunth) Nees
2748,2748,Xanthium catharticum Humb. et al.,,Plantae,Tracheophyta,Magnoliopsida,Asterales,Asteraceae,species,ACCEPTED,,terrestrial,CL,present,alien,Xanthium catharticum,False,3089150,EXACT,100,Xanthium catharticum Kunth
2749,2749,Xanthium cavanillesii Schouw,Xanthium orientale,Plantae,Tracheophyta,Magnoliopsida,Asterales,Asteraceae,species,SYNONYM,,terrestrial,CL,present,alien,Xanthium cavanillesii,False,3089146,EXACT,99,Xanthium cavanillesii Schouw
2751,2751,"Xenopus laevis (Daudin, 1802)",,Animalia,Chordata,Amphibia,Anura,Pipidae,species,ACCEPTED,invasive,terrestrial|freshwater,CL,present,alien,Xenopus laevis,True,5217334,EXACT,100,"Xenopus laevis (Daudin, 1802)"
2752,2752,Zannichellia palustris L.,,Plantae,Tracheophyta,Liliopsida,Alismatales,Potamogetonaceae,species,ACCEPTED,,freshwater|marine,CL,present,alien,Zannichellia palustris,False,2756540,EXACT,100,Zannichellia palustris L.
2753,2753,Zantedeschia aethiopica (L.) Spreng.,,Plantae,Tracheophyta,Liliopsida,Alismatales,Araceae,species,ACCEPTED,,terrestrial|freshwater,CL,present,alien,Zantedeschia aethiopica,False,2868827,EXACT,100,Zantedeschia aethiopica (L.) Spreng.
